full_date,year_num,quarter,month_num,month_name,region,state,city,category,sub_category,sales,profit,units,orders
2014-01-03,2014,1,1,January,Central,Texas,Houston,Office Supplies,Paper,16.4480,5.5512,2,1
2014-01-04,2014,1,1,January,Central,Illinois,Naperville,Office Supplies,Binders,3.5400,-5.4870,2,1
2014-01-04,2014,1,1,January,Central,Illinois,Naperville,Office Supplies,Labels,11.7840,4.2717,3,1
2014-01-04,2014,1,1,January,Central,Illinois,Naperville,Office Supplies,Storage,272.7360,-64.7748,3,1
2014-01-05,2014,1,1,January,East,Pennsylvania,Philadelphia,Office Supplies,Art,19.5360,4.8840,3,1
2014-01-06,2014,1,1,January,South,Georgia,Athens,Office Supplies,Art,12.7800,5.2398,3,1
2014-01-06,2014,1,1,January,South,Kentucky,Henderson,Furniture,Chairs,2573.8200,746.4078,9,1
2014-01-06,2014,1,1,January,South,Kentucky,Henderson,Office Supplies,Art,5.4800,1.4796,2,1
2014-01-06,2014,1,1,January,South,Kentucky,Henderson,Office Supplies,Binders,609.9800,274.4910,2,1
2014-01-06,2014,1,1,January,South,Kentucky,Henderson,Office Supplies,Fasteners,31.1200,0.3112,4,1
2014-01-06,2014,1,1,January,South,Kentucky,Henderson,Office Supplies,Paper,6.5400,3.0084,1,1
2014-01-06,2014,1,1,January,South,Kentucky,Henderson,Technology,Phones,1147.9400,317.7834,6,1
2014-01-06,2014,1,1,January,West,California,Los Angeles,Office Supplies,Paper,19.4400,9.3312,3,1
2014-01-07,2014,1,1,January,Central,Texas,Huntsville,Furniture,Furnishings,76.7280,-53.7096,3,1
2014-01-07,2014,1,1,January,Central,Texas,Huntsville,Office Supplies,Binders,10.4300,-18.2525,7,1
2014-01-09,2014,1,1,January,Central,Texas,Laredo,Office Supplies,Art,9.3440,1.1680,2,1
2014-01-09,2014,1,1,January,Central,Texas,Laredo,Technology,Accessories,31.2000,9.7500,3,1
2014-01-10,2014,1,1,January,South,Virginia,Springfield,Furniture,Furnishings,51.9400,21.2954,1,1
2014-01-10,2014,1,1,January,South,Virginia,Springfield,Office Supplies,Labels,2.8900,1.3583,1,1
2014-01-11,2014,1,1,January,East,Delaware,Dover,Furniture,Furnishings,9.9400,3.0814,2,1
2014-01-13,2014,1,1,January,East,Ohio,Newark,Office Supplies,Binders,3.4380,-2.5212,2,1
2014-01-13,2014,1,1,January,East,Ohio,Newark,Office Supplies,Paper,37.4080,13.0928,7,1
2014-01-13,2014,1,1,January,South,Louisiana,Bossier City,Office Supplies,Binders,5.6400,2.7072,3,1
2014-01-13,2014,1,1,January,South,Louisiana,Bossier City,Office Supplies,Envelopes,62.3000,30.8092,5,1
2014-01-13,2014,1,1,January,South,Louisiana,Bossier City,Office Supplies,Storage,572.5800,34.3548,6,1
2014-01-13,2014,1,1,January,South,Louisiana,Bossier City,Technology,Accessories,646.7400,258.6960,6,1
2014-01-13,2014,1,1,January,South,South Carolina,Mount Pleasant,Furniture,Chairs,545.9400,87.3504,6,1
2014-01-13,2014,1,1,January,West,California,San Francisco,Furniture,Bookcases,333.9990,3.9294,3,1
2014-01-13,2014,1,1,January,West,California,San Francisco,Office Supplies,Art,19.9000,6.5670,5,1
2014-01-13,2014,1,1,January,West,California,San Francisco,Office Supplies,Storage,1325.8500,238.6530,5,1
2014-01-14,2014,1,1,January,East,Pennsylvania,Philadelphia,Furniture,Bookcases,61.9600,-53.2856,4,1
2014-01-15,2014,1,1,January,South,Georgia,Roswell,Technology,Accessories,149.9500,65.9780,5,1
2014-01-16,2014,1,1,January,East,Pennsylvania,Philadelphia,Furniture,Furnishings,127.1040,28.5984,6,1
2014-01-16,2014,1,1,January,East,Pennsylvania,Philadelphia,Office Supplies,Binders,18.5880,-13.6312,2,1
2014-01-16,2014,1,1,January,East,Pennsylvania,Philadelphia,Office Supplies,Labels,30.0720,10.1493,3,1
2014-01-16,2014,1,1,January,East,Pennsylvania,Philadelphia,Technology,Phones,124.2000,-31.0500,3,1
2014-01-18,2014,1,1,January,West,Oregon,Springfield,Office Supplies,Appliances,64.8640,6.4864,4,1
2014-01-19,2014,1,1,January,West,Arizona,Scottsdale,Furniture,Bookcases,181.4700,-320.5970,5,1
2014-01-19,2014,1,1,January,West,Arizona,Scottsdale,Office Supplies,Binders,32.3400,-23.7160,10,1
2014-01-19,2014,1,1,January,West,Arizona,Scottsdale,Office Supplies,Envelopes,108.7200,36.6930,5,1
2014-01-19,2014,1,1,January,West,Arizona,Scottsdale,Office Supplies,Paper,56.0640,19.6224,4,1
2014-01-20,2014,1,1,January,Central,Michigan,Westland,Furniture,Furnishings,287.6700,34.8843,6,1
2014-01-20,2014,1,1,January,Central,Michigan,Westland,Office Supplies,Appliances,247.7160,93.5816,4,1
2014-01-20,2014,1,1,January,Central,Michigan,Westland,Office Supplies,Art,43.9200,12.7368,3,1
2014-01-20,2014,1,1,January,Central,Michigan,Westland,Office Supplies,Binders,48.7500,22.3185,10,1
2014-01-20,2014,1,1,January,Central,Michigan,Westland,Office Supplies,Storage,80.5600,20.0334,3,1
2014-01-20,2014,1,1,January,South,Arkansas,Jonesboro,Furniture,Chairs,1067.9400,224.2674,3,1
2014-01-20,2014,1,1,January,South,Arkansas,Jonesboro,Furniture,Furnishings,38.6000,11.5800,4,1
2014-01-20,2014,1,1,January,South,Arkansas,Jonesboro,Office Supplies,Art,29.5900,8.4485,10,1
2014-01-20,2014,1,1,January,South,Arkansas,Jonesboro,Office Supplies,Envelopes,23.3400,10.9698,3,1
2014-01-20,2014,1,1,January,South,Arkansas,Jonesboro,Technology,Phones,699.9300,181.9818,7,1
2014-01-20,2014,1,1,January,South,Tennessee,Smyrna,Office Supplies,Binders,67.1940,-51.5154,1,1
2014-01-20,2014,1,1,January,West,California,Los Angeles,Furniture,Furnishings,19.3000,5.7900,2,1
2014-01-20,2014,1,1,January,West,California,Los Angeles,Office Supplies,Paper,19.3600,9.2928,2,1
2014-01-21,2014,1,1,January,South,Florida,Miami,Furniture,Furnishings,25.2480,4.1028,3,1
2014-01-23,2014,1,1,January,Central,Indiana,Lafayette,Office Supplies,Fasteners,5.9400,0.0000,3,1
2014-01-23,2014,1,1,January,West,Nevada,Las Vegas,Office Supplies,Paper,40.0800,19.2384,6,1
2014-01-26,2014,1,1,January,Central,South Dakota,Rapid City,Furniture,Bookcases,141.9600,39.7488,2,1
2014-01-26,2014,1,1,January,Central,South Dakota,Rapid City,Office Supplies,Binders,10.6800,5.0196,2,1
2014-01-26,2014,1,1,January,South,Virginia,Alexandria,Furniture,Furnishings,75.2400,35.2530,6,1
2014-01-26,2014,1,1,January,South,Virginia,Alexandria,Office Supplies,Paper,36.1200,17.6712,5,1
2014-01-26,2014,1,1,January,South,Virginia,Alexandria,Office Supplies,Storage,489.9200,0.0000,8,1
2014-01-26,2014,1,1,January,South,Virginia,Alexandria,Technology,Phones,343.3300,52.6344,15,1
2014-01-27,2014,1,1,January,West,California,San Diego,Furniture,Tables,333.0000,-16.6500,3,1
2014-01-27,2014,1,1,January,West,California,San Diego,Office Supplies,Art,36.4400,12.0252,4,1
2014-01-27,2014,1,1,January,West,California,San Diego,Office Supplies,Storage,57.2300,14.3075,1,1
2014-01-28,2014,1,1,January,East,New York,New York City,Office Supplies,Binders,3.9280,1.3257,1,1
2014-01-30,2014,1,1,January,Central,Michigan,Detroit,Office Supplies,Paper,10.5600,4.7520,2,1
2014-01-30,2014,1,1,January,Central,Michigan,Detroit,Office Supplies,Storage,229.9400,6.8982,2,1
2014-01-31,2014,1,1,January,West,California,Mission Viejo,Furniture,Bookcases,290.6660,3.4196,2,1
2014-02-01,2014,1,2,February,Central,Wisconsin,Green Bay,Technology,Accessories,468.9000,206.3160,6,1
2014-02-02,2014,1,2,February,South,Florida,Saint Petersburg,Office Supplies,Binders,18.3360,-12.2240,2,1
2014-02-02,2014,1,2,February,South,Florida,Saint Petersburg,Technology,Phones,180.9600,13.5720,5,1
2014-02-02,2014,1,2,February,West,California,San Diego,Office Supplies,Fasteners,12.3500,5.8045,5,1
2014-02-03,2014,1,2,February,West,Washington,Seattle,Office Supplies,Binders,97.1120,31.5614,5,1
2014-02-04,2014,1,2,February,West,California,Escondido,Office Supplies,Binders,17.2480,6.0368,2,1
2014-02-04,2014,1,2,February,West,California,San Diego,Office Supplies,Binders,82.8960,29.0136,3,1
2014-02-04,2014,1,2,February,West,California,San Diego,Office Supplies,Paper,34.2400,16.0928,4,1
2014-02-06,2014,1,2,February,Central,Illinois,Romeoville,Office Supplies,Binders,8.9520,-14.7708,2,1
2014-02-06,2014,1,2,February,South,Virginia,Chesapeake,Office Supplies,Labels,15.0000,7.2000,4,1
2014-02-06,2014,1,2,February,South,Virginia,Chesapeake,Technology,Phones,306.5600,84.0541,6,1
2014-02-07,2014,1,2,February,East,New Jersey,Linden,Technology,Accessories,115.3600,49.6048,7,1
2014-02-07,2014,1,2,February,East,New York,New York City,Office Supplies,Storage,64.9600,9.7440,4,1
2014-02-08,2014,1,2,February,West,Nevada,North Las Vegas,Furniture,Furnishings,14.5600,5.5328,2,1
2014-02-11,2014,1,2,February,Central,Missouri,Columbia,Furniture,Chairs,60.8900,15.2225,1,1
2014-02-11,2014,1,2,February,Central,Missouri,Columbia,Furniture,Furnishings,332.9400,53.2704,3,1
2014-02-11,2014,1,2,February,Central,Missouri,Columbia,Office Supplies,Binders,61.5400,28.8274,5,1
2014-02-11,2014,1,2,February,Central,Missouri,Columbia,Office Supplies,Labels,14.9400,6.8724,3,1
2014-02-11,2014,1,2,February,Central,Missouri,Columbia,Office Supplies,Storage,64.9600,2.5984,2,1
2014-02-11,2014,1,2,February,South,Virginia,Chesapeake,Furniture,Tables,1256.2200,75.3732,6,1
2014-02-11,2014,1,2,February,South,Virginia,Chesapeake,Office Supplies,Binders,17.4600,8.2062,2,1
2014-02-11,2014,1,2,February,South,Virginia,Chesapeake,Technology,Accessories,234.4500,103.1580,3,1
2014-02-12,2014,1,2,February,West,California,Concord,Furniture,Chairs,129.5680,-24.2940,2,1
2014-02-14,2014,1,2,February,Central,Texas,Houston,Office Supplies,Paper,16.1760,6.0660,3,1
2014-02-14,2014,1,2,February,West,Washington,Seattle,Office Supplies,Appliances,81.9600,22.9488,2,1
2014-02-14,2014,1,2,February,West,Washington,Seattle,Office Supplies,Supplies,238.6200,4.7724,2,1
2014-02-14,2014,1,2,February,West,Washington,Seattle,Technology,Accessories,239.9700,86.3892,3,1
2014-02-15,2014,1,2,February,West,Washington,Seattle,Office Supplies,Binders,21.3600,7.2090,5,1
2014-02-16,2014,1,2,February,Central,Texas,Dallas,Office Supplies,Appliances,7.9600,-13.9300,2,1
2014-02-16,2014,1,2,February,Central,Texas,Dallas,Office Supplies,Binders,1.0800,-1.7280,3,1
2014-02-17,2014,1,2,February,Central,Illinois,Chicago,Office Supplies,Art,54.2080,8.8088,14,1
2014-02-18,2014,1,2,February,Central,Texas,Arlington,Office Supplies,Storage,12.6240,-2.5248,2,1
2014-02-18,2014,1,2,February,Central,Texas,Lubbock,Furniture,Furnishings,25.1600,-11.3220,5,1
2014-02-20,2014,1,2,February,Central,Indiana,Richmond,Furniture,Furnishings,20.3200,6.9088,4,1
2014-02-20,2014,1,2,February,Central,Indiana,Richmond,Technology,Accessories,62.3100,22.4316,3,1
2014-02-20,2014,1,2,February,West,California,Los Angeles,Office Supplies,Paper,12.9600,6.2208,2,1
2014-02-21,2014,1,2,February,Central,Illinois,Woodstock,Office Supplies,Binders,8.8500,-13.7175,5,1
2014-02-22,2014,1,2,February,West,California,Moreno Valley,Office Supplies,Paper,19.4400,9.3312,3,1
2014-02-23,2014,1,2,February,Central,Texas,El Paso,Office Supplies,Binders,4.4280,-6.8634,3,1
2014-02-23,2014,1,2,February,Central,Texas,El Paso,Office Supplies,Labels,6.9360,2.3409,3,1
2014-02-24,2014,1,2,February,West,Oregon,Medford,Office Supplies,Paper,55.6720,18.7893,7,1
2014-02-27,2014,1,2,February,East,Ohio,Columbus,Office Supplies,Art,19.4560,3.4048,4,1
2014-03-01,2014,1,3,March,Central,Illinois,Elmhurst,Furniture,Chairs,634.1160,-172.1172,6,1
2014-03-01,2014,1,3,March,Central,Illinois,Elmhurst,Office Supplies,Paper,17.4720,5.6784,3,1
2014-03-01,2014,1,3,March,Central,Texas,El Paso,Furniture,Chairs,362.2500,0.0000,6,1
2014-03-01,2014,1,3,March,Central,Texas,El Paso,Furniture,Furnishings,63.5520,-34.9536,6,1
2014-03-01,2014,1,3,March,Central,Texas,El Paso,Office Supplies,Fasteners,18.8400,-3.5325,5,1
2014-03-01,2014,1,3,March,Central,Texas,El Paso,Office Supplies,Storage,129.5520,-22.6716,3,1
2014-03-01,2014,1,3,March,Central,Texas,Houston,Furniture,Tables,376.5090,-43.0296,3,1
2014-03-01,2014,1,3,March,Central,Texas,Houston,Office Supplies,Storage,137.3520,8.5845,3,1
2014-03-01,2014,1,3,March,East,New York,New York City,Technology,Phones,5.9400,1.6038,3,1
2014-03-01,2014,1,3,March,West,Washington,Seattle,Furniture,Chairs,457.5680,51.4764,2,1
2014-03-02,2014,1,3,March,East,New York,New York City,Office Supplies,Envelopes,11.3600,5.3392,2,1
2014-03-02,2014,1,3,March,East,New York,New York City,Office Supplies,Paper,36.4000,17.4720,5,1
2014-03-02,2014,1,3,March,East,Pennsylvania,Philadelphia,Office Supplies,Paper,3.4240,1.0700,1,1
2014-03-02,2014,1,3,March,East,Pennsylvania,Philadelphia,Technology,Accessories,151.2000,32.1300,3,1
2014-03-03,2014,1,3,March,Central,Texas,Houston,Office Supplies,Appliances,176.7720,-459.6072,3,1
2014-03-03,2014,1,3,March,East,New York,New York City,Office Supplies,Binders,151.0800,50.0505,8,1
2014-03-03,2014,1,3,March,East,New York,New York City,Technology,Phones,9.9900,4.5954,1,1
2014-03-03,2014,1,3,March,East,Ohio,Columbus,Furniture,Bookcases,302.4500,-199.6170,5,1
2014-03-03,2014,1,3,March,East,Ohio,Columbus,Office Supplies,Labels,15.1200,4.9140,3,1
2014-03-03,2014,1,3,March,East,Ohio,Columbus,Office Supplies,Storage,44.6720,-10.0512,8,1
2014-03-03,2014,1,3,March,South,North Carolina,Wilmington,Office Supplies,Art,19.4560,3.4048,4,1
2014-03-03,2014,1,3,March,West,California,San Diego,Furniture,Tables,626.3520,-23.4882,3,1
2014-03-04,2014,1,3,March,South,Florida,Margate,Office Supplies,Art,15.5520,2.3328,3,1
2014-03-04,2014,1,3,March,South,South Carolina,Columbia,Office Supplies,Storage,354.9000,17.7450,5,1
2014-03-05,2014,1,3,March,East,New York,Yonkers,Office Supplies,Art,59.5200,15.4752,3,1
2014-03-05,2014,1,3,March,East,New York,Yonkers,Office Supplies,Binders,49.6320,16.7508,6,1
2014-03-05,2014,1,3,March,East,New York,Yonkers,Office Supplies,Paper,97.8200,45.9754,2,1
2014-03-05,2014,1,3,March,East,New York,Yonkers,Office Supplies,Supplies,18.6200,5.3998,2,1
2014-03-05,2014,1,3,March,East,New York,Yonkers,Technology,Accessories,479.9700,177.5889,3,1
2014-03-07,2014,1,3,March,West,Washington,Des Moines,Office Supplies,Binders,107.6480,33.6400,2,1
2014-03-07,2014,1,3,March,West,Washington,Seattle,Furniture,Chairs,966.9840,81.4917,9,2
2014-03-07,2014,1,3,March,West,Washington,Seattle,Office Supplies,Art,38.5900,14.1634,8,2
2014-03-07,2014,1,3,March,West,Washington,Seattle,Office Supplies,Storage,447.8400,4.8588,8,2
2014-03-10,2014,1,3,March,Central,Michigan,Royal Oak,Office Supplies,Paper,22.3800,10.7424,2,1
2014-03-10,2014,1,3,March,West,Colorado,Denver,Office Supplies,Art,83.1680,9.3564,4,1
2014-03-10,2014,1,3,March,West,Colorado,Denver,Office Supplies,Storage,636.4080,-15.9102,3,1
2014-03-11,2014,1,3,March,East,New York,New York City,Office Supplies,Paper,108.9200,49.0140,14,1
2014-03-11,2014,1,3,March,East,Ohio,Columbus,Furniture,Furnishings,8.3200,2.2880,5,1
2014-03-11,2014,1,3,March,East,Ohio,Columbus,Office Supplies,Fasteners,10.4640,1.7004,6,1
2014-03-11,2014,1,3,March,South,Kentucky,Richmond,Office Supplies,Appliances,146.7600,38.1576,3,1
2014-03-11,2014,1,3,March,South,Kentucky,Richmond,Office Supplies,Paper,14.9400,7.0218,3,1
2014-03-11,2014,1,3,March,South,Kentucky,Richmond,Technology,Accessories,32.9600,14.1728,2,1
2014-03-11,2014,1,3,March,South,Kentucky,Richmond,Technology,Phones,587.9700,164.6316,3,1
2014-03-11,2014,1,3,March,West,California,Roseville,Office Supplies,Art,7.9800,2.0748,3,1
2014-03-14,2014,1,3,March,Central,Illinois,Chicago,Office Supplies,Paper,8.4480,2.6400,2,1
2014-03-14,2014,1,3,March,Central,Illinois,Chicago,Technology,Machines,574.9100,156.0470,2,1
2014-03-14,2014,1,3,March,South,Florida,Jacksonville,Office Supplies,Paper,91.0560,31.8696,6,1
2014-03-14,2014,1,3,March,South,Virginia,Chesapeake,Furniture,Chairs,1139.9200,284.9800,4,1
2014-03-14,2014,1,3,March,West,California,Huntington Beach,Office Supplies,Art,3.3800,1.2506,1,1
2014-03-14,2014,1,3,March,West,California,Huntington Beach,Office Supplies,Paper,10.5600,4.7520,2,1
2014-03-14,2014,1,3,March,West,Utah,Logan,Office Supplies,Binders,95.1360,31.3328,6,1
2014-03-14,2014,1,3,March,West,Utah,Logan,Office Supplies,Storage,102.3400,9.0064,3,1
2014-03-14,2014,1,3,March,West,Utah,Logan,Technology,Accessories,82.8000,6.6240,12,1
2014-03-15,2014,1,3,March,South,Florida,Tampa,Furniture,Furnishings,45.6960,5.1408,3,1
2014-03-15,2014,1,3,March,South,Florida,Tampa,Office Supplies,Binders,50.4060,-37.2050,7,1
2014-03-15,2014,1,3,March,South,Florida,Tampa,Office Supplies,Paper,131.9040,47.8152,3,1
2014-03-15,2014,1,3,March,South,Florida,Tampa,Office Supplies,Storage,142.7760,17.8470,1,1
2014-03-16,2014,1,3,March,South,North Carolina,Raleigh,Technology,Phones,471.9200,29.4950,2,1
2014-03-17,2014,1,3,March,Central,Minnesota,Lakeville,Office Supplies,Appliances,93.7800,36.5742,2,1
2014-03-17,2014,1,3,March,Central,Minnesota,Lakeville,Office Supplies,Art,19.6800,5.7072,6,1
2014-03-17,2014,1,3,March,Central,Minnesota,Lakeville,Office Supplies,Binders,89.2800,42.3204,16,1
2014-03-17,2014,1,3,March,Central,Minnesota,Lakeville,Office Supplies,Paper,47.1800,23.5900,7,1
2014-03-17,2014,1,3,March,Central,Texas,Dallas,Office Supplies,Art,4.4480,0.3336,2,1
2014-03-17,2014,1,3,March,Central,Texas,Dallas,Office Supplies,Paper,20.7360,7.3224,4,1
2014-03-17,2014,1,3,March,East,New York,New York City,Furniture,Tables,3265.2300,-1124.0239,14,1
2014-03-17,2014,1,3,March,East,New York,New York City,Office Supplies,Paper,189.9000,92.3538,11,1
2014-03-17,2014,1,3,March,East,Pennsylvania,Philadelphia,Office Supplies,Paper,126.6240,41.1528,6,1
2014-03-17,2014,1,3,March,South,Mississippi,Jackson,Office Supplies,Appliances,32.6700,8.4942,3,1
2014-03-17,2014,1,3,March,South,Mississippi,Jackson,Office Supplies,Binders,41.8700,20.2877,5,1
2014-03-17,2014,1,3,March,South,Mississippi,Jackson,Office Supplies,Paper,28.9600,14.0304,6,1
2014-03-18,2014,1,3,March,South,Florida,Jacksonville,Furniture,Furnishings,153.1200,23.3706,5,1
2014-03-18,2014,1,3,March,South,Florida,Jacksonville,Office Supplies,Art,8.0160,1.0020,3,1
2014-03-18,2014,1,3,March,South,Florida,Jacksonville,Office Supplies,Fasteners,18.9360,5.9175,3,1
2014-03-18,2014,1,3,March,South,Florida,Jacksonville,Office Supplies,Paper,21.3760,7.4816,4,1
2014-03-18,2014,1,3,March,South,Florida,Jacksonville,Technology,Machines,23459.7800,-1827.5044,10,1
2014-03-18,2014,1,3,March,West,California,Burbank,Furniture,Furnishings,111.0000,14.4300,2,1
2014-03-18,2014,1,3,March,West,California,Burbank,Office Supplies,Storage,1856.1900,334.1142,7,1
2014-03-18,2014,1,3,March,West,California,Burbank,Technology,Machines,1279.9680,415.9896,4,1
2014-03-18,2014,1,3,March,West,California,San Francisco,Furniture,Bookcases,1198.3300,70.4900,10,1
2014-03-19,2014,1,3,March,South,Florida,Lakeland,Furniture,Furnishings,25.0080,6.8772,6,1
2014-03-19,2014,1,3,March,South,Florida,Lakeland,Office Supplies,Binders,33.5700,-25.7370,5,1
2014-03-19,2014,1,3,March,South,Florida,Lakeland,Office Supplies,Labels,11.8080,3.9852,4,1
2014-03-19,2014,1,3,March,South,Florida,Lakeland,Office Supplies,Storage,26.1600,1.9620,3,1
2014-03-19,2014,1,3,March,South,Florida,Lakeland,Technology,Accessories,170.2400,53.2000,2,1
2014-03-19,2014,1,3,March,South,Florida,Lakeland,Technology,Phones,323.9760,28.3479,3,1
2014-03-21,2014,1,3,March,East,Ohio,Hamilton,Office Supplies,Art,13.4560,2.7914,5,1
2014-03-21,2014,1,3,March,South,North Carolina,Asheville,Office Supplies,Storage,16.2720,-3.8646,1,1
2014-03-21,2014,1,3,March,South,Tennessee,Knoxville,Furniture,Chairs,218.3760,-10.9188,3,1
2014-03-21,2014,1,3,March,South,Tennessee,Knoxville,Furniture,Furnishings,32.9520,6.5904,3,1
2014-03-21,2014,1,3,March,South,Tennessee,Knoxville,Office Supplies,Labels,59.2000,22.2000,5,1
2014-03-21,2014,1,3,March,South,Virginia,Springfield,Office Supplies,Art,9.3200,2.7028,4,1
2014-03-21,2014,1,3,March,South,Virginia,Springfield,Office Supplies,Binders,122.9400,59.0112,3,1
2014-03-21,2014,1,3,March,South,Virginia,Springfield,Office Supplies,Labels,14.4000,6.6240,5,1
2014-03-21,2014,1,3,March,South,Virginia,Springfield,Office Supplies,Paper,122.9700,60.2553,3,1
2014-03-21,2014,1,3,March,South,Virginia,Springfield,Technology,Phones,3499.9300,909.9818,7,1
2014-03-22,2014,1,3,March,Central,Indiana,Portage,Office Supplies,Art,16.2800,6.5120,2,1
2014-03-22,2014,1,3,March,South,North Carolina,Greensboro,Office Supplies,Binders,59.1090,-45.3169,9,1
2014-03-22,2014,1,3,March,West,Arizona,Tucson,Furniture,Chairs,314.3520,-35.3646,3,1
2014-03-22,2014,1,3,March,West,Arizona,Tucson,Office Supplies,Paper,74.3520,23.2350,3,1
2014-03-23,2014,1,3,March,South,Florida,Delray Beach,Office Supplies,Labels,9.9120,3.2214,3,1
2014-03-23,2014,1,3,March,West,California,Los Angeles,Office Supplies,Storage,330.4000,85.9040,2,1
2014-03-23,2014,1,3,March,West,California,Los Angeles,Technology,Phones,604.7520,37.7970,6,1
2014-03-24,2014,1,3,March,East,New York,New York City,Office Supplies,Paper,24.9000,11.7030,5,1
2014-03-24,2014,1,3,March,West,California,Fresno,Furniture,Furnishings,40.4800,14.5728,2,1
2014-03-25,2014,1,3,March,East,New York,New York City,Furniture,Chairs,366.7860,65.2064,7,1
2014-03-25,2014,1,3,March,West,California,San Francisco,Office Supplies,Art,46.8800,15.5440,10,1
2014-03-25,2014,1,3,March,West,California,San Francisco,Technology,Accessories,45.4800,15.9180,4,1
2014-03-26,2014,1,3,March,West,California,Los Angeles,Technology,Accessories,66.3000,8.6190,3,1
2014-03-26,2014,1,3,March,West,California,Pomona,Office Supplies,Labels,18.7500,9.0000,5,1
2014-03-26,2014,1,3,March,West,California,San Francisco,Office Supplies,Art,3.3600,0.8400,2,1
2014-03-26,2014,1,3,March,West,California,San Francisco,Office Supplies,Binders,27.9360,9.4284,4,1
2014-03-26,2014,1,3,March,West,California,San Francisco,Technology,Phones,28.7840,2.8784,2,1
2014-03-28,2014,1,3,March,Central,Iowa,Des Moines,Furniture,Tables,1184.7200,106.6248,4,1
2014-03-28,2014,1,3,March,Central,Iowa,Des Moines,Office Supplies,Envelopes,6.1200,2.8764,3,1
2014-03-28,2014,1,3,March,East,Ohio,Springfield,Furniture,Tables,330.5880,-143.2548,1,1
2014-03-28,2014,1,3,March,West,New Mexico,Albuquerque,Technology,Phones,302.3760,22.6782,3,1
2014-03-29,2014,1,3,March,Central,Texas,Plano,Furniture,Tables,890.8410,-152.7156,3,1
2014-03-30,2014,1,3,March,Central,Minnesota,Apple Valley,Office Supplies,Storage,129.3000,6.4650,2,1
2014-03-30,2014,1,3,March,Central,Texas,Brownsville,Furniture,Chairs,127.3020,-9.0930,7,1
2014-03-30,2014,1,3,March,Central,Texas,Brownsville,Office Supplies,Envelopes,335.7200,113.3055,5,1
2014-03-30,2014,1,3,March,Central,Texas,Brownsville,Technology,Phones,251.9440,88.1804,7,1
2014-03-30,2014,1,3,March,East,New York,Long Beach,Office Supplies,Art,49.6500,20.8530,5,1
2014-03-30,2014,1,3,March,East,New York,New York City,Office Supplies,Art,10.5000,2.9400,5,1
2014-03-30,2014,1,3,March,West,California,San Francisco,Furniture,Bookcases,205.6660,-12.0980,2,1
2014-03-30,2014,1,3,March,West,Washington,Seattle,Office Supplies,Labels,44.4000,22.2000,3,1
2014-03-30,2014,1,3,March,West,Washington,Seattle,Office Supplies,Storage,15.8400,0.0000,3,1
2014-03-31,2014,1,3,March,Central,Illinois,Chicago,Office Supplies,Binders,8.1340,-13.8278,7,1
2014-03-31,2014,1,3,March,Central,Illinois,Chicago,Technology,Accessories,79.9840,13.9972,2,1
2014-03-31,2014,1,3,March,East,Pennsylvania,Philadelphia,Office Supplies,Binders,0.8520,-0.5964,1,1
2014-03-31,2014,1,3,March,South,Florida,Miami,Office Supplies,Binders,1.8690,-1.3083,1,1
2014-03-31,2014,1,3,March,South,Florida,Tampa,Furniture,Chairs,1125.4880,98.4802,7,1
2014-03-31,2014,1,3,March,South,Florida,Tampa,Office Supplies,Art,4.0320,1.0584,2,1
2014-03-31,2014,1,3,March,South,Florida,Tampa,Office Supplies,Binders,12.6450,-10.1160,5,1
2014-03-31,2014,1,3,March,West,California,San Francisco,Office Supplies,Appliances,52.9800,14.8344,2,1
2014-03-31,2014,1,3,March,West,California,San Francisco,Office Supplies,Binders,673.5680,252.5880,2,1
2014-04-01,2014,2,4,April,East,Massachusetts,Revere,Office Supplies,Binders,6.2400,3.0576,2,1
2014-04-01,2014,2,4,April,East,Massachusetts,Revere,Office Supplies,Storage,66.9600,2.6784,4,1
2014-04-01,2014,2,4,April,West,California,Vallejo,Office Supplies,Binders,17.0880,5.5536,4,1
2014-04-01,2014,2,4,April,West,California,Vallejo,Office Supplies,Labels,29.6000,14.8000,2,1
2014-04-02,2014,2,4,April,Central,Texas,Houston,Office Supplies,Paper,60.2080,19.8170,12,1
2014-04-02,2014,2,4,April,South,Georgia,Athens,Office Supplies,Appliances,154.9000,40.2740,5,1
2014-04-02,2014,2,4,April,South,Georgia,Athens,Office Supplies,Paper,15.8400,7.1280,3,1
2014-04-02,2014,2,4,April,South,Georgia,Athens,Technology,Phones,1049.9300,293.9804,7,1
2014-04-02,2014,2,4,April,South,Virginia,Virginia Beach,Furniture,Furnishings,177.6800,46.1968,2,1
2014-04-03,2014,2,4,April,West,California,Los Angeles,Office Supplies,Envelopes,11.1600,5.5800,2,1
2014-04-03,2014,2,4,April,West,California,Los Angeles,Technology,Accessories,222.2900,80.0244,5,1
2014-04-04,2014,2,4,April,Central,Michigan,Detroit,Furniture,Furnishings,5.4700,2.3521,1,1
2014-04-04,2014,2,4,April,Central,Michigan,Detroit,Office Supplies,Art,79.3600,23.8080,4,1
2014-04-04,2014,2,4,April,South,Louisiana,Lafayette,Office Supplies,Paper,32.4000,15.6816,5,1
2014-04-04,2014,2,4,April,South,Louisiana,Lafayette,Office Supplies,Storage,232.5500,9.3020,5,1
2014-04-04,2014,2,4,April,South,Louisiana,Lafayette,Technology,Accessories,99.9800,42.9914,2,1
2014-04-04,2014,2,4,April,West,California,Los Angeles,Office Supplies,Binders,7.1840,2.2450,2,1
2014-04-04,2014,2,4,April,West,California,San Francisco,Office Supplies,Labels,18.9000,9.0720,6,1
2014-04-05,2014,2,4,April,Central,Illinois,Decatur,Office Supplies,Storage,101.7280,7.6296,8,1
2014-04-05,2014,2,4,April,Central,Michigan,Dearborn Heights,Office Supplies,Art,40.5900,12.0597,5,1
2014-04-05,2014,2,4,April,Central,Michigan,Dearborn Heights,Office Supplies,Binders,40.2000,18.0900,5,1
2014-04-05,2014,2,4,April,Central,Michigan,Dearborn Heights,Office Supplies,Storage,689.8200,20.6946,6,1
2014-04-05,2014,2,4,April,East,New York,New York City,Office Supplies,Paper,55.4800,26.6304,1,1
2014-04-05,2014,2,4,April,South,Kentucky,Richmond,Office Supplies,Binders,115.3600,56.5264,7,1
2014-04-05,2014,2,4,April,South,Virginia,Alexandria,Office Supplies,Art,45.9200,14.2352,14,1
2014-04-05,2014,2,4,April,South,Virginia,Alexandria,Office Supplies,Paper,12.9600,6.3504,2,1
2014-04-05,2014,2,4,April,South,Virginia,Alexandria,Office Supplies,Supplies,4164.0500,83.2810,5,1
2014-04-05,2014,2,4,April,South,Virginia,Alexandria,Technology,Phones,28.9900,8.4071,1,1
2014-04-06,2014,2,4,April,East,Pennsylvania,Lancaster,Office Supplies,Binders,44.9100,-35.9280,6,1
2014-04-06,2014,2,4,April,East,Pennsylvania,Philadelphia,Furniture,Tables,154.7640,-36.1116,3,1
2014-04-06,2014,2,4,April,East,Pennsylvania,Philadelphia,Office Supplies,Supplies,10.3040,-2.1896,1,1
2014-04-06,2014,2,4,April,East,Pennsylvania,Philadelphia,Technology,Accessories,116.7840,21.8970,2,1
2014-04-06,2014,2,4,April,West,California,Los Angeles,Furniture,Furnishings,125.0700,28.5461,9,1
2014-04-06,2014,2,4,April,West,California,Los Angeles,Office Supplies,Art,70.9500,18.4470,3,1
2014-04-06,2014,2,4,April,West,California,Los Angeles,Office Supplies,Binders,65.5680,23.7684,2,1
2014-04-06,2014,2,4,April,West,California,Los Angeles,Office Supplies,Paper,74.9200,35.9616,4,1
2014-04-06,2014,2,4,April,West,California,Los Angeles,Technology,Accessories,299.9700,131.9868,3,1
2014-04-06,2014,2,4,April,West,Washington,Seattle,Furniture,Tables,653.5500,111.1035,3,1
2014-04-06,2014,2,4,April,West,Washington,Seattle,Technology,Accessories,33.9000,2.0340,2,1
2014-04-07,2014,2,4,April,South,Alabama,Mobile,Furniture,Furnishings,8.9600,2.7776,2,1
2014-04-07,2014,2,4,April,South,Georgia,Marietta,Office Supplies,Paper,58.3200,27.9936,9,1
2014-04-07,2014,2,4,April,South,Georgia,Marietta,Technology,Phones,200.9700,50.2425,3,1
2014-04-07,2014,2,4,April,South,South Carolina,Columbia,Office Supplies,Paper,122.9700,60.2553,3,1
2014-04-07,2014,2,4,April,South,South Carolina,Columbia,Technology,Phones,629.9500,163.7870,5,1
2014-04-08,2014,2,4,April,East,Ohio,Toledo,Furniture,Tables,172.1100,-94.6605,1,1
2014-04-08,2014,2,4,April,South,Alabama,Decatur,Furniture,Tables,1215.9200,316.1392,8,1
2014-04-08,2014,2,4,April,West,Arizona,Chandler,Office Supplies,Fasteners,49.7920,-11.8256,8,1
2014-04-08,2014,2,4,April,West,Arizona,Glendale,Office Supplies,Fasteners,2.3680,0.8288,2,1
2014-04-08,2014,2,4,April,West,Arizona,Glendale,Office Supplies,Paper,19.0080,6.8904,3,1
2014-04-08,2014,2,4,April,West,California,Concord,Furniture,Tables,99.5920,2.4898,1,1
2014-04-08,2014,2,4,April,West,California,Concord,Technology,Accessories,399.9600,139.9860,4,1
2014-04-11,2014,2,4,April,Central,Texas,Austin,Technology,Phones,758.3520,265.4232,6,1
2014-04-11,2014,2,4,April,South,Florida,Miami,Office Supplies,Fasteners,6.9120,2.3328,3,1
2014-04-11,2014,2,4,April,South,Florida,Miami,Office Supplies,Paper,10.3680,3.6288,2,1
2014-04-11,2014,2,4,April,South,Florida,Miami,Technology,Accessories,719.9200,123.5879,10,1
2014-04-11,2014,2,4,April,West,Idaho,Lewiston,Office Supplies,Binders,9.5840,3.3544,1,1
2014-04-11,2014,2,4,April,West,Montana,Great Falls,Office Supplies,Storage,87.0800,24.3824,7,1
2014-04-11,2014,2,4,April,West,Montana,Great Falls,Technology,Accessories,217.4400,91.3248,6,1
2014-04-11,2014,2,4,April,West,Montana,Great Falls,Technology,Phones,105.5840,9.2386,2,1
2014-04-12,2014,2,4,April,Central,Indiana,Bloomington,Office Supplies,Paper,32.4000,15.5520,5,1
2014-04-12,2014,2,4,April,West,California,Lodi,Office Supplies,Art,39.6800,16.2688,2,1
2014-04-12,2014,2,4,April,West,California,Redondo Beach,Furniture,Bookcases,308.4990,-18.1470,3,1
2014-04-12,2014,2,4,April,West,California,Redondo Beach,Office Supplies,Binders,18.0880,6.5569,7,1
2014-04-12,2014,2,4,April,West,California,Redondo Beach,Technology,Phones,1513.4560,132.4274,18,1
2014-04-13,2014,2,4,April,East,Maryland,Baltimore,Office Supplies,Labels,7.8300,3.6018,3,1
2014-04-13,2014,2,4,April,East,Pennsylvania,Philadelphia,Office Supplies,Art,17.8560,1.1160,4,1
2014-04-13,2014,2,4,April,East,Pennsylvania,Philadelphia,Office Supplies,Binders,509.9700,-407.9760,10,1
2014-04-13,2014,2,4,April,East,Pennsylvania,Philadelphia,Office Supplies,Fasteners,30.9920,10.0724,13,1
2014-04-13,2014,2,4,April,East,Pennsylvania,Philadelphia,Technology,Phones,71.9280,8.3916,12,1
2014-04-15,2014,2,4,April,West,California,Los Angeles,Furniture,Furnishings,187.7600,76.9816,4,1
2014-04-15,2014,2,4,April,West,California,Los Angeles,Office Supplies,Appliances,106.9600,31.0184,2,1
2014-04-16,2014,2,4,April,South,North Carolina,Wilmington,Office Supplies,Art,39.0720,9.7680,6,1
2014-04-18,2014,2,4,April,Central,Texas,Houston,Furniture,Chairs,317.0580,-18.1176,3,1
2014-04-18,2014,2,4,April,Central,Texas,Houston,Office Supplies,Art,2.6880,1.0080,2,1
2014-04-18,2014,2,4,April,Central,Texas,Houston,Office Supplies,Envelopes,149.3520,50.4063,3,1
2014-04-18,2014,2,4,April,Central,Texas,Houston,Technology,Accessories,227.9760,28.4970,3,1
2014-04-18,2014,2,4,April,West,California,Los Angeles,Office Supplies,Art,23.8700,7.3523,9,1
2014-04-18,2014,2,4,April,West,California,Los Angeles,Office Supplies,Fasteners,11.6200,3.6022,2,1
2014-04-18,2014,2,4,April,West,California,Los Angeles,Technology,Machines,287.9680,97.1892,4,1
2014-04-19,2014,2,4,April,South,Virginia,Arlington,Office Supplies,Binders,58.0500,26.7030,3,1
2014-04-19,2014,2,4,April,South,Virginia,Arlington,Office Supplies,Paper,71.2800,34.2144,11,1
2014-04-19,2014,2,4,April,West,California,San Jose,Furniture,Furnishings,76.1400,26.6490,3,1
2014-04-20,2014,2,4,April,Central,Texas,Houston,Furniture,Tables,1145.6900,-227.6210,7,1
2014-04-20,2014,2,4,April,Central,Texas,Houston,Office Supplies,Storage,44.8400,5.6050,5,1
2014-04-20,2014,2,4,April,West,California,Los Angeles,Furniture,Furnishings,59.9200,27.5632,4,1
2014-04-21,2014,2,4,April,South,Kentucky,Henderson,Office Supplies,Storage,828.8400,0.0000,6,1
2014-04-21,2014,2,4,April,West,California,Los Angeles,Office Supplies,Binders,16.5200,5.5755,5,1
2014-04-22,2014,2,4,April,East,New York,Troy,Office Supplies,Binders,9.9120,3.3453,3,1
2014-04-22,2014,2,4,April,East,New York,Troy,Office Supplies,Envelopes,247.8400,121.4416,8,1
2014-04-23,2014,2,4,April,East,Ohio,Columbus,Furniture,Chairs,562.7440,-24.1176,4,1
2014-04-23,2014,2,4,April,East,Ohio,Columbus,Furniture,Furnishings,22.3360,7.8176,4,1
2014-04-23,2014,2,4,April,East,Ohio,Columbus,Office Supplies,Binders,7.4880,-5.2416,8,1
2014-04-23,2014,2,4,April,East,Pennsylvania,Philadelphia,Office Supplies,Binders,2.5020,-1.7514,3,1
2014-04-23,2014,2,4,April,West,California,San Francisco,Office Supplies,Paper,48.9100,22.9877,1,1
2014-04-25,2014,2,4,April,Central,Texas,Houston,Office Supplies,Art,6.2400,0.5460,3,1
2014-04-25,2014,2,4,April,Central,Texas,Houston,Office Supplies,Paper,10.3680,3.6288,2,1
2014-04-25,2014,2,4,April,South,North Carolina,Wilmington,Technology,Phones,302.3760,37.7970,3,1
2014-04-25,2014,2,4,April,West,California,San Gabriel,Furniture,Chairs,1487.0400,148.7040,5,1
2014-04-25,2014,2,4,April,West,California,San Gabriel,Furniture,Furnishings,303.2500,63.6825,5,1
2014-04-25,2014,2,4,April,West,California,San Gabriel,Office Supplies,Appliances,270.7200,78.5088,3,1
2014-04-26,2014,2,4,April,West,California,Los Angeles,Furniture,Chairs,230.2800,23.0280,3,1
2014-04-26,2014,2,4,April,West,California,Los Angeles,Office Supplies,Art,21.4000,6.2060,5,1
2014-04-26,2014,2,4,April,West,California,Los Angeles,Office Supplies,Binders,18.2880,5.7150,6,1
2014-04-26,2014,2,4,April,West,California,Los Angeles,Office Supplies,Labels,12.6000,5.7960,2,1
2014-04-28,2014,2,4,April,East,Maryland,Baltimore,Office Supplies,Art,5.3400,1.4952,2,1
2014-04-28,2014,2,4,April,East,Maryland,Baltimore,Office Supplies,Binders,20.8600,9.3870,2,1
2014-04-28,2014,2,4,April,East,Maryland,Baltimore,Office Supplies,Labels,3.1500,1.5120,1,1
2014-04-28,2014,2,4,April,East,Maryland,Baltimore,Office Supplies,Storage,497.6100,129.3786,9,1
2014-04-28,2014,2,4,April,East,New York,Jamestown,Technology,Accessories,159.9800,57.5928,2,1
2014-04-28,2014,2,4,April,East,Ohio,Newark,Office Supplies,Labels,6.9120,2.5056,3,1
2014-04-28,2014,2,4,April,East,Ohio,Newark,Office Supplies,Storage,204.6640,-35.7010,5,1
2014-04-28,2014,2,4,April,West,California,San Francisco,Technology,Phones,1679.9600,125.9970,5,1
2014-04-29,2014,2,4,April,East,Delaware,Dover,Technology,Phones,19.9800,5.1948,2,1
2014-04-29,2014,2,4,April,East,New York,Rochester,Furniture,Furnishings,17.4600,5.9364,2,1
2014-04-29,2014,2,4,April,South,Louisiana,Lake Charles,Furniture,Chairs,51.9600,12.9900,2,1
2014-04-29,2014,2,4,April,South,Louisiana,Lake Charles,Office Supplies,Binders,17.9400,8.6112,3,1
2014-04-29,2014,2,4,April,South,Tennessee,Memphis,Furniture,Chairs,561.5840,70.1980,2,1
2014-04-29,2014,2,4,April,South,Tennessee,Memphis,Office Supplies,Storage,99.9200,-1.2490,5,1
2014-04-30,2014,2,4,April,South,Kentucky,Louisville,Office Supplies,Art,174.9500,45.4870,5,1
2014-04-30,2014,2,4,April,South,Kentucky,Louisville,Office Supplies,Storage,826.0000,214.7600,5,1
2014-04-30,2014,2,4,April,South,Mississippi,Jackson,Technology,Accessories,47.7900,16.2486,3,1
2014-05-02,2014,2,5,May,East,Ohio,Columbus,Office Supplies,Appliances,26.1360,1.9602,3,1
2014-05-02,2014,2,5,May,South,Florida,Lakeland,Technology,Copiers,479.9840,89.9970,2,1
2014-05-03,2014,2,5,May,Central,Wisconsin,Appleton,Office Supplies,Labels,21.5600,10.3488,7,1
2014-05-03,2014,2,5,May,East,New York,Yonkers,Office Supplies,Binders,51.0720,18.5136,6,1
2014-05-04,2014,2,5,May,Central,Michigan,Jackson,Office Supplies,Binders,46.8000,21.0600,4,1
2014-05-04,2014,2,5,May,Central,Texas,Houston,Office Supplies,Art,37.8400,2.8380,2,1
2014-05-04,2014,2,5,May,Central,Texas,Houston,Office Supplies,Fasteners,5.4720,1.8468,6,1
2014-05-04,2014,2,5,May,East,Connecticut,Middletown,Furniture,Furnishings,27.4600,9.8856,2,1
2014-05-04,2014,2,5,May,West,Washington,Seattle,Furniture,Furnishings,12.1800,3.8976,7,1
2014-05-04,2014,2,5,May,West,Washington,Seattle,Office Supplies,Appliances,57.6800,19.0344,4,1
2014-05-05,2014,2,5,May,Central,Illinois,Freeport,Office Supplies,Storage,45.2480,3.9592,2,1
2014-05-05,2014,2,5,May,Central,Texas,San Antonio,Furniture,Chairs,127.8690,-9.1335,3,1
2014-05-05,2014,2,5,May,South,Kentucky,Richmond,Office Supplies,Art,6.5600,1.9024,2,1
2014-05-05,2014,2,5,May,South,Kentucky,Richmond,Office Supplies,Paper,33.9800,15.7822,5,1
2014-05-05,2014,2,5,May,South,Virginia,Arlington,Office Supplies,Binders,11.8800,5.3460,2,1
2014-05-05,2014,2,5,May,South,Virginia,Arlington,Office Supplies,Paper,35.4400,16.6568,1,1
2014-05-06,2014,2,5,May,West,California,Los Angeles,Office Supplies,Art,107.9400,30.2232,6,1
2014-05-06,2014,2,5,May,West,California,Los Angeles,Office Supplies,Binders,140.7360,52.7760,8,1
2014-05-06,2014,2,5,May,West,California,Los Angeles,Office Supplies,Labels,5.7800,2.7166,2,1
2014-05-07,2014,2,5,May,East,Massachusetts,Lawrence,Furniture,Chairs,872.3200,244.2496,4,1
2014-05-07,2014,2,5,May,East,Massachusetts,Lawrence,Furniture,Tables,194.2500,-38.8500,2,1
2014-05-07,2014,2,5,May,East,Massachusetts,Lawrence,Office Supplies,Art,8.6400,2.5056,3,1
2014-05-07,2014,2,5,May,East,Massachusetts,Lawrence,Office Supplies,Binders,16.1400,7.9086,3,1
2014-05-08,2014,2,5,May,East,Pennsylvania,Philadelphia,Technology,Copiers,1799.9700,239.9960,5,1
2014-05-09,2014,2,5,May,South,Kentucky,Henderson,Office Supplies,Labels,30.1000,14.0350,8,1
2014-05-09,2014,2,5,May,South,Kentucky,Henderson,Office Supplies,Paper,45.3600,21.7728,7,1
2014-05-09,2014,2,5,May,South,Kentucky,Henderson,Office Supplies,Storage,83.2500,14.9850,3,1
2014-05-09,2014,2,5,May,West,California,San Francisco,Technology,Accessories,235.7700,44.3808,7,1
2014-05-10,2014,2,5,May,East,Pennsylvania,Philadelphia,Furniture,Bookcases,349.9650,-216.9783,7,1
2014-05-10,2014,2,5,May,East,Pennsylvania,Philadelphia,Office Supplies,Art,22.3200,5.3010,5,1
2014-05-10,2014,2,5,May,West,California,San Jose,Furniture,Chairs,256.7840,32.0980,1,1
2014-05-10,2014,2,5,May,West,California,San Jose,Office Supplies,Paper,39.9600,19.1808,2,1
2014-05-10,2014,2,5,May,West,California,San Jose,Office Supplies,Supplies,41.0400,11.0808,6,1
2014-05-10,2014,2,5,May,West,California,San Jose,Technology,Phones,1432.0000,125.3000,5,1
2014-05-10,2014,2,5,May,West,Washington,Kent,Office Supplies,Envelopes,158.1300,77.4837,3,1
2014-05-10,2014,2,5,May,West,Washington,Kent,Technology,Phones,43.6000,4.3600,5,1
2014-05-11,2014,2,5,May,Central,Illinois,Chicago,Office Supplies,Binders,104.5800,-172.5570,9,1
2014-05-11,2014,2,5,May,Central,Illinois,Chicago,Office Supplies,Paper,17.4720,5.6784,3,1
2014-05-11,2014,2,5,May,Central,Texas,Fort Worth,Furniture,Furnishings,66.1120,-84.2928,4,1
2014-05-11,2014,2,5,May,Central,Texas,Fort Worth,Technology,Accessories,58.1120,7.2640,2,1
2014-05-11,2014,2,5,May,Central,Texas,Fort Worth,Technology,Phones,100.7920,6.2995,1,1
2014-05-11,2014,2,5,May,Central,Texas,Houston,Technology,Accessories,46.8640,7.6154,2,1
2014-05-11,2014,2,5,May,Central,Texas,Huntsville,Furniture,Chairs,1212.9600,-69.3120,8,1
2014-05-11,2014,2,5,May,East,New York,Watertown,Office Supplies,Appliances,35.9100,9.6957,3,1
2014-05-12,2014,2,5,May,Central,Wisconsin,Milwaukee,Furniture,Furnishings,34.7900,10.7849,7,1
2014-05-12,2014,2,5,May,East,Massachusetts,Franklin,Furniture,Tables,700.0560,-130.0104,3,1
2014-05-13,2014,2,5,May,South,Florida,Hialeah,Office Supplies,Binders,398.3520,-331.9600,8,1
2014-05-13,2014,2,5,May,South,Florida,Hialeah,Office Supplies,Fasteners,7.1040,2.3976,2,1
2014-05-13,2014,2,5,May,West,California,Los Angeles,Furniture,Chairs,279.4560,20.9592,6,1
2014-05-13,2014,2,5,May,West,California,Los Angeles,Office Supplies,Paper,8.0000,3.8400,2,1
2014-05-13,2014,2,5,May,West,California,Oakland,Technology,Accessories,149.9700,52.4895,3,1
2014-05-13,2014,2,5,May,West,Utah,West Jordan,Office Supplies,Storage,55.5000,9.9900,2,1
2014-05-14,2014,2,5,May,South,Florida,Saint Petersburg,Furniture,Furnishings,310.8800,23.3160,2,1
2014-05-16,2014,2,5,May,West,California,Los Angeles,Furniture,Chairs,232.8800,17.4660,5,1
2014-05-16,2014,2,5,May,West,California,San Francisco,Technology,Accessories,56.4000,3.3840,3,1
2014-05-17,2014,2,5,May,Central,Wisconsin,Eau Claire,Office Supplies,Binders,91.6800,45.8400,3,1
2014-05-18,2014,2,5,May,Central,Texas,Dallas,Office Supplies,Paper,3.9840,1.4442,1,1
2014-05-18,2014,2,5,May,East,Ohio,Akron,Furniture,Furnishings,149.2320,3.7308,3,1
2014-05-18,2014,2,5,May,East,Ohio,Akron,Office Supplies,Paper,15.9360,5.7768,4,1
2014-05-18,2014,2,5,May,East,Ohio,Cleveland,Technology,Phones,779.7960,-168.9558,2,1
2014-05-19,2014,2,5,May,Central,Michigan,Midland,Office Supplies,Binders,57.4200,26.4132,9,1
2014-05-19,2014,2,5,May,South,Virginia,Virginia Beach,Office Supplies,Supplies,34.2000,9.2340,5,1
2014-05-20,2014,2,5,May,Central,Texas,San Marcos,Furniture,Furnishings,10.3320,-5.9409,3,1
2014-05-20,2014,2,5,May,Central,Texas,San Marcos,Office Supplies,Paper,10.3680,3.6288,2,1
2014-05-20,2014,2,5,May,Central,Texas,San Marcos,Office Supplies,Storage,66.9600,-13.3920,5,1
2014-05-20,2014,2,5,May,Central,Texas,San Marcos,Technology,Accessories,20.7840,-3.6372,2,1
2014-05-20,2014,2,5,May,East,New Hampshire,Dover,Furniture,Furnishings,139.8600,60.1398,7,1
2014-05-20,2014,2,5,May,East,New Hampshire,Dover,Office Supplies,Appliances,33.2800,9.3184,4,1
2014-05-20,2014,2,5,May,East,New Hampshire,Dover,Office Supplies,Art,38.5200,11.9412,9,1
2014-05-21,2014,2,5,May,Central,Texas,Houston,Furniture,Chairs,107.7720,-29.2524,2,1
2014-05-21,2014,2,5,May,Central,Texas,Houston,Office Supplies,Binders,18.2400,-31.0080,3,1
2014-05-21,2014,2,5,May,Central,Texas,Houston,Office Supplies,Envelopes,56.0640,21.0240,6,1
2014-05-21,2014,2,5,May,Central,Texas,Houston,Office Supplies,Paper,4.8320,1.6308,1,1
2014-05-21,2014,2,5,May,East,Massachusetts,Lawrence,Office Supplies,Appliances,245.8800,68.8464,6,1
2014-05-21,2014,2,5,May,East,Massachusetts,Lawrence,Office Supplies,Binders,447.8600,219.4514,7,1
2014-05-21,2014,2,5,May,East,Massachusetts,Lawrence,Office Supplies,Paper,17.9400,8.7906,3,1
2014-05-21,2014,2,5,May,South,Virginia,Virginia Beach,Office Supplies,Binders,2715.9300,1276.4871,7,1
2014-05-21,2014,2,5,May,South,Virginia,Virginia Beach,Technology,Phones,617.9700,173.0316,3,1
2014-05-21,2014,2,5,May,West,California,San Diego,Office Supplies,Art,31.8400,10.5072,8,1
2014-05-22,2014,2,5,May,South,Alabama,Decatur,Technology,Phones,180.9300,46.5810,3,1
2014-05-23,2014,2,5,May,East,New York,New York City,Office Supplies,Appliances,208.1600,56.2032,1,1
2014-05-23,2014,2,5,May,East,New York,New York City,Office Supplies,Binders,17.9600,5.8370,5,1
2014-05-23,2014,2,5,May,East,New York,New York City,Office Supplies,Supplies,5.0400,0.1512,2,1
2014-05-23,2014,2,5,May,East,Pennsylvania,Philadelphia,Office Supplies,Art,21.1680,2.3814,9,1
2014-05-23,2014,2,5,May,East,Pennsylvania,Philadelphia,Office Supplies,Binders,3.2820,-2.6256,2,1
2014-05-23,2014,2,5,May,East,Pennsylvania,Philadelphia,Technology,Phones,55.1880,-10.1178,2,1
2014-05-23,2014,2,5,May,West,Washington,Bellevue,Office Supplies,Paper,12.9600,6.2208,2,1
2014-05-24,2014,2,5,May,East,Maryland,Baltimore,Office Supplies,Paper,116.2800,56.9772,3,1
2014-05-25,2014,2,5,May,Central,Illinois,Chicago,Furniture,Furnishings,29.3200,-24.1890,2,1
2014-05-25,2014,2,5,May,Central,Illinois,Chicago,Office Supplies,Appliances,75.6000,-166.3200,2,1
2014-05-25,2014,2,5,May,East,New York,New York City,Office Supplies,Paper,14.6200,6.7252,2,1
2014-05-26,2014,2,5,May,Central,Illinois,Chicago,Furniture,Chairs,359.7720,-5.1396,2,1
2014-05-26,2014,2,5,May,Central,Illinois,Chicago,Office Supplies,Art,13.3920,3.1806,3,1
2014-05-26,2014,2,5,May,Central,Illinois,Chicago,Office Supplies,Storage,102.6240,7.6968,3,1
2014-05-26,2014,2,5,May,West,California,Los Angeles,Furniture,Bookcases,290.6660,27.3568,2,1
2014-05-26,2014,2,5,May,West,California,Los Angeles,Furniture,Chairs,225.2960,22.5296,2,1
2014-05-26,2014,2,5,May,West,California,Los Angeles,Technology,Phones,285.5680,51.6524,4,1
2014-05-26,2014,2,5,May,West,Utah,Murray,Office Supplies,Paper,48.4000,23.2320,5,1
2014-05-27,2014,2,5,May,Central,Illinois,Chicago,Office Supplies,Binders,17.4600,-30.5550,6,1
2014-05-27,2014,2,5,May,West,California,San Diego,Furniture,Tables,567.1200,-28.3560,10,1
2014-05-27,2014,2,5,May,West,California,San Diego,Office Supplies,Storage,359.3200,7.1864,4,1
2014-05-27,2014,2,5,May,West,California,San Francisco,Technology,Accessories,99.9900,37.9962,1,1
2014-05-27,2014,2,5,May,West,California,San Francisco,Technology,Phones,1113.5040,125.2692,12,1
2014-05-28,2014,2,5,May,West,Washington,Seattle,Office Supplies,Binders,136.9600,51.3600,4,1
2014-05-28,2014,2,5,May,West,Washington,Seattle,Technology,Accessories,27.6000,2.2080,4,1
2014-05-28,2014,2,5,May,West,Washington,Seattle,Technology,Phones,57.4080,5.7408,6,1
2014-05-30,2014,2,5,May,Central,Illinois,Buffalo Grove,Furniture,Tables,355.4550,-184.8366,3,1
2014-05-30,2014,2,5,May,Central,Illinois,Chicago,Technology,Copiers,719.9760,134.9955,3,1
2014-05-30,2014,2,5,May,East,New York,New York City,Office Supplies,Appliances,235.9500,77.8635,3,1
2014-05-30,2014,2,5,May,East,New York,New York City,Office Supplies,Binders,95.9520,35.3424,6,2
2014-05-30,2014,2,5,May,East,New York,New York City,Office Supplies,Paper,39.9600,17.9820,4,1
2014-05-30,2014,2,5,May,East,New York,New York City,Technology,Phones,464.0000,134.5600,5,1
2014-05-30,2014,2,5,May,South,Virginia,Richmond,Office Supplies,Paper,13.6200,6.1290,3,1
2014-05-31,2014,2,5,May,South,Mississippi,Jackson,Technology,Phones,773.7000,230.9727,6,1
2014-06-01,2014,2,6,June,Central,Michigan,Detroit,Office Supplies,Appliances,65.5200,12.3760,5,1
2014-06-01,2014,2,6,June,Central,Michigan,Detroit,Office Supplies,Binders,138.5600,66.5088,4,1
2014-06-01,2014,2,6,June,Central,Minnesota,Lakeville,Furniture,Chairs,2001.8600,580.5394,7,1
2014-06-01,2014,2,6,June,Central,Minnesota,Lakeville,Office Supplies,Appliances,1503.2500,496.0725,5,1
2014-06-01,2014,2,6,June,Central,Minnesota,Lakeville,Office Supplies,Paper,73.8000,36.3816,10,1
2014-06-01,2014,2,6,June,Central,Minnesota,Lakeville,Office Supplies,Storage,166.7200,41.6800,2,1
2014-06-01,2014,2,6,June,East,New Jersey,Lakewood,Office Supplies,Art,289.2000,83.8680,6,1
2014-06-01,2014,2,6,June,East,New Jersey,Lakewood,Office Supplies,Binders,45.4800,20.9208,3,1
2014-06-01,2014,2,6,June,South,Arkansas,Little Rock,Furniture,Furnishings,22.2000,9.1020,6,1
2014-06-01,2014,2,6,June,South,Arkansas,Little Rock,Technology,Phones,881.9300,229.3018,7,1
2014-06-02,2014,2,6,June,South,Georgia,Roswell,Office Supplies,Art,8.5600,2.6536,2,1
2014-06-02,2014,2,6,June,South,Georgia,Roswell,Office Supplies,Storage,356.9400,107.0820,2,1
2014-06-02,2014,2,6,June,South,Georgia,Roswell,Technology,Phones,239.9700,67.1916,3,1
2014-06-02,2014,2,6,June,West,Utah,Orem,Furniture,Furnishings,73.3200,21.9960,6,1
2014-06-02,2014,2,6,June,West,Utah,Orem,Office Supplies,Binders,59.8080,19.4376,3,1
2014-06-03,2014,2,6,June,Central,Illinois,Decatur,Furniture,Furnishings,61.5440,-40.0036,7,1
2014-06-03,2014,2,6,June,Central,Illinois,Decatur,Office Supplies,Labels,15.9360,5.1792,4,1
2014-06-03,2014,2,6,June,Central,Illinois,Decatur,Office Supplies,Storage,132.6960,9.9522,3,1
2014-06-03,2014,2,6,June,Central,Michigan,Midland,Office Supplies,Envelopes,15.2800,7.4872,2,1
2014-06-03,2014,2,6,June,West,Washington,Seattle,Furniture,Tables,515.8800,113.4936,6,1
2014-06-04,2014,2,6,June,East,New York,New York City,Furniture,Bookcases,353.5680,-44.1960,2,1
2014-06-04,2014,2,6,June,East,New York,New York City,Furniture,Furnishings,70.9200,27.7760,4,1
2014-06-04,2014,2,6,June,East,New York,New York City,Office Supplies,Appliances,15.5600,4.0456,4,1
2014-06-04,2014,2,6,June,East,Ohio,Columbus,Office Supplies,Paper,16.2240,5.8812,2,1
2014-06-06,2014,2,6,June,Central,Illinois,Chicago,Office Supplies,Binders,24.5880,-38.1114,3,1
2014-06-06,2014,2,6,June,Central,Illinois,Chicago,Office Supplies,Envelopes,13.9840,4.7196,2,1
2014-06-06,2014,2,6,June,Central,Texas,Houston,Office Supplies,Labels,100.2400,33.8310,10,1
2014-06-06,2014,2,6,June,East,New York,Long Beach,Furniture,Tables,991.7640,-347.1174,3,1
2014-06-06,2014,2,6,June,East,New York,Long Beach,Office Supplies,Binders,149.5440,50.4711,9,1
2014-06-06,2014,2,6,June,East,New York,Long Beach,Office Supplies,Supplies,17.1400,4.4564,2,1
2014-06-06,2014,2,6,June,East,New York,Rochester,Office Supplies,Art,13.3600,4.9432,2,1
2014-06-06,2014,2,6,June,South,Florida,Jacksonville,Office Supplies,Binders,1.3650,-0.9100,1,1
2014-06-06,2014,2,6,June,South,Florida,Jacksonville,Office Supplies,Paper,62.0160,22.4808,2,1
2014-06-07,2014,2,6,June,Central,Illinois,Aurora,Furniture,Tables,268.9350,-209.7693,3,1
2014-06-07,2014,2,6,June,Central,Illinois,Peoria,Office Supplies,Binders,12.4620,-20.5623,3,1
2014-06-08,2014,2,6,June,East,New York,Long Beach,Office Supplies,Binders,68.4800,25.6800,2,1
2014-06-08,2014,2,6,June,East,New York,Long Beach,Office Supplies,Storage,1676.8800,83.8440,6,1
2014-06-08,2014,2,6,June,South,Tennessee,Bristol,Furniture,Chairs,170.3520,10.6470,3,1
2014-06-08,2014,2,6,June,West,Washington,Seattle,Furniture,Chairs,585.5520,73.1940,3,1
2014-06-09,2014,2,6,June,Central,Texas,Huntsville,Office Supplies,Art,70.3680,6.1572,2,1
2014-06-09,2014,2,6,June,Central,Texas,Huntsville,Technology,Accessories,63.9840,10.3974,2,1
2014-06-09,2014,2,6,June,Central,Texas,Huntsville,Technology,Phones,7.9920,0.5994,1,1
2014-06-09,2014,2,6,June,South,Virginia,Harrisonburg,Furniture,Tables,1441.3000,245.0210,7,1
2014-06-09,2014,2,6,June,West,California,Los Angeles,Furniture,Furnishings,48.8600,14.1694,7,1
2014-06-09,2014,2,6,June,West,California,Los Angeles,Furniture,Tables,1706.1840,85.3092,9,1
2014-06-09,2014,2,6,June,West,California,Los Angeles,Office Supplies,Appliances,114.9000,34.4700,5,1
2014-06-09,2014,2,6,June,West,California,Los Angeles,Office Supplies,Art,7.2800,1.9656,4,1
2014-06-09,2014,2,6,June,West,California,Los Angeles,Office Supplies,Binders,18.5040,5.7825,3,1
2014-06-09,2014,2,6,June,West,California,Los Angeles,Technology,Phones,1818.5760,159.0720,10,1
2014-06-09,2014,2,6,June,West,California,San Francisco,Office Supplies,Art,23.1000,10.6260,2,1
2014-06-09,2014,2,6,June,West,California,San Francisco,Office Supplies,Supplies,7.3600,0.1472,2,1
2014-06-09,2014,2,6,June,West,Nevada,North Las Vegas,Furniture,Furnishings,37.4000,14.2120,2,1
2014-06-09,2014,2,6,June,West,Nevada,North Las Vegas,Office Supplies,Art,18.0600,4.6956,7,1
2014-06-09,2014,2,6,June,West,Nevada,North Las Vegas,Office Supplies,Paper,79.1400,36.4044,3,1
2014-06-10,2014,2,6,June,Central,Michigan,Detroit,Office Supplies,Labels,491.5500,240.8595,5,1
2014-06-13,2014,2,6,June,West,California,Los Angeles,Office Supplies,Art,14.5200,4.7916,3,1
2014-06-14,2014,2,6,June,Central,Michigan,Detroit,Furniture,Bookcases,212.9400,57.4938,3,1
2014-06-15,2014,2,6,June,Central,Texas,El Paso,Office Supplies,Paper,36.5440,11.8768,2,1
2014-06-15,2014,2,6,June,Central,Texas,San Antonio,Furniture,Chairs,797.9440,-56.9960,4,1
2014-06-15,2014,2,6,June,Central,Texas,San Antonio,Furniture,Tables,99.9180,-18.5562,2,1
2014-06-15,2014,2,6,June,Central,Texas,San Antonio,Office Supplies,Binders,8.5680,-14.5656,3,1
2014-06-16,2014,2,6,June,Central,Indiana,Mishawaka,Furniture,Chairs,647.8400,32.3920,8,1
2014-06-16,2014,2,6,June,East,New York,Hempstead,Office Supplies,Art,35.0000,10.5000,4,1
2014-06-16,2014,2,6,June,East,New York,Hempstead,Office Supplies,Binders,39.5520,14.3376,3,1
2014-06-16,2014,2,6,June,East,New York,Hempstead,Office Supplies,Envelopes,41.4000,19.4580,5,1
2014-06-17,2014,2,6,June,Central,Illinois,Chicago,Office Supplies,Paper,62.0160,22.4808,2,1
2014-06-17,2014,2,6,June,East,Delaware,Newark,Technology,Machines,65.9700,31.0059,3,1
2014-06-17,2014,2,6,June,West,Washington,Seattle,Furniture,Furnishings,6.2400,2.6208,3,1
2014-06-17,2014,2,6,June,West,Washington,Seattle,Office Supplies,Binders,3266.3760,1061.5722,3,1
2014-06-17,2014,2,6,June,West,Washington,Seattle,Office Supplies,Fasteners,17.9000,8.9500,5,1
2014-06-18,2014,2,6,June,West,California,Los Angeles,Technology,Phones,139.8000,12.2325,5,1
2014-06-20,2014,2,6,June,Central,Oklahoma,Lawton,Office Supplies,Appliances,471.9000,155.7270,6,1
2014-06-20,2014,2,6,June,Central,Oklahoma,Lawton,Office Supplies,Art,3.5200,1.6896,2,1
2014-06-20,2014,2,6,June,Central,Texas,Plano,Furniture,Bookcases,193.0656,-19.8744,4,1
2014-06-20,2014,2,6,June,Central,Texas,Plano,Office Supplies,Binders,3.3920,-5.0880,4,1
2014-06-20,2014,2,6,June,Central,Texas,Plano,Office Supplies,Paper,27.2000,9.5200,5,1
2014-06-20,2014,2,6,June,Central,Texas,Plano,Office Supplies,Storage,509.4880,-127.3720,7,1
2014-06-20,2014,2,6,June,Central,Texas,Plano,Technology,Machines,418.8000,-97.7200,2,1
2014-06-20,2014,2,6,June,Central,Texas,Plano,Technology,Phones,201.5840,20.1584,2,1
2014-06-21,2014,2,6,June,East,Connecticut,Meriden,Office Supplies,Art,21.4000,6.2060,5,1
2014-06-21,2014,2,6,June,East,New Jersey,Lakewood,Office Supplies,Art,3.7600,1.0904,2,1
2014-06-21,2014,2,6,June,East,New Jersey,Lakewood,Technology,Phones,1322.9300,357.1911,7,1
2014-06-21,2014,2,6,June,East,New York,Long Beach,Technology,Phones,1214.8500,352.3065,3,1
2014-06-21,2014,2,6,June,East,New York,New York City,Office Supplies,Appliances,59.7000,26.8650,3,1
2014-06-21,2014,2,6,June,East,New York,New York City,Office Supplies,Paper,19.6500,9.0390,3,1
2014-06-21,2014,2,6,June,East,New York,New York City,Technology,Phones,617.9700,160.6722,3,1
2014-06-21,2014,2,6,June,East,Pennsylvania,Philadelphia,Furniture,Furnishings,3.9840,0.6474,1,1
2014-06-21,2014,2,6,June,East,Pennsylvania,Philadelphia,Office Supplies,Appliances,44.4160,3.8864,2,1
2014-06-21,2014,2,6,June,East,Pennsylvania,Philadelphia,Office Supplies,Binders,9.0060,-7.2048,2,1
2014-06-21,2014,2,6,June,East,Pennsylvania,Philadelphia,Office Supplies,Envelopes,24.8960,8.4024,4,1
2014-06-21,2014,2,6,June,East,Pennsylvania,Philadelphia,Technology,Accessories,95.9680,28.7904,4,1
2014-06-21,2014,2,6,June,East,Pennsylvania,Philadelphia,Technology,Machines,206.9910,-172.4925,3,1
2014-06-21,2014,2,6,June,South,Virginia,Waynesboro,Furniture,Furnishings,104.0100,14.5614,1,1
2014-06-21,2014,2,6,June,South,Virginia,Waynesboro,Office Supplies,Storage,36.8400,10.3152,3,1
2014-06-21,2014,2,6,June,South,Virginia,Waynesboro,Technology,Phones,284.8200,74.0532,1,1
2014-06-21,2014,2,6,June,West,Colorado,Pueblo,Office Supplies,Binders,36.2520,-24.9072,9,1
2014-06-22,2014,2,6,June,Central,Minnesota,Minneapolis,Office Supplies,Storage,663.7500,9.7164,6,1
2014-06-22,2014,2,6,June,East,Pennsylvania,Chester,Furniture,Chairs,1023.9880,-4.8588,8,1
2014-06-22,2014,2,6,June,East,Pennsylvania,Chester,Technology,Phones,82.7820,-15.1767,3,1
2014-06-22,2014,2,6,June,West,Arizona,Phoenix,Office Supplies,Binders,8.2260,-6.0324,3,1
2014-06-22,2014,2,6,June,West,Colorado,Louisville,Technology,Accessories,196.7520,56.5662,6,1
2014-06-23,2014,2,6,June,East,Pennsylvania,Philadelphia,Technology,Accessories,86.3760,1.0797,3,1
2014-06-23,2014,2,6,June,South,North Carolina,Concord,Office Supplies,Art,20.0160,1.7514,9,1
2014-06-23,2014,2,6,June,South,North Carolina,Concord,Office Supplies,Supplies,3.1040,0.3492,1,1
2014-06-24,2014,2,6,June,West,Arizona,Tucson,Furniture,Furnishings,4.2720,0.9612,2,1
2014-06-25,2014,2,6,June,West,California,Los Angeles,Furniture,Tables,447.8400,11.1960,5,1
2014-06-25,2014,2,6,June,West,Oregon,Salem,Office Supplies,Art,80.9600,18.7242,12,1
2014-06-25,2014,2,6,June,West,Oregon,Salem,Technology,Phones,263.9600,19.7970,5,1
2014-06-27,2014,2,6,June,South,Mississippi,Southaven,Furniture,Tables,85.9800,22.3548,1,1
2014-06-27,2014,2,6,June,South,Mississippi,Southaven,Office Supplies,Storage,306.2000,0.0000,5,1
2014-06-27,2014,2,6,June,South,Mississippi,Southaven,Technology,Accessories,223.9600,53.7504,4,1
2014-06-28,2014,2,6,June,Central,Michigan,Detroit,Office Supplies,Fasteners,6.0800,3.0400,1,1
2014-06-28,2014,2,6,June,East,Pennsylvania,Philadelphia,Furniture,Chairs,1228.4650,0.0000,5,1
2014-06-28,2014,2,6,June,East,Pennsylvania,Philadelphia,Office Supplies,Binders,34.2540,-25.2252,6,1
2014-06-28,2014,2,6,June,East,Pennsylvania,Philadelphia,Office Supplies,Paper,376.9920,131.9472,12,1
2014-06-29,2014,2,6,June,East,New York,New York City,Office Supplies,Binders,13.9200,4.8720,3,1
2014-06-29,2014,2,6,June,East,Ohio,Cincinnati,Office Supplies,Art,32.7600,3.6855,7,1
2014-06-30,2014,2,6,June,Central,Illinois,Chicago,Office Supplies,Art,5.2480,1.6400,4,1
2014-06-30,2014,2,6,June,Central,Texas,Houston,Office Supplies,Fasteners,21.3120,7.1928,6,1
2014-06-30,2014,2,6,June,Central,Texas,Houston,Office Supplies,Paper,25.9200,9.0720,5,1
2014-06-30,2014,2,6,June,East,New York,New York City,Office Supplies,Art,6.6000,2.9040,3,1
2014-06-30,2014,2,6,June,East,New York,New York City,Office Supplies,Binders,337.4560,109.6396,8,2
2014-06-30,2014,2,6,June,South,North Carolina,Wilmington,Office Supplies,Paper,310.6880,108.7408,7,1
2014-06-30,2014,2,6,June,West,California,Los Angeles,Office Supplies,Art,32.4000,10.3680,5,1
2014-07-01,2014,3,7,July,South,Florida,Deltona,Office Supplies,Binders,5.1840,-3.6288,6,1
2014-07-01,2014,3,7,July,South,Florida,Deltona,Technology,Phones,575.9200,71.9900,2,1
2014-07-01,2014,3,7,July,West,Washington,Seattle,Office Supplies,Binders,19.9200,6.9720,5,1
2014-07-02,2014,3,7,July,East,New Jersey,Plainfield,Office Supplies,Art,5.5800,2.1762,1,1
2014-07-02,2014,3,7,July,East,New Jersey,Plainfield,Technology,Phones,73.9800,19.9746,2,1
2014-07-04,2014,3,7,July,South,Virginia,Richmond,Office Supplies,Binders,15.6000,7.6440,5,1
2014-07-04,2014,3,7,July,South,Virginia,Richmond,Office Supplies,Paper,21.8400,10.9200,3,1
2014-07-04,2014,3,7,July,West,Colorado,Aurora,Office Supplies,Appliances,32.4320,3.2432,2,1
2014-07-04,2014,3,7,July,West,Colorado,Aurora,Office Supplies,Paper,177.5360,62.1376,4,1
2014-07-05,2014,3,7,July,Central,Texas,Houston,Office Supplies,Storage,502.2000,-79.3332,14,1
2014-07-05,2014,3,7,July,South,Florida,Palm Coast,Furniture,Furnishings,232.7360,21.3592,5,1
2014-07-05,2014,3,7,July,South,Florida,Palm Coast,Office Supplies,Binders,9.8100,-6.8670,5,1
2014-07-05,2014,3,7,July,South,Mississippi,Jackson,Office Supplies,Labels,14.6200,6.8714,2,1
2014-07-05,2014,3,7,July,South,Mississippi,Jackson,Office Supplies,Paper,19.4400,9.3312,3,1
2014-07-05,2014,3,7,July,South,Mississippi,Jackson,Technology,Accessories,479.9700,163.1898,3,1
2014-07-05,2014,3,7,July,South,Tennessee,Knoxville,Office Supplies,Art,4.3680,0.3822,3,1
2014-07-05,2014,3,7,July,West,California,Los Angeles,Office Supplies,Binders,180.9600,67.8600,6,1
2014-07-06,2014,3,7,July,East,New York,New York City,Technology,Copiers,559.9920,174.9975,1,1
2014-07-06,2014,3,7,July,West,California,El Cajon,Furniture,Chairs,478.4800,47.8480,2,1
2014-07-07,2014,3,7,July,East,Pennsylvania,Philadelphia,Furniture,Chairs,172.1860,-46.7362,2,1
2014-07-07,2014,3,7,July,East,Pennsylvania,Philadelphia,Furniture,Furnishings,69.0080,12.0764,2,1
2014-07-08,2014,3,7,July,East,New York,Buffalo,Furniture,Chairs,63.8820,10.6470,1,1
2014-07-08,2014,3,7,July,West,California,San Francisco,Furniture,Tables,502.4880,-87.9354,3,1
2014-07-08,2014,3,7,July,West,California,San Francisco,Office Supplies,Binders,196.7040,68.8464,6,1
2014-07-09,2014,3,7,July,Central,Texas,Dallas,Office Supplies,Paper,24.7200,8.1138,5,1
2014-07-09,2014,3,7,July,West,California,Los Angeles,Office Supplies,Binders,41.9040,14.1426,6,1
2014-07-09,2014,3,7,July,West,California,Los Angeles,Office Supplies,Labels,2.8800,1.4112,1,1
2014-07-09,2014,3,7,July,West,California,Los Angeles,Office Supplies,Storage,23.9200,4.0664,4,1
2014-07-09,2014,3,7,July,West,California,San Francisco,Furniture,Bookcases,119.8330,7.0490,1,1
2014-07-09,2014,3,7,July,West,California,San Francisco,Office Supplies,Art,5.5600,2.2240,2,1
2014-07-09,2014,3,7,July,West,California,San Francisco,Office Supplies,Binders,14.3040,4.6488,6,1
2014-07-09,2014,3,7,July,West,California,San Francisco,Office Supplies,Paper,32.4000,15.5520,5,1
2014-07-11,2014,3,7,July,Central,Texas,El Paso,Office Supplies,Paper,10.3680,3.6288,2,1
2014-07-11,2014,3,7,July,Central,Texas,El Paso,Technology,Phones,575.9680,43.1976,4,1
2014-07-11,2014,3,7,July,East,New Jersey,Hackensack,Furniture,Chairs,854.9400,213.7350,3,1
2014-07-11,2014,3,7,July,East,New Jersey,Hackensack,Furniture,Furnishings,124.1100,52.1262,9,1
2014-07-11,2014,3,7,July,East,New Jersey,Hackensack,Office Supplies,Labels,14.4000,7.0560,5,1
2014-07-11,2014,3,7,July,East,New Jersey,Hackensack,Office Supplies,Paper,177.2000,83.2840,5,1
2014-07-11,2014,3,7,July,East,New Jersey,Hackensack,Technology,Phones,197.9700,57.4113,3,1
2014-07-11,2014,3,7,July,East,New York,New York City,Office Supplies,Binders,18.2800,6.3980,5,1
2014-07-11,2014,3,7,July,East,New York,New York City,Office Supplies,Paper,49.1200,23.0864,4,1
2014-07-11,2014,3,7,July,East,New York,Niagara Falls,Technology,Phones,164.8500,47.8065,3,1
2014-07-12,2014,3,7,July,Central,Illinois,Chicago,Office Supplies,Paper,35.8560,12.9978,9,1
2014-07-12,2014,3,7,July,Central,Illinois,Chicago,Technology,Accessories,23.8400,3.2780,4,1
2014-07-12,2014,3,7,July,Central,Texas,League City,Furniture,Chairs,512.3580,-14.6388,3,1
2014-07-12,2014,3,7,July,Central,Texas,League City,Office Supplies,Art,22.2880,3.9004,7,1
2014-07-12,2014,3,7,July,Central,Texas,League City,Office Supplies,Fasteners,3.4880,0.5668,2,1
2014-07-12,2014,3,7,July,Central,Texas,League City,Office Supplies,Paper,16.0320,5.6112,3,1
2014-07-12,2014,3,7,July,West,California,Los Angeles,Office Supplies,Storage,249.7500,44.9550,9,1
2014-07-12,2014,3,7,July,West,California,Los Angeles,Technology,Phones,255.9360,28.7928,8,1
2014-07-12,2014,3,7,July,West,California,San Francisco,Furniture,Tables,698.3520,-17.4588,3,1
2014-07-12,2014,3,7,July,West,California,San Francisco,Office Supplies,Binders,7.7120,2.7956,2,1
2014-07-12,2014,3,7,July,West,Washington,Seattle,Furniture,Chairs,123.1360,13.8528,4,1
2014-07-12,2014,3,7,July,West,Washington,Seattle,Office Supplies,Binders,11.2640,3.8016,4,1
2014-07-13,2014,3,7,July,West,California,Los Angeles,Furniture,Tables,351.2160,4.3902,3,1
2014-07-14,2014,3,7,July,Central,Illinois,Aurora,Office Supplies,Binders,29.9320,-46.3946,7,1
2014-07-14,2014,3,7,July,Central,Illinois,Aurora,Technology,Phones,38.2720,3.8272,4,1
2014-07-14,2014,3,7,July,East,Delaware,Newark,Office Supplies,Appliances,39.4800,11.0544,1,1
2014-07-14,2014,3,7,July,East,New York,New York City,Office Supplies,Art,17.9400,4.4850,3,1
2014-07-14,2014,3,7,July,East,Pennsylvania,Philadelphia,Furniture,Furnishings,31.9840,1.1994,2,1
2014-07-14,2014,3,7,July,East,Pennsylvania,Philadelphia,Office Supplies,Art,41.5840,4.6782,2,1
2014-07-14,2014,3,7,July,East,Pennsylvania,Philadelphia,Technology,Phones,37.4820,-16.2420,3,1
2014-07-14,2014,3,7,July,West,Arizona,Phoenix,Office Supplies,Storage,55.9200,6.2910,5,1
2014-07-15,2014,3,7,July,Central,South Dakota,Sioux Falls,Office Supplies,Fasteners,6.5400,2.6814,3,1
2014-07-15,2014,3,7,July,Central,South Dakota,Sioux Falls,Technology,Accessories,2.9700,1.3068,3,1
2014-07-18,2014,3,7,July,East,New York,New Rochelle,Office Supplies,Binders,13.9040,4.5188,2,1
2014-07-18,2014,3,7,July,West,Arizona,Tucson,Furniture,Chairs,259.1360,-25.9136,4,1
2014-07-19,2014,3,7,July,East,Connecticut,Bristol,Furniture,Tables,70.5600,-4.0320,1,1
2014-07-19,2014,3,7,July,East,Connecticut,Bristol,Office Supplies,Binders,24.6900,11.4336,3,1
2014-07-19,2014,3,7,July,East,Connecticut,Bristol,Technology,Phones,359.9800,93.5948,2,1
2014-07-19,2014,3,7,July,West,Montana,Great Falls,Office Supplies,Binders,6.0960,2.2098,2,1
2014-07-20,2014,3,7,July,Central,Texas,Dallas,Furniture,Chairs,981.3720,-140.1960,2,1
2014-07-20,2014,3,7,July,Central,Texas,Dallas,Furniture,Furnishings,16.7400,-14.2290,5,1
2014-07-20,2014,3,7,July,Central,Texas,Dallas,Office Supplies,Storage,342.8640,38.5722,3,1
2014-07-20,2014,3,7,July,East,Ohio,Springfield,Office Supplies,Binders,27.3600,-21.8880,3,1
2014-07-20,2014,3,7,July,East,Ohio,Springfield,Office Supplies,Storage,25.9840,-5.1968,1,1
2014-07-20,2014,3,7,July,West,California,Riverside,Office Supplies,Art,13.1200,3.8048,4,1
2014-07-20,2014,3,7,July,West,California,Riverside,Office Supplies,Paper,11.9600,5.8604,2,1
2014-07-20,2014,3,7,July,West,California,Riverside,Office Supplies,Storage,535.4100,160.6230,3,1
2014-07-20,2014,3,7,July,West,California,Riverside,Technology,Accessories,41.9400,15.0984,2,1
2014-07-20,2014,3,7,July,West,California,San Diego,Furniture,Furnishings,43.0200,15.4872,3,1
2014-07-20,2014,3,7,July,West,California,San Diego,Office Supplies,Binders,8.7040,3.1552,2,1
2014-07-20,2014,3,7,July,West,California,San Diego,Office Supplies,Paper,124.7700,60.0888,5,1
2014-07-20,2014,3,7,July,West,California,San Francisco,Office Supplies,Binders,89.7120,30.2778,6,1
2014-07-20,2014,3,7,July,West,California,San Francisco,Office Supplies,Paper,22.8300,10.7301,3,1
2014-07-21,2014,3,7,July,Central,Nebraska,Omaha,Technology,Phones,35.9800,10.0744,2,1
2014-07-21,2014,3,7,July,Central,Texas,Dallas,Furniture,Chairs,657.9300,-93.9900,5,1
2014-07-21,2014,3,7,July,Central,Texas,Dallas,Office Supplies,Appliances,4.9920,-12.9792,3,1
2014-07-21,2014,3,7,July,Central,Texas,Dallas,Office Supplies,Binders,1.0440,-1.8270,1,1
2014-07-21,2014,3,7,July,Central,Texas,Dallas,Office Supplies,Envelopes,87.9200,29.6730,5,1
2014-07-21,2014,3,7,July,West,California,San Francisco,Furniture,Chairs,801.5680,50.0980,2,1
2014-07-21,2014,3,7,July,West,California,San Francisco,Furniture,Tables,272.8480,27.2848,1,1
2014-07-21,2014,3,7,July,West,California,San Francisco,Office Supplies,Art,99.2000,25.7920,5,1
2014-07-22,2014,3,7,July,Central,Texas,Houston,Office Supplies,Storage,26.6320,1.3316,1,1
2014-07-22,2014,3,7,July,East,New York,New York City,Office Supplies,Art,5.9600,1.6688,2,1
2014-07-22,2014,3,7,July,East,New York,New York City,Technology,Accessories,159.9800,57.5928,2,1
2014-07-22,2014,3,7,July,West,California,Los Angeles,Office Supplies,Art,19.6800,6.4944,6,1
2014-07-22,2014,3,7,July,West,California,San Francisco,Furniture,Chairs,717.7200,71.7720,3,1
2014-07-22,2014,3,7,July,West,California,San Francisco,Furniture,Tables,170.3520,19.1646,3,1
2014-07-22,2014,3,7,July,West,California,San Francisco,Office Supplies,Art,11.5200,3.2256,4,1
2014-07-22,2014,3,7,July,West,California,San Francisco,Office Supplies,Storage,236.5000,68.5850,10,1
2014-07-23,2014,3,7,July,East,New York,New York City,Technology,Accessories,99.9800,7.9984,2,1
2014-07-23,2014,3,7,July,West,Arizona,Tucson,Office Supplies,Art,9.2400,0.9240,1,1
2014-07-23,2014,3,7,July,West,Arizona,Tucson,Office Supplies,Binders,8.1600,-5.7120,5,1
2014-07-23,2014,3,7,July,West,Arizona,Tucson,Technology,Accessories,1502.9760,149.2488,18,1
2014-07-23,2014,3,7,July,West,California,San Francisco,Office Supplies,Supplies,40.7000,11.8030,5,1
2014-07-23,2014,3,7,July,West,California,San Francisco,Technology,Accessories,45.0000,4.9500,3,1
2014-07-23,2014,3,7,July,West,California,San Francisco,Technology,Phones,907.1280,98.2722,9,1
2014-07-25,2014,3,7,July,West,California,Los Angeles,Office Supplies,Paper,6.4800,3.1752,1,1
2014-07-25,2014,3,7,July,West,California,Los Angeles,Office Supplies,Supplies,15.5200,4.5008,4,1
2014-07-25,2014,3,7,July,West,California,San Francisco,Furniture,Furnishings,77.9200,34.2848,8,1
2014-07-25,2014,3,7,July,West,California,San Francisco,Office Supplies,Storage,53.7200,15.0416,4,1
2014-07-25,2014,3,7,July,West,California,San Francisco,Office Supplies,Supplies,8187.6500,327.5060,5,1
2014-07-26,2014,3,7,July,Central,Illinois,Chicago,Office Supplies,Storage,123.5520,-29.3436,3,1
2014-07-26,2014,3,7,July,Central,Texas,San Antonio,Furniture,Furnishings,17.4960,-10.0602,3,1
2014-07-26,2014,3,7,July,Central,Texas,San Antonio,Office Supplies,Appliances,4.8360,-12.0900,2,1
2014-07-26,2014,3,7,July,Central,Texas,San Antonio,Office Supplies,Binders,2203.2480,-3742.0672,17,1
2014-07-26,2014,3,7,July,Central,Texas,San Antonio,Technology,Accessories,431.1360,-26.9460,9,1
2014-07-26,2014,3,7,July,South,Georgia,Atlanta,Furniture,Chairs,67.8800,18.3276,2,1
2014-07-26,2014,3,7,July,South,Georgia,Atlanta,Furniture,Furnishings,25.7100,9.2556,3,1
2014-07-26,2014,3,7,July,South,Georgia,Atlanta,Office Supplies,Labels,162.8900,76.5583,13,1
2014-07-26,2014,3,7,July,West,Nevada,North Las Vegas,Furniture,Chairs,674.3520,-109.5822,3,1
2014-07-26,2014,3,7,July,West,Nevada,North Las Vegas,Furniture,Furnishings,134.0100,36.1827,9,1
2014-07-26,2014,3,7,July,West,Nevada,North Las Vegas,Technology,Accessories,170.9700,70.0977,3,1
2014-07-26,2014,3,7,July,West,Nevada,North Las Vegas,Technology,Phones,911.9840,113.9980,2,1
2014-07-26,2014,3,7,July,West,Utah,Draper,Technology,Accessories,111.9300,34.6983,7,1
2014-07-27,2014,3,7,July,East,New York,New York City,Office Supplies,Paper,65.7800,32.2322,11,1
2014-07-27,2014,3,7,July,West,California,Los Angeles,Office Supplies,Storage,276.2800,0.0000,2,1
2014-07-27,2014,3,7,July,West,California,San Francisco,Technology,Accessories,238.0000,38.0800,2,1
2014-07-28,2014,3,7,July,South,Florida,Apopka,Furniture,Furnishings,129.8880,12.9888,6,1
2014-07-28,2014,3,7,July,South,Florida,Apopka,Office Supplies,Envelopes,48.9440,16.5186,7,1
2014-07-28,2014,3,7,July,South,Florida,Apopka,Office Supplies,Fasteners,14.3200,5.1910,5,1
2014-07-30,2014,3,7,July,West,Washington,Seattle,Furniture,Bookcases,1367.8400,259.8896,8,1
2014-08-01,2014,3,8,August,East,Pennsylvania,Philadelphia,Office Supplies,Fasteners,5.6800,1.9170,2,1
2014-08-01,2014,3,8,August,South,North Carolina,Charlotte,Furniture,Furnishings,44.1280,12.1352,4,1
2014-08-01,2014,3,8,August,South,North Carolina,Charlotte,Office Supplies,Appliances,62.9200,10.2245,1,1
2014-08-01,2014,3,8,August,South,North Carolina,Charlotte,Office Supplies,Labels,17.5440,5.9211,3,1
2014-08-01,2014,3,8,August,South,North Carolina,Charlotte,Office Supplies,Paper,78.3040,29.3640,2,1
2014-08-01,2014,3,8,August,West,California,San Francisco,Office Supplies,Binders,19.7520,6.9132,3,1
2014-08-02,2014,3,8,August,Central,Missouri,Springfield,Office Supplies,Binders,26.7000,12.5490,5,1
2014-08-02,2014,3,8,August,Central,Missouri,Springfield,Office Supplies,Storage,838.3800,226.3626,2,1
2014-08-02,2014,3,8,August,Central,Missouri,Springfield,Technology,Accessories,21.2000,9.1160,2,1
2014-08-03,2014,3,8,August,East,New York,New York City,Office Supplies,Paper,39.9600,18.7812,2,1
2014-08-03,2014,3,8,August,East,New York,New York City,Office Supplies,Storage,21.3600,5.7672,2,1
2014-08-03,2014,3,8,August,East,New York,New York City,Office Supplies,Supplies,102.3000,26.5980,10,1
2014-08-03,2014,3,8,August,West,Arizona,Glendale,Office Supplies,Paper,93.0240,33.7212,3,1
2014-08-03,2014,3,8,August,West,Colorado,Denver,Furniture,Tables,218.7500,-161.8750,2,1
2014-08-03,2014,3,8,August,West,Colorado,Denver,Office Supplies,Appliances,2.6000,0.2925,1,1
2014-08-04,2014,3,8,August,East,Maine,Bangor,Office Supplies,Appliances,101.9600,27.5292,2,1
2014-08-04,2014,3,8,August,East,Maine,Bangor,Office Supplies,Paper,259.7400,124.6752,13,1
2014-08-04,2014,3,8,August,East,Maine,Bangor,Technology,Accessories,255.4200,104.7222,9,1
2014-08-04,2014,3,8,August,West,Utah,Pleasant Grove,Office Supplies,Appliances,1089.7500,305.1300,3,1
2014-08-04,2014,3,8,August,West,Utah,Pleasant Grove,Office Supplies,Art,16.4000,4.2640,5,1
2014-08-04,2014,3,8,August,West,Utah,Pleasant Grove,Office Supplies,Binders,13.1840,4.7792,1,1
2014-08-04,2014,3,8,August,West,Utah,Pleasant Grove,Office Supplies,Paper,447.8400,219.4416,8,1
2014-08-04,2014,3,8,August,West,Utah,Pleasant Grove,Office Supplies,Storage,158.9000,7.9450,5,1
2014-08-04,2014,3,8,August,West,Utah,Pleasant Grove,Technology,Phones,399.9600,34.9965,5,1
2014-08-05,2014,3,8,August,Central,Texas,Texas City,Furniture,Tables,489.2300,41.9340,2,1
2014-08-05,2014,3,8,August,East,Connecticut,Meriden,Furniture,Chairs,1133.3500,294.6710,5,1
2014-08-05,2014,3,8,August,East,Connecticut,Meriden,Office Supplies,Appliances,79.4700,22.2516,3,1
2014-08-05,2014,3,8,August,East,Connecticut,Meriden,Office Supplies,Art,4.5600,2.0064,2,1
2014-08-05,2014,3,8,August,East,New York,New York City,Office Supplies,Art,15.9600,7.0224,7,1
2014-08-05,2014,3,8,August,East,New York,New York City,Technology,Phones,135.9900,36.7173,1,1
2014-08-05,2014,3,8,August,West,California,Los Angeles,Furniture,Chairs,340.1440,21.2590,7,1
2014-08-05,2014,3,8,August,West,California,Los Angeles,Office Supplies,Paper,131.9000,63.1026,5,1
2014-08-05,2014,3,8,August,West,California,San Francisco,Office Supplies,Art,45.9800,12.8744,2,1
2014-08-05,2014,3,8,August,West,California,San Francisco,Office Supplies,Storage,15.7800,0.6312,2,1
2014-08-05,2014,3,8,August,West,California,San Francisco,Technology,Accessories,16.3600,1.6360,1,1
2014-08-06,2014,3,8,August,East,New York,New York City,Technology,Accessories,199.9800,83.9916,2,1
2014-08-06,2014,3,8,August,South,South Carolina,Columbia,Technology,Accessories,62.9100,22.6476,3,1
2014-08-08,2014,3,8,August,Central,Michigan,Trenton,Furniture,Furnishings,53.8800,22.6296,6,1
2014-08-08,2014,3,8,August,Central,Michigan,Trenton,Office Supplies,Appliances,167.5350,37.2300,3,1
2014-08-08,2014,3,8,August,Central,Michigan,Trenton,Office Supplies,Envelopes,38.3400,17.2530,3,1
2014-08-08,2014,3,8,August,Central,Michigan,Trenton,Technology,Copiers,549.9900,274.9950,1,1
2014-08-08,2014,3,8,August,Central,Michigan,Trenton,Technology,Phones,299.9800,83.9944,2,1
2014-08-08,2014,3,8,August,South,Florida,Jacksonville,Furniture,Bookcases,155.4560,-7.7728,4,1
2014-08-08,2014,3,8,August,West,Arizona,Glendale,Furniture,Furnishings,121.3760,-3.0344,4,1
2014-08-08,2014,3,8,August,West,Arizona,Glendale,Technology,Accessories,95.9760,-10.7973,3,1
2014-08-08,2014,3,8,August,West,California,San Diego,Furniture,Furnishings,327.7600,91.7728,8,1
2014-08-08,2014,3,8,August,West,California,San Diego,Office Supplies,Appliances,76.1200,22.0748,2,1
2014-08-08,2014,3,8,August,West,California,San Diego,Technology,Copiers,1199.9760,434.9913,3,1
2014-08-08,2014,3,8,August,West,California,San Diego,Technology,Phones,445.9600,55.7450,5,1
2014-08-08,2014,3,8,August,West,California,Vacaville,Office Supplies,Storage,423.2800,110.0528,11,1
2014-08-09,2014,3,8,August,South,Florida,Saint Petersburg,Office Supplies,Paper,15.5520,5.4432,3,1
2014-08-09,2014,3,8,August,South,Florida,Saint Petersburg,Technology,Phones,178.3840,22.2980,2,1
2014-08-09,2014,3,8,August,West,Arizona,Phoenix,Office Supplies,Binders,9.3450,-6.5415,5,1
2014-08-09,2014,3,8,August,West,Arizona,Phoenix,Office Supplies,Fasteners,4.4640,-0.9486,3,1
2014-08-09,2014,3,8,August,West,California,Fresno,Office Supplies,Paper,5.9800,2.6910,1,1
2014-08-09,2014,3,8,August,West,California,San Diego,Office Supplies,Labels,20.8800,9.6048,8,1
2014-08-09,2014,3,8,August,West,Washington,Seattle,Office Supplies,Binders,2060.7440,643.9825,7,1
2014-08-09,2014,3,8,August,West,Washington,Seattle,Technology,Phones,1310.3360,24.3644,6,1
2014-08-11,2014,3,8,August,East,New York,New York City,Office Supplies,Storage,375.3400,18.7670,1,1
2014-08-11,2014,3,8,August,West,Washington,Seattle,Furniture,Furnishings,12.3500,5.4340,1,1
2014-08-11,2014,3,8,August,West,Washington,Seattle,Office Supplies,Art,40.9700,10.6522,1,1
2014-08-11,2014,3,8,August,West,Washington,Seattle,Office Supplies,Fasteners,22.9600,10.7912,2,1
2014-08-12,2014,3,8,August,East,New Jersey,Lakewood,Office Supplies,Binders,196.2100,98.1050,7,1
2014-08-12,2014,3,8,August,South,Florida,Miami,Office Supplies,Appliances,211.2480,15.8436,6,1
2014-08-12,2014,3,8,August,South,Florida,Miami,Office Supplies,Art,47.9600,4.1965,5,1
2014-08-12,2014,3,8,August,South,Florida,Miami,Office Supplies,Labels,2.9520,0.9963,1,1
2014-08-12,2014,3,8,August,South,Florida,Miami,Office Supplies,Paper,31.1040,10.8864,6,1
2014-08-12,2014,3,8,August,South,Florida,Miami,Office Supplies,Supplies,5.5520,-1.0410,2,1
2014-08-12,2014,3,8,August,South,Florida,Miami,Technology,Accessories,158.9280,41.7186,7,1
2014-08-12,2014,3,8,August,South,Georgia,Woodstock,Office Supplies,Binders,14.0400,6.7392,3,1
2014-08-12,2014,3,8,August,South,Georgia,Woodstock,Technology,Accessories,272.6100,98.1396,13,1
2014-08-12,2014,3,8,August,West,California,San Francisco,Furniture,Furnishings,85.4400,31.6128,3,1
2014-08-12,2014,3,8,August,West,California,San Francisco,Technology,Phones,806.3360,50.3960,8,1
2014-08-15,2014,3,8,August,Central,Texas,Dallas,Office Supplies,Binders,30.9600,-52.6320,8,1
2014-08-15,2014,3,8,August,East,Connecticut,Fairfield,Office Supplies,Binders,62.9400,30.2112,3,1
2014-08-15,2014,3,8,August,South,Florida,Hollywood,Office Supplies,Appliances,152.2400,17.1270,5,1
2014-08-15,2014,3,8,August,South,Florida,Hollywood,Office Supplies,Paper,91.3600,29.6920,5,1
2014-08-15,2014,3,8,August,West,California,San Francisco,Furniture,Chairs,195.1360,-12.1960,4,1
2014-08-15,2014,3,8,August,West,California,San Francisco,Office Supplies,Appliances,152.9100,42.8148,3,1
2014-08-15,2014,3,8,August,West,California,San Francisco,Office Supplies,Binders,64.2960,21.3426,7,1
2014-08-15,2014,3,8,August,West,California,San Francisco,Office Supplies,Paper,92.9400,41.8230,3,1
2014-08-16,2014,3,8,August,East,Pennsylvania,Philadelphia,Furniture,Tables,853.0920,-227.4912,6,1
2014-08-17,2014,3,8,August,Central,Texas,Houston,Office Supplies,Paper,15.5520,5.4432,3,1
2014-08-17,2014,3,8,August,South,Arkansas,Little Rock,Office Supplies,Binders,17.9600,8.2616,4,1
2014-08-17,2014,3,8,August,South,Arkansas,Little Rock,Office Supplies,Fasteners,12.6700,4.5612,7,1
2014-08-17,2014,3,8,August,South,Arkansas,Little Rock,Office Supplies,Paper,114.2000,52.5320,5,1
2014-08-17,2014,3,8,August,South,Arkansas,Little Rock,Technology,Accessories,339.9600,122.3856,4,1
2014-08-19,2014,3,8,August,East,Ohio,Columbus,Office Supplies,Art,10.7200,1.7420,2,1
2014-08-19,2014,3,8,August,East,Ohio,Columbus,Office Supplies,Binders,76.7760,-58.8616,4,1
2014-08-19,2014,3,8,August,East,Ohio,Columbus,Office Supplies,Supplies,9.1840,1.1480,2,1
2014-08-19,2014,3,8,August,South,Arkansas,Jonesboro,Furniture,Bookcases,638.8200,172.4814,9,1
2014-08-19,2014,3,8,August,South,Georgia,Columbus,Office Supplies,Storage,344.9100,10.3473,3,1
2014-08-19,2014,3,8,August,West,California,Los Angeles,Furniture,Furnishings,289.2400,26.0316,7,1
2014-08-19,2014,3,8,August,West,California,Los Angeles,Office Supplies,Binders,69.4560,22.5732,2,1
2014-08-20,2014,3,8,August,Central,Illinois,Chicago,Furniture,Chairs,421.3720,-6.0196,2,1
2014-08-20,2014,3,8,August,South,Virginia,Hampton,Furniture,Chairs,500.2400,145.0696,13,1
2014-08-20,2014,3,8,August,South,Virginia,Hampton,Office Supplies,Binders,896.9900,421.5853,1,1
2014-08-20,2014,3,8,August,South,Virginia,Hampton,Office Supplies,Paper,20.1200,9.2552,2,1
2014-08-22,2014,3,8,August,Central,Missouri,Saint Charles,Office Supplies,Paper,11.5600,5.6644,2,1
2014-08-22,2014,3,8,August,East,Ohio,Lakewood,Office Supplies,Art,3.9120,1.0269,1,1
2014-08-22,2014,3,8,August,South,Florida,North Miami,Office Supplies,Supplies,7.6320,-1.8126,3,1
2014-08-23,2014,3,8,August,Central,Michigan,Grand Rapids,Office Supplies,Paper,19.4400,9.5256,3,1
2014-08-23,2014,3,8,August,East,New York,New York City,Office Supplies,Paper,71.8400,34.9424,8,1
2014-08-23,2014,3,8,August,West,California,Los Angeles,Office Supplies,Binders,49.5680,17.3488,2,1
2014-08-23,2014,3,8,August,West,Colorado,Denver,Furniture,Furnishings,4.2240,1.2672,3,1
2014-08-23,2014,3,8,August,West,Colorado,Denver,Office Supplies,Paper,269.7120,86.0346,18,1
2014-08-23,2014,3,8,August,West,Colorado,Denver,Office Supplies,Supplies,6.8000,0.5100,1,1
2014-08-23,2014,3,8,August,West,Colorado,Denver,Technology,Phones,143.6400,10.7730,9,1
2014-08-24,2014,3,8,August,East,New York,Oceanside,Furniture,Furnishings,13.2800,6.3744,2,1
2014-08-24,2014,3,8,August,East,New York,Oceanside,Office Supplies,Binders,12.6720,4.4352,3,1
2014-08-24,2014,3,8,August,South,Kentucky,Owensboro,Office Supplies,Supplies,25.5000,6.6300,3,1
2014-08-24,2014,3,8,August,West,Montana,Billings,Office Supplies,Binders,8.2880,2.6936,2,1
2014-08-25,2014,3,8,August,Central,Texas,Houston,Office Supplies,Binders,38.0640,-59.6184,6,1
2014-08-25,2014,3,8,August,East,Ohio,Columbus,Office Supplies,Binders,30.2460,-23.5440,15,1
2014-08-25,2014,3,8,August,East,Ohio,Columbus,Office Supplies,Envelopes,135.1840,45.6836,8,1
2014-08-25,2014,3,8,August,East,Ohio,Columbus,Office Supplies,Fasteners,40.0960,14.5348,14,1
2014-08-25,2014,3,8,August,East,Ohio,Columbus,Office Supplies,Paper,23.9760,7.4925,3,1
2014-08-25,2014,3,8,August,West,California,Los Angeles,Furniture,Furnishings,6.2800,2.6376,1,1
2014-08-25,2014,3,8,August,West,California,Los Angeles,Office Supplies,Paper,25.9200,12.4416,4,1
2014-08-25,2014,3,8,August,West,California,Los Angeles,Office Supplies,Storage,48.8400,13.1868,4,1
2014-08-25,2014,3,8,August,West,California,Los Angeles,Technology,Accessories,95.1000,30.4320,5,1
2014-08-25,2014,3,8,August,West,Washington,Seattle,Technology,Phones,1007.9440,75.5958,7,1
2014-08-26,2014,3,8,August,East,Delaware,Newark,Furniture,Furnishings,10.6800,4.0584,4,1
2014-08-26,2014,3,8,August,East,Delaware,Newark,Office Supplies,Art,8.6400,2.5056,3,1
2014-08-26,2014,3,8,August,East,Delaware,Newark,Office Supplies,Paper,20.7200,10.0514,4,1
2014-08-26,2014,3,8,August,East,Delaware,Newark,Technology,Accessories,149.9700,52.4895,3,1
2014-08-26,2014,3,8,August,West,California,Los Angeles,Technology,Accessories,176.8000,22.9840,8,1
2014-08-27,2014,3,8,August,South,Virginia,Springfield,Furniture,Furnishings,29.1200,12.5216,4,1
2014-08-27,2014,3,8,August,South,Virginia,Springfield,Furniture,Tables,1202.9400,300.7350,3,1
2014-08-27,2014,3,8,August,South,Virginia,Springfield,Office Supplies,Paper,13.3600,6.4128,2,1
2014-08-27,2014,3,8,August,South,Virginia,Springfield,Technology,Phones,579.9500,168.1855,5,1
2014-08-27,2014,3,8,August,West,California,San Francisco,Office Supplies,Art,8.5600,2.4824,2,1
2014-08-27,2014,3,8,August,West,California,San Francisco,Office Supplies,Binders,22.7200,7.3840,4,1
2014-08-27,2014,3,8,August,West,California,San Francisco,Technology,Phones,213.4800,16.0110,3,1
2014-08-29,2014,3,8,August,South,Florida,Miami,Furniture,Tables,174.0585,-110.7645,3,1
2014-08-29,2014,3,8,August,South,Florida,Miami,Office Supplies,Binders,505.1760,-336.7840,4,1
2014-08-29,2014,3,8,August,South,Florida,Miami,Office Supplies,Envelopes,29.8080,10.8054,2,1
2014-08-29,2014,3,8,August,West,California,San Francisco,Office Supplies,Paper,123.2800,60.2736,4,1
2014-08-30,2014,3,8,August,East,Connecticut,Bristol,Office Supplies,Binders,25.3000,11.8910,5,1
2014-08-30,2014,3,8,August,East,Connecticut,Bristol,Office Supplies,Storage,95.9400,9.5940,3,1
2014-08-31,2014,3,8,August,West,New Mexico,Santa Fe,Technology,Accessories,92.5200,18.5040,9,1
2014-09-01,2014,3,9,September,Central,Texas,Houston,Office Supplies,Binders,3.6480,-6.0192,3,1
2014-09-01,2014,3,9,September,Central,Texas,Houston,Office Supplies,Paper,31.1040,10.8864,6,1
2014-09-01,2014,3,9,September,East,New York,New York City,Office Supplies,Binders,23.7440,8.3104,2,1
2014-09-01,2014,3,9,September,East,New York,New York City,Technology,Accessories,357.0000,57.1200,3,1
2014-09-01,2014,3,9,September,West,California,Escondido,Office Supplies,Art,53.9400,15.6426,3,1
2014-09-02,2014,3,9,September,Central,Illinois,Buffalo Grove,Technology,Accessories,475.9440,95.1888,7,1
2014-09-02,2014,3,9,September,Central,Illinois,Chicago,Technology,Accessories,239.9760,53.9946,3,1
2014-09-02,2014,3,9,September,Central,Texas,Houston,Technology,Machines,559.7100,-121.2705,3,1
2014-09-02,2014,3,9,September,East,New York,New York City,Office Supplies,Art,78.9900,24.2412,8,2
2014-09-02,2014,3,9,September,East,New York,New York City,Office Supplies,Paper,14.9400,7.0218,3,1
2014-09-02,2014,3,9,September,East,New York,Watertown,Furniture,Furnishings,70.7100,4.9497,1,1
2014-09-02,2014,3,9,September,East,New York,Watertown,Office Supplies,Appliances,19.9000,8.9550,1,1
2014-09-02,2014,3,9,September,South,Arkansas,Fayetteville,Office Supplies,Binders,1793.9800,843.1706,2,1
2014-09-03,2014,3,9,September,Central,Texas,Houston,Office Supplies,Binders,7.6800,-11.5200,5,1
2014-09-03,2014,3,9,September,East,New York,New York City,Office Supplies,Labels,14.4000,7.0560,5,1
2014-09-05,2014,3,9,September,East,Ohio,Bowling Green,Office Supplies,Storage,264.3200,19.8240,2,1
2014-09-05,2014,3,9,September,South,Florida,Saint Petersburg,Furniture,Furnishings,31.9840,1.9990,2,1
2014-09-06,2014,3,9,September,West,California,San Francisco,Furniture,Furnishings,41.8800,12.1452,6,1
2014-09-06,2014,3,9,September,West,California,San Francisco,Office Supplies,Labels,58.4800,27.4856,8,1
2014-09-07,2014,3,9,September,Central,Illinois,Oswego,Office Supplies,Binders,308.8180,-540.2401,8,1
2014-09-07,2014,3,9,September,Central,Illinois,Oswego,Office Supplies,Fasteners,13.1600,4.1125,5,1
2014-09-07,2014,3,9,September,Central,Oklahoma,Tulsa,Furniture,Chairs,161.9600,45.3488,2,1
2014-09-07,2014,3,9,September,Central,Oklahoma,Tulsa,Furniture,Furnishings,879.5700,237.3417,9,1
2014-09-07,2014,3,9,September,Central,Oklahoma,Tulsa,Furniture,Tables,429.9000,111.7740,5,1
2014-09-07,2014,3,9,September,Central,Oklahoma,Tulsa,Office Supplies,Binders,74.8700,35.5095,5,2
2014-09-07,2014,3,9,September,Central,Oklahoma,Tulsa,Office Supplies,Paper,12.9600,6.2208,2,1
2014-09-07,2014,3,9,September,Central,Oklahoma,Tulsa,Office Supplies,Storage,19.8600,5.7594,2,1
2014-09-07,2014,3,9,September,Central,Oklahoma,Tulsa,Technology,Phones,104.8500,28.3095,3,1
2014-09-07,2014,3,9,September,Central,Texas,Houston,Furniture,Tables,200.7950,-22.9480,1,1
2014-09-07,2014,3,9,September,Central,Texas,Houston,Office Supplies,Art,21.8640,3.5529,3,1
2014-09-07,2014,3,9,September,Central,Texas,Houston,Office Supplies,Binders,2.9200,-4.8180,2,1
2014-09-07,2014,3,9,September,Central,Texas,Houston,Technology,Accessories,46.6880,-2.9180,4,1
2014-09-07,2014,3,9,September,Central,Texas,Houston,Technology,Phones,196.7760,14.7582,3,1
2014-09-07,2014,3,9,September,East,New York,New York City,Technology,Phones,377.9700,109.6113,3,1
2014-09-07,2014,3,9,September,East,Pennsylvania,Philadelphia,Furniture,Furnishings,42.3680,8.4736,2,1
2014-09-07,2014,3,9,September,East,Pennsylvania,Philadelphia,Office Supplies,Storage,64.7840,-14.5764,1,1
2014-09-07,2014,3,9,September,East,Pennsylvania,Philadelphia,Technology,Machines,399.5400,-559.3560,4,1
2014-09-07,2014,3,9,September,East,Pennsylvania,Philadelphia,Technology,Phones,32.3820,4.3176,3,1
2014-09-07,2014,3,9,September,West,California,Santa Clara,Office Supplies,Binders,83.9200,31.4700,5,1
2014-09-07,2014,3,9,September,West,California,Santa Clara,Office Supplies,Paper,20.5600,9.6632,2,1
2014-09-07,2014,3,9,September,West,California,Santa Clara,Office Supplies,Supplies,27.3600,7.3872,4,1
2014-09-08,2014,3,9,September,Central,Texas,Houston,Furniture,Chairs,966.7000,-13.8100,5,1
2014-09-08,2014,3,9,September,Central,Texas,Houston,Office Supplies,Paper,200.0160,67.7292,8,1
2014-09-08,2014,3,9,September,Central,Texas,San Antonio,Furniture,Chairs,1740.0600,-24.8580,9,1
2014-09-08,2014,3,9,September,Central,Texas,San Antonio,Office Supplies,Appliances,177.9800,-453.8490,5,1
2014-09-08,2014,3,9,September,Central,Texas,San Antonio,Office Supplies,Art,42.0000,9.5460,9,1
2014-09-08,2014,3,9,September,Central,Texas,San Antonio,Office Supplies,Storage,275.9280,-58.6347,3,1
2014-09-08,2014,3,9,September,Central,Texas,San Antonio,Technology,Machines,8159.9520,-1359.9920,8,1
2014-09-08,2014,3,9,September,Central,Texas,San Antonio,Technology,Phones,143.9760,8.9985,3,1
2014-09-08,2014,3,9,September,Central,Texas,Tyler,Office Supplies,Binders,51.1840,-79.3352,4,1
2014-09-08,2014,3,9,September,East,New York,Long Beach,Office Supplies,Appliances,16.7800,4.1950,2,1
2014-09-08,2014,3,9,September,East,New York,New York City,Furniture,Chairs,172.7640,13.4372,2,1
2014-09-08,2014,3,9,September,East,New York,New York City,Office Supplies,Art,3.5200,1.6896,2,1
2014-09-08,2014,3,9,September,South,Georgia,Macon,Technology,Accessories,116.8500,43.0551,7,1
2014-09-08,2014,3,9,September,South,Virginia,Chesapeake,Office Supplies,Fasteners,45.0000,21.6000,9,1
2014-09-08,2014,3,9,September,South,Virginia,Chesapeake,Technology,Machines,209.9700,90.2871,3,1
2014-09-08,2014,3,9,September,West,California,San Francisco,Office Supplies,Appliances,56.6500,24.3595,5,1
2014-09-08,2014,3,9,September,West,California,San Francisco,Office Supplies,Binders,8.6080,3.0128,2,1
2014-09-08,2014,3,9,September,West,California,San Francisco,Office Supplies,Fasteners,4.0200,1.9698,2,1
2014-09-08,2014,3,9,September,West,California,San Francisco,Office Supplies,Storage,14.9700,4.1916,1,1
2014-09-08,2014,3,9,September,West,California,San Francisco,Technology,Accessories,49.9800,8.4966,2,1
2014-09-08,2014,3,9,September,West,Washington,Pasco,Furniture,Chairs,975.9200,121.9900,5,1
2014-09-08,2014,3,9,September,West,Washington,Pasco,Office Supplies,Art,309.7200,93.7980,10,1
2014-09-08,2014,3,9,September,West,Washington,Pasco,Office Supplies,Storage,485.8800,19.4352,6,1
2014-09-09,2014,3,9,September,Central,Illinois,Chicago,Office Supplies,Paper,10.8960,3.4050,3,1
2014-09-09,2014,3,9,September,Central,Michigan,Detroit,Office Supplies,Labels,103.6000,51.8000,7,1
2014-09-09,2014,3,9,September,East,Massachusetts,Lowell,Furniture,Chairs,785.8800,212.1876,6,1
2014-09-09,2014,3,9,September,East,Massachusetts,Lowell,Office Supplies,Paper,192.6400,92.7292,5,1
2014-09-09,2014,3,9,September,East,Massachusetts,Lowell,Office Supplies,Storage,1325.8500,238.6530,5,1
2014-09-09,2014,3,9,September,East,Ohio,Lancaster,Furniture,Furnishings,60.6720,12.8928,6,1
2014-09-09,2014,3,9,September,East,Ohio,Lancaster,Office Supplies,Art,30.8160,2.6964,9,1
2014-09-09,2014,3,9,September,East,Pennsylvania,Philadelphia,Furniture,Furnishings,17.4720,5.0232,3,1
2014-09-09,2014,3,9,September,East,Pennsylvania,Philadelphia,Office Supplies,Paper,15.5520,5.4432,3,1
2014-09-09,2014,3,9,September,East,Pennsylvania,Philadelphia,Technology,Accessories,64.7040,-4.8528,6,1
2014-09-09,2014,3,9,September,East,Pennsylvania,Philadelphia,Technology,Phones,135.5160,-31.6204,1,1
2014-09-09,2014,3,9,September,South,North Carolina,Greenville,Technology,Machines,1299.9900,-571.9956,2,1
2014-09-10,2014,3,9,September,East,New Jersey,Clifton,Furniture,Furnishings,254.9000,76.4700,5,1
2014-09-10,2014,3,9,September,East,New Jersey,Clifton,Office Supplies,Appliances,81.9200,22.1184,4,1
2014-09-10,2014,3,9,September,South,Virginia,Virginia Beach,Office Supplies,Binders,9.6400,4.7236,2,1
2014-09-10,2014,3,9,September,West,Oregon,Gresham,Furniture,Chairs,1487.0400,148.7040,5,1
2014-09-10,2014,3,9,September,West,Oregon,Gresham,Office Supplies,Envelopes,21.7280,7.6048,7,1
2014-09-11,2014,3,9,September,West,California,Oxnard,Furniture,Furnishings,127.9500,21.7515,3,1
2014-09-12,2014,3,9,September,Central,Kansas,Olathe,Furniture,Furnishings,40.5600,12.9792,2,1
2014-09-12,2014,3,9,September,Central,Kansas,Olathe,Office Supplies,Binders,331.9600,149.3820,2,1
2014-09-12,2014,3,9,September,Central,Kansas,Olathe,Office Supplies,Supplies,357.9300,7.1586,3,1
2014-09-12,2014,3,9,September,Central,Kansas,Olathe,Technology,Accessories,57.4000,10.9060,5,1
2014-09-12,2014,3,9,September,Central,Texas,Houston,Office Supplies,Binders,5.1800,-8.0290,5,1
2014-09-12,2014,3,9,September,East,New York,New Rochelle,Technology,Machines,69.9900,30.0957,1,1
2014-09-12,2014,3,9,September,East,New York,New York City,Furniture,Chairs,3785.2920,420.5880,6,1
2014-09-12,2014,3,9,September,East,Ohio,Fairfield,Office Supplies,Binders,63.9240,-46.8776,7,1
2014-09-12,2014,3,9,September,South,North Carolina,Cary,Office Supplies,Appliances,166.8400,18.7695,5,1
2014-09-12,2014,3,9,September,South,North Carolina,Cary,Office Supplies,Paper,10.3680,3.6288,2,1
2014-09-12,2014,3,9,September,South,North Carolina,Cary,Technology,Accessories,15.2160,2.2824,1,1
2014-09-13,2014,3,9,September,Central,Texas,Odessa,Furniture,Chairs,340.1160,-9.7176,6,1
2014-09-13,2014,3,9,September,East,New York,New York City,Office Supplies,Art,5.4600,1.4742,3,1
2014-09-13,2014,3,9,September,East,Ohio,Columbus,Office Supplies,Binders,2.5020,-2.0016,3,1
2014-09-13,2014,3,9,September,East,Pennsylvania,Philadelphia,Office Supplies,Paper,15.5520,5.4432,3,1
2014-09-13,2014,3,9,September,East,Pennsylvania,Philadelphia,Technology,Accessories,252.0000,53.5500,5,1
2014-09-13,2014,3,9,September,South,North Carolina,Charlotte,Office Supplies,Binders,18.6480,-12.4320,7,1
2014-09-13,2014,3,9,September,West,Arizona,Tempe,Office Supplies,Storage,79.4000,5.9550,5,1
2014-09-13,2014,3,9,September,West,Washington,Seattle,Furniture,Furnishings,14.1900,5.5341,3,1
2014-09-13,2014,3,9,September,West,Washington,Seattle,Office Supplies,Appliances,22.6600,9.7438,2,1
2014-09-13,2014,3,9,September,West,Washington,Seattle,Office Supplies,Fasteners,5.7000,2.6790,5,1
2014-09-13,2014,3,9,September,West,Washington,Seattle,Office Supplies,Paper,48.9400,24.4700,1,1
2014-09-13,2014,3,9,September,West,Washington,Seattle,Office Supplies,Supplies,7.3000,2.1900,2,1
2014-09-13,2014,3,9,September,West,Washington,Seattle,Technology,Accessories,462.9400,156.9356,8,1
2014-09-14,2014,3,9,September,Central,Illinois,Chicago,Office Supplies,Appliances,52.4480,-131.1200,2,1
2014-09-14,2014,3,9,September,Central,Illinois,Chicago,Office Supplies,Labels,20.1600,6.5520,4,1
2014-09-14,2014,3,9,September,Central,Texas,Corpus Christi,Furniture,Furnishings,9.9600,-6.7230,5,1
2014-09-14,2014,3,9,September,Central,Texas,Corpus Christi,Office Supplies,Binders,8.5520,-13.6832,2,1
2014-09-14,2014,3,9,September,Central,Texas,Corpus Christi,Office Supplies,Fasteners,6.0480,-1.3608,4,1
2014-09-14,2014,3,9,September,Central,Texas,Corpus Christi,Office Supplies,Paper,6.8480,2.1400,2,1
2014-09-14,2014,3,9,September,East,New York,New York City,Furniture,Tables,464.2920,-108.3348,9,1
2014-09-14,2014,3,9,September,East,New York,New York City,Office Supplies,Appliances,601.3000,198.4290,2,1
2014-09-14,2014,3,9,September,East,New York,New York City,Office Supplies,Envelopes,68.4600,31.4916,7,1
2014-09-14,2014,3,9,September,East,New York,New York City,Office Supplies,Paper,44.8200,21.0654,9,1
2014-09-14,2014,3,9,September,East,New York,New York City,Technology,Machines,2799.9600,1371.9804,4,1
2014-09-14,2014,3,9,September,East,New York,New York City,Technology,Phones,304.9600,85.0490,4,1
2014-09-14,2014,3,9,September,East,New York,Rochester,Office Supplies,Envelopes,11.0700,5.0922,3,1
2014-09-14,2014,3,9,September,East,New York,Rochester,Office Supplies,Storage,449.1500,8.9830,5,1
2014-09-14,2014,3,9,September,South,Florida,Tampa,Furniture,Furnishings,13.1280,3.7743,3,1
2014-09-14,2014,3,9,September,South,Florida,Tampa,Office Supplies,Appliances,13.0000,1.3000,5,1
2014-09-14,2014,3,9,September,South,Georgia,Macon,Furniture,Furnishings,142.4000,52.6880,5,1
2014-09-14,2014,3,9,September,South,Georgia,Macon,Office Supplies,Binders,7.1600,3.4368,2,1
2014-09-15,2014,3,9,September,East,New York,New York City,Furniture,Furnishings,14.5600,6.2608,2,1
2014-09-15,2014,3,9,September,East,New York,New York City,Office Supplies,Paper,14.9400,7.0218,3,1
2014-09-15,2014,3,9,September,East,Pennsylvania,Philadelphia,Furniture,Furnishings,103.9360,16.8896,4,1
2014-09-16,2014,3,9,September,East,New York,New York City,Office Supplies,Binders,33.5520,12.5820,1,1
2014-09-17,2014,3,9,September,East,Pennsylvania,Philadelphia,Office Supplies,Binders,5.8920,-4.1244,4,1
2014-09-17,2014,3,9,September,South,North Carolina,Raleigh,Office Supplies,Paper,4.6240,1.6762,1,1
2014-09-17,2014,3,9,September,South,North Carolina,Raleigh,Technology,Accessories,47.9840,13.1956,2,1
2014-09-17,2014,3,9,September,West,California,Chula Vista,Office Supplies,Envelopes,182.9400,85.9818,3,1
2014-09-17,2014,3,9,September,West,Oregon,Springfield,Office Supplies,Art,43.5040,5.2412,5,1
2014-09-17,2014,3,9,September,West,Oregon,Springfield,Office Supplies,Paper,188.9440,59.5480,11,1
2014-09-17,2014,3,9,September,West,Oregon,Springfield,Technology,Accessories,55.9200,16.7760,10,1
2014-09-17,2014,3,9,September,West,Oregon,Springfield,Technology,Machines,29.9250,-21.9450,5,1
2014-09-17,2014,3,9,September,West,Washington,Seattle,Furniture,Furnishings,35.3400,13.4292,2,1
2014-09-17,2014,3,9,September,West,Washington,Seattle,Office Supplies,Binders,137.2400,46.3185,5,1
2014-09-17,2014,3,9,September,West,Washington,Seattle,Office Supplies,Storage,88.2100,17.4316,5,1
2014-09-19,2014,3,9,September,Central,Texas,Houston,Technology,Machines,5579.9400,-761.9928,10,1
2014-09-19,2014,3,9,September,East,New York,New York City,Furniture,Chairs,887.1030,177.4206,7,1
2014-09-19,2014,3,9,September,South,North Carolina,Charlotte,Office Supplies,Storage,67.3440,7.5762,6,1
2014-09-19,2014,3,9,September,South,North Carolina,Charlotte,Technology,Machines,2624.9850,-944.9946,3,1
2014-09-19,2014,3,9,September,West,Arizona,Chandler,Furniture,Tables,73.9150,-45.8273,1,1
2014-09-19,2014,3,9,September,West,California,Long Beach,Office Supplies,Fasteners,7.1600,3.5800,2,1
2014-09-19,2014,3,9,September,West,California,San Francisco,Office Supplies,Fasteners,5.6700,0.1134,3,1
2014-09-19,2014,3,9,September,West,Washington,Seattle,Office Supplies,Storage,92.5200,24.9804,6,1
2014-09-20,2014,3,9,September,Central,Illinois,Bloomington,Furniture,Tables,617.7000,-407.6820,6,1
2014-09-20,2014,3,9,September,Central,Illinois,Chicago,Furniture,Bookcases,493.4300,-70.4900,5,1
2014-09-20,2014,3,9,September,Central,Illinois,Chicago,Technology,Phones,11.1200,3.4750,2,1
2014-09-20,2014,3,9,September,East,Maryland,Columbia,Furniture,Bookcases,362.9400,36.2940,3,1
2014-09-20,2014,3,9,September,East,Maryland,Columbia,Furniture,Furnishings,164.2200,50.9082,3,1
2014-09-20,2014,3,9,September,East,Maryland,Columbia,Technology,Accessories,59.9800,26.3912,2,1
2014-09-20,2014,3,9,September,East,New York,New York City,Furniture,Bookcases,801.5680,-10.0196,2,1
2014-09-20,2014,3,9,September,East,New York,New York City,Furniture,Chairs,631.7820,140.3960,2,1
2014-09-20,2014,3,9,September,East,New York,New York City,Office Supplies,Appliances,30.9800,8.0548,1,1
2014-09-20,2014,3,9,September,East,New York,New York City,Office Supplies,Labels,75.1800,35.3346,6,1
2014-09-20,2014,3,9,September,East,New York,New York City,Technology,Phones,1979.8600,818.9434,14,1
2014-09-20,2014,3,9,September,South,Florida,Jacksonville,Office Supplies,Art,2.8160,0.9856,2,1
2014-09-20,2014,3,9,September,West,California,Los Angeles,Office Supplies,Appliances,43.9200,11.8584,4,1
2014-09-20,2014,3,9,September,West,California,Los Angeles,Office Supplies,Binders,20.2320,6.5754,3,1
2014-09-20,2014,3,9,September,West,California,San Diego,Office Supplies,Paper,8.5600,3.8520,2,1
2014-09-20,2014,3,9,September,West,California,San Francisco,Office Supplies,Labels,9.9600,4.5816,2,1
2014-09-20,2014,3,9,September,West,California,San Francisco,Office Supplies,Paper,21.7200,10.6428,4,1
2014-09-21,2014,3,9,September,Central,Nebraska,Omaha,Office Supplies,Appliances,62.2300,18.4094,5,1
2014-09-21,2014,3,9,September,Central,Nebraska,Omaha,Office Supplies,Paper,6.4800,3.1104,1,1
2014-09-21,2014,3,9,September,Central,Texas,Garland,Furniture,Furnishings,8.5440,-7.4760,2,1
2014-09-21,2014,3,9,September,East,New York,New York City,Office Supplies,Art,66.0300,17.1678,3,1
2014-09-21,2014,3,9,September,East,Pennsylvania,Philadelphia,Office Supplies,Binders,6.5700,-5.0370,3,1
2014-09-21,2014,3,9,September,East,Pennsylvania,Philadelphia,Office Supplies,Labels,20.8080,7.0227,9,1
2014-09-21,2014,3,9,September,East,Pennsylvania,Philadelphia,Office Supplies,Paper,11.3520,4.1151,3,1
2014-09-21,2014,3,9,September,West,California,San Francisco,Office Supplies,Art,59.5200,15.4752,3,1
2014-09-21,2014,3,9,September,West,California,San Francisco,Office Supplies,Envelopes,93.9100,44.1377,7,1
2014-09-21,2014,3,9,September,West,California,San Francisco,Office Supplies,Paper,57.8700,26.8155,12,1
2014-09-21,2014,3,9,September,West,California,San Francisco,Technology,Phones,239.9840,23.9984,2,1
2014-09-21,2014,3,9,September,West,Washington,Des Moines,Technology,Copiers,1799.9700,701.9883,3,1
2014-09-21,2014,3,9,September,West,Washington,Des Moines,Technology,Phones,246.3840,27.7182,2,1
2014-09-22,2014,3,9,September,Central,Illinois,Chicago,Office Supplies,Storage,331.5360,-82.8840,3,1
2014-09-22,2014,3,9,September,East,New York,New York City,Furniture,Chairs,579.5280,83.7096,4,1
2014-09-22,2014,3,9,September,East,New York,New York City,Furniture,Furnishings,97.4400,35.0784,3,1
2014-09-22,2014,3,9,September,East,New York,New York City,Office Supplies,Art,13.0400,5.7376,4,1
2014-09-22,2014,3,9,September,East,New York,New York City,Office Supplies,Binders,3.9840,1.3944,1,1
2014-09-22,2014,3,9,September,South,Florida,Boca Raton,Office Supplies,Labels,4.6080,1.6704,2,1
2014-09-22,2014,3,9,September,West,California,San Jose,Office Supplies,Storage,210.1300,42.7693,7,1
2014-09-23,2014,3,9,September,Central,Minnesota,Minneapolis,Office Supplies,Binders,9462.8900,4636.9455,7,1
2014-09-23,2014,3,9,September,Central,Minnesota,Minneapolis,Office Supplies,Paper,32.4000,15.5520,5,1
2014-09-23,2014,3,9,September,Central,Minnesota,Minneapolis,Office Supplies,Storage,404.9000,16.1960,5,1
2014-09-23,2014,3,9,September,East,Delaware,Dover,Office Supplies,Art,9.8400,2.8536,3,1
2014-09-23,2014,3,9,September,East,Delaware,Dover,Office Supplies,Binders,34.5000,15.5250,3,1
2014-09-23,2014,3,9,September,East,Delaware,Newark,Office Supplies,Binders,11.1200,5.4488,4,1
2014-09-23,2014,3,9,September,East,New York,New York City,Office Supplies,Binders,157.9040,53.9850,7,2
2014-09-23,2014,3,9,September,East,Ohio,Lakewood,Office Supplies,Paper,28.8000,10.0800,9,1
2014-09-23,2014,3,9,September,West,California,San Diego,Furniture,Bookcases,435.9990,20.5176,3,1
2014-09-23,2014,3,9,September,West,California,San Diego,Technology,Phones,83.9840,31.4940,2,1
2014-09-24,2014,3,9,September,West,California,San Francisco,Office Supplies,Storage,211.9600,8.4784,4,1
2014-09-25,2014,3,9,September,Central,Texas,Houston,Furniture,Bookcases,300.5328,-97.2312,2,1
2014-09-25,2014,3,9,September,Central,Texas,Houston,Office Supplies,Binders,2.7240,-4.3584,2,1
2014-09-25,2014,3,9,September,Central,Texas,Houston,Office Supplies,Envelopes,3.2640,1.1016,2,1
2014-09-25,2014,3,9,September,Central,Texas,Houston,Office Supplies,Paper,33.7920,10.5600,8,1
2014-09-25,2014,3,9,September,West,Colorado,Aurora,Office Supplies,Art,14.5760,2.3686,2,1
2014-09-26,2014,3,9,September,Central,Illinois,Chicago,Technology,Accessories,153.8240,38.4560,11,1
2014-09-26,2014,3,9,September,Central,Texas,Mesquite,Office Supplies,Binders,0.8760,-1.4016,1,1
2014-09-26,2014,3,9,September,East,Ohio,Lancaster,Office Supplies,Appliances,16.7040,1.2528,6,1
2014-09-26,2014,3,9,September,East,Ohio,Lancaster,Office Supplies,Paper,32.8960,11.1024,4,1
2014-09-26,2014,3,9,September,East,Ohio,Lancaster,Technology,Accessories,3.1520,0.4728,2,1
2014-09-26,2014,3,9,September,East,Pennsylvania,Philadelphia,Furniture,Furnishings,21.1840,4.7664,1,1
2014-09-26,2014,3,9,September,East,Pennsylvania,Philadelphia,Office Supplies,Appliances,185.3280,17.4984,9,2
2014-09-26,2014,3,9,September,East,Pennsylvania,Philadelphia,Office Supplies,Binders,5.9700,-4.5770,5,1
2014-09-26,2014,3,9,September,West,California,Los Angeles,Furniture,Chairs,145.5680,0.0000,2,1
2014-09-26,2014,3,9,September,West,California,San Diego,Furniture,Chairs,585.5520,73.1940,3,1
2014-09-26,2014,3,9,September,West,California,San Diego,Office Supplies,Paper,19.4400,9.3312,3,1
2014-09-26,2014,3,9,September,West,Washington,Seattle,Office Supplies,Storage,310.1200,80.6312,2,1
2014-09-27,2014,3,9,September,East,New Jersey,Hackensack,Furniture,Furnishings,87.5400,37.6422,3,1
2014-09-27,2014,3,9,September,West,California,San Diego,Furniture,Chairs,603.9200,45.2940,5,1
2014-09-27,2014,3,9,September,West,California,San Diego,Office Supplies,Paper,81.9800,40.1702,2,1
2014-09-28,2014,3,9,September,East,Massachusetts,Lawrence,Office Supplies,Storage,46.2600,12.4902,3,1
2014-09-28,2014,3,9,September,South,Florida,Hollywood,Furniture,Furnishings,337.0880,16.8544,4,1
2014-09-28,2014,3,9,September,South,North Carolina,Fayetteville,Office Supplies,Paper,106.9440,35.0240,10,1
2014-09-29,2014,3,9,September,East,New York,New York City,Furniture,Furnishings,117.3600,36.3816,4,1
2014-09-29,2014,3,9,September,East,New York,New York City,Office Supplies,Labels,18.9000,8.6940,3,1
2014-09-29,2014,3,9,September,East,New York,New York City,Office Supplies,Paper,77.5200,37.9848,2,1
2014-09-29,2014,3,9,September,East,New York,New York City,Office Supplies,Storage,1395.5400,362.8404,9,1
2014-09-29,2014,3,9,September,East,Pennsylvania,Philadelphia,Furniture,Tables,476.4480,-102.0072,3,1
2014-09-29,2014,3,9,September,East,Pennsylvania,Philadelphia,Office Supplies,Art,4.2240,1.4784,3,1
2014-09-29,2014,3,9,September,East,Pennsylvania,Philadelphia,Office Supplies,Labels,55.4400,18.0180,11,1
2014-09-29,2014,3,9,September,East,Pennsylvania,Philadelphia,Office Supplies,Paper,20.9280,6.8016,4,1
2014-09-29,2014,3,9,September,East,Pennsylvania,Philadelphia,Office Supplies,Storage,1801.6320,-337.8060,6,1
2014-09-29,2014,3,9,September,West,California,Los Angeles,Furniture,Furnishings,204.6000,53.1960,2,1
2014-09-29,2014,3,9,September,West,California,Los Angeles,Office Supplies,Fasteners,8.7200,2.8776,4,1
2014-09-29,2014,3,9,September,West,California,Los Angeles,Office Supplies,Paper,6.4800,3.1104,1,1
2014-09-29,2014,3,9,September,West,California,Los Angeles,Office Supplies,Storage,62.1800,16.7886,1,1
2014-09-29,2014,3,9,September,West,California,Los Angeles,Technology,Machines,686.3200,223.0540,2,1
2014-09-29,2014,3,9,September,West,Washington,Seattle,Furniture,Furnishings,6.1600,2.9568,2,1
2014-09-29,2014,3,9,September,West,Washington,Seattle,Furniture,Tables,2348.8200,399.2994,9,1
2014-09-29,2014,3,9,September,West,Washington,Seattle,Office Supplies,Binders,10.0480,3.1400,2,1
2014-09-29,2014,3,9,September,West,Washington,Seattle,Office Supplies,Storage,807.7500,153.4725,5,1
2014-09-30,2014,3,9,September,East,New York,New York City,Furniture,Furnishings,15.2400,5.1816,3,1
2014-09-30,2014,3,9,September,East,New York,New York City,Office Supplies,Paper,48.9400,24.4700,1,1
2014-09-30,2014,3,9,September,East,Ohio,Fairfield,Office Supplies,Appliances,795.4080,59.6556,6,1
2014-09-30,2014,3,9,September,South,Florida,Boynton Beach,Office Supplies,Paper,15.5520,5.4432,3,1
2014-09-30,2014,3,9,September,South,Tennessee,Clarksville,Office Supplies,Appliances,69.2160,11.2476,6,1
2014-09-30,2014,3,9,September,West,Washington,Seattle,Office Supplies,Binders,43.1760,13.4925,7,1
2014-10-01,2014,4,10,October,West,Nevada,Reno,Office Supplies,Fasteners,4.7100,0.0000,1,1
2014-10-02,2014,4,10,October,West,Arizona,Tempe,Office Supplies,Envelopes,12.7680,4.6284,6,1
2014-10-02,2014,4,10,October,West,Arizona,Tempe,Office Supplies,Fasteners,4.6720,1.4600,2,1
2014-10-02,2014,4,10,October,West,Arizona,Tempe,Office Supplies,Paper,9.4080,3.4104,2,1
2014-10-02,2014,4,10,October,West,Arizona,Tempe,Office Supplies,Supplies,15.3600,-3.2640,2,1
2014-10-02,2014,4,10,October,West,Arizona,Tempe,Technology,Accessories,7.1600,-0.0895,1,1
2014-10-02,2014,4,10,October,West,Arizona,Tempe,Technology,Phones,548.7760,127.6179,5,1
2014-10-03,2014,4,10,October,Central,Illinois,Evanston,Furniture,Chairs,258.2790,-70.1043,3,1
2014-10-03,2014,4,10,October,Central,Texas,Dallas,Furniture,Furnishings,31.7760,-19.0656,3,1
2014-10-03,2014,4,10,October,Central,Texas,Dallas,Office Supplies,Binders,1.7880,-3.0396,3,1
2014-10-03,2014,4,10,October,Central,Texas,Dallas,Office Supplies,Fasteners,19.4160,-2.8992,7,1
2014-10-03,2014,4,10,October,Central,Texas,Dallas,Office Supplies,Labels,4.9280,1.7248,2,1
2014-10-03,2014,4,10,October,East,Ohio,Columbus,Office Supplies,Art,55.9840,4.1988,2,1
2014-10-03,2014,4,10,October,East,Ohio,Columbus,Office Supplies,Envelopes,14.4800,4.8870,5,1
2014-10-03,2014,4,10,October,East,Ohio,Columbus,Technology,Accessories,142.4880,-3.5622,3,1
2014-10-03,2014,4,10,October,South,North Carolina,Durham,Office Supplies,Art,6.1920,0.4644,3,1
2014-10-03,2014,4,10,October,South,North Carolina,Durham,Office Supplies,Storage,61.5680,4.6176,2,1
2014-10-03,2014,4,10,October,West,California,Los Angeles,Furniture,Chairs,122.3520,13.7646,3,1
2014-10-03,2014,4,10,October,West,California,Los Angeles,Furniture,Tables,143.4320,3.5858,1,1
2014-10-04,2014,4,10,October,East,New York,New York City,Furniture,Chairs,589.4100,-6.5490,5,1
2014-10-04,2014,4,10,October,West,California,Vallejo,Office Supplies,Binders,95.6480,31.0856,2,1
2014-10-04,2014,4,10,October,West,California,Vallejo,Office Supplies,Labels,14.4500,6.7915,5,1
2014-10-04,2014,4,10,October,West,Washington,Seattle,Office Supplies,Labels,29.2400,13.7428,4,1
2014-10-05,2014,4,10,October,East,Ohio,Columbus,Office Supplies,Appliances,91.9200,11.4900,5,1
2014-10-05,2014,4,10,October,West,California,Pomona,Technology,Accessories,99.9800,34.9930,2,1
2014-10-06,2014,4,10,October,Central,Indiana,Indianapolis,Office Supplies,Storage,386.3400,54.0876,2,1
2014-10-06,2014,4,10,October,Central,Nebraska,Omaha,Office Supplies,Binders,15.3600,7.6800,2,1
2014-10-06,2014,4,10,October,East,Pennsylvania,Philadelphia,Office Supplies,Storage,83.9200,-13.6370,5,1
2014-10-06,2014,4,10,October,West,California,San Diego,Technology,Accessories,9.0900,1.9089,3,1
2014-10-07,2014,4,10,October,Central,Texas,Dallas,Office Supplies,Storage,107.4400,10.7440,10,1
2014-10-07,2014,4,10,October,East,Pennsylvania,Philadelphia,Furniture,Furnishings,129.9200,21.1120,5,1
2014-10-08,2014,4,10,October,East,New York,New York City,Office Supplies,Paper,123.9200,55.7640,4,1
2014-10-08,2014,4,10,October,South,North Carolina,Charlotte,Technology,Accessories,23.4720,4.9878,3,1
2014-10-09,2014,4,10,October,South,North Carolina,Jacksonville,Office Supplies,Paper,88.7680,31.0688,2,1
2014-10-09,2014,4,10,October,West,California,San Francisco,Office Supplies,Art,144.6000,41.9340,3,1
2014-10-09,2014,4,10,October,West,California,San Francisco,Technology,Phones,15.9920,-2.9985,1,1
2014-10-10,2014,4,10,October,Central,Texas,Huntsville,Office Supplies,Binders,12.8780,-20.7395,6,1
2014-10-10,2014,4,10,October,Central,Texas,Huntsville,Technology,Phones,1475.8960,138.1403,13,1
2014-10-10,2014,4,10,October,East,Ohio,Columbus,Office Supplies,Binders,18.2640,-13.3936,2,1
2014-10-10,2014,4,10,October,East,Ohio,Columbus,Technology,Machines,101.9940,-71.3958,2,1
2014-10-10,2014,4,10,October,West,Arizona,Phoenix,Furniture,Furnishings,46.8720,3.5154,7,1
2014-10-10,2014,4,10,October,West,California,Manteca,Furniture,Chairs,122.3520,13.7646,3,1
2014-10-10,2014,4,10,October,West,California,Manteca,Office Supplies,Envelopes,15.2800,7.4872,2,1
2014-10-10,2014,4,10,October,West,New Mexico,Albuquerque,Office Supplies,Art,255.8500,112.5740,7,1
2014-10-11,2014,4,10,October,East,Pennsylvania,Philadelphia,Office Supplies,Envelopes,201.4320,67.9833,3,1
2014-10-11,2014,4,10,October,East,Pennsylvania,Philadelphia,Office Supplies,Storage,281.9040,10.5714,2,1
2014-10-11,2014,4,10,October,South,Arkansas,Fayetteville,Furniture,Furnishings,8.9200,3.9248,4,1
2014-10-11,2014,4,10,October,South,Arkansas,Fayetteville,Office Supplies,Labels,7.3100,3.4357,1,1
2014-10-11,2014,4,10,October,West,California,Pasadena,Furniture,Chairs,433.5680,-65.0352,2,1
2014-10-11,2014,4,10,October,West,California,Pasadena,Office Supplies,Storage,31.9200,8.2992,4,1
2014-10-11,2014,4,10,October,West,California,Redondo Beach,Office Supplies,Envelopes,7.6400,3.7436,1,1
2014-10-11,2014,4,10,October,West,Washington,Seattle,Furniture,Furnishings,63.4700,19.0410,11,1
2014-10-11,2014,4,10,October,West,Washington,Seattle,Technology,Accessories,345.0000,58.6500,5,1
2014-10-12,2014,4,10,October,Central,Illinois,Chicago,Office Supplies,Supplies,22.2400,2.5020,2,1
2014-10-12,2014,4,10,October,West,California,San Francisco,Office Supplies,Art,14.9000,4.1720,5,1
2014-10-12,2014,4,10,October,West,California,San Francisco,Office Supplies,Storage,21.3900,6.2031,1,1
2014-10-13,2014,4,10,October,East,New Jersey,Lakewood,Furniture,Chairs,245.9800,27.0578,2,1
2014-10-13,2014,4,10,October,East,New Jersey,Lakewood,Office Supplies,Binders,18.9400,9.4700,1,1
2014-10-13,2014,4,10,October,East,New York,Mount Vernon,Office Supplies,Binders,7.7520,2.8101,3,1
2014-10-13,2014,4,10,October,South,Virginia,Richmond,Office Supplies,Binders,15.1800,7.1346,3,1
2014-10-13,2014,4,10,October,South,Virginia,Richmond,Office Supplies,Envelopes,36.4000,17.4720,5,1
2014-10-13,2014,4,10,October,South,Virginia,Richmond,Office Supplies,Storage,315.2000,6.3040,4,1
2014-10-13,2014,4,10,October,South,Virginia,Richmond,Technology,Accessories,22.9600,4.3624,2,1
2014-10-13,2014,4,10,October,West,Washington,Edmonds,Furniture,Tables,1298.5500,311.6520,5,1
2014-10-13,2014,4,10,October,West,Washington,Edmonds,Office Supplies,Appliances,213.9200,62.0368,4,1
2014-10-13,2014,4,10,October,West,Washington,Edmonds,Office Supplies,Art,11.5200,3.2256,4,1
2014-10-13,2014,4,10,October,West,Washington,Edmonds,Technology,Accessories,25.7800,2.5780,2,1
2014-10-14,2014,4,10,October,Central,Illinois,Chicago,Office Supplies,Binders,2.9460,-4.8609,3,1
2014-10-14,2014,4,10,October,Central,Illinois,Chicago,Office Supplies,Paper,341.3280,107.6218,17,1
2014-10-14,2014,4,10,October,Central,Texas,Fort Worth,Office Supplies,Appliances,3.1600,-8.5320,4,1
2014-10-14,2014,4,10,October,Central,Texas,Fort Worth,Technology,Copiers,1999.9600,624.9875,5,1
2014-10-14,2014,4,10,October,East,Massachusetts,Everett,Furniture,Chairs,1628.8200,260.6112,9,1
2014-10-14,2014,4,10,October,East,Massachusetts,Everett,Office Supplies,Storage,79.4500,22.2460,7,1
2014-10-14,2014,4,10,October,East,Massachusetts,Everett,Technology,Accessories,177.0000,30.0900,3,1
2014-10-14,2014,4,10,October,East,New Hampshire,Concord,Office Supplies,Binders,22.9200,11.0016,4,1
2014-10-14,2014,4,10,October,East,New Hampshire,Concord,Office Supplies,Storage,269.9000,16.1940,5,1
2014-10-15,2014,4,10,October,East,Ohio,Parma,Furniture,Chairs,183.3720,-7.8588,2,1
2014-10-15,2014,4,10,October,East,Ohio,Parma,Office Supplies,Paper,7.9680,2.8884,2,1
2014-10-15,2014,4,10,October,South,Florida,Hialeah,Furniture,Furnishings,15.3840,4.0383,1,1
2014-10-16,2014,4,10,October,West,California,San Francisco,Office Supplies,Binders,14.3520,5.0232,3,1
2014-10-16,2014,4,10,October,West,California,San Francisco,Technology,Accessories,179.9700,86.3856,3,1
2014-10-17,2014,4,10,October,Central,Texas,Beaumont,Office Supplies,Binders,10.7800,-17.2480,5,1
2014-10-17,2014,4,10,October,Central,Texas,Beaumont,Technology,Accessories,119.9760,-17.9964,3,1
2014-10-17,2014,4,10,October,Central,Texas,Houston,Furniture,Furnishings,5.3120,-1.5936,2,1
2014-10-18,2014,4,10,October,East,Pennsylvania,Philadelphia,Office Supplies,Envelopes,52.5120,19.6920,6,1
2014-10-18,2014,4,10,October,East,Pennsylvania,Philadelphia,Office Supplies,Paper,10.0480,3.1400,4,1
2014-10-18,2014,4,10,October,East,Pennsylvania,Philadelphia,Office Supplies,Storage,186.9120,-35.0460,6,1
2014-10-18,2014,4,10,October,South,Alabama,Montgomery,Furniture,Chairs,545.8800,70.9644,6,1
2014-10-18,2014,4,10,October,South,Alabama,Montgomery,Office Supplies,Storage,275.9700,11.0388,3,1
2014-10-18,2014,4,10,October,South,Alabama,Montgomery,Technology,Phones,1394.9500,362.6870,5,1
2014-10-18,2014,4,10,October,South,Arkansas,Texarkana,Furniture,Chairs,605.3400,145.2816,6,1
2014-10-18,2014,4,10,October,West,Washington,Seattle,Office Supplies,Binders,1.3440,0.4704,1,1
2014-10-18,2014,4,10,October,West,Washington,Seattle,Office Supplies,Paper,61.9600,27.8820,2,1
2014-10-19,2014,4,10,October,West,California,Lakewood,Technology,Phones,321.5520,20.0970,6,1
2014-10-19,2014,4,10,October,West,California,Los Angeles,Office Supplies,Paper,13.4400,6.5856,3,1
2014-10-19,2014,4,10,October,West,California,San Francisco,Office Supplies,Binders,23.0560,8.1444,7,1
2014-10-19,2014,4,10,October,West,California,San Francisco,Office Supplies,Labels,18.7500,9.0000,5,1
2014-10-19,2014,4,10,October,West,California,San Francisco,Office Supplies,Paper,146.7300,68.9631,3,1
2014-10-19,2014,4,10,October,West,California,San Francisco,Technology,Phones,117.5760,11.7576,3,1
2014-10-20,2014,4,10,October,Central,Illinois,Chicago,Office Supplies,Binders,8.6820,-14.7594,1,1
2014-10-20,2014,4,10,October,Central,Illinois,Chicago,Office Supplies,Labels,24.4240,7.9378,1,1
2014-10-20,2014,4,10,October,Central,Illinois,Chicago,Office Supplies,Paper,3.8080,1.2376,1,1
2014-10-20,2014,4,10,October,Central,Illinois,Chicago,Office Supplies,Storage,505.3200,31.5825,3,1
2014-10-20,2014,4,10,October,Central,Illinois,Chicago,Technology,Accessories,319.9680,71.9928,4,1
2014-10-20,2014,4,10,October,Central,Michigan,Westland,Office Supplies,Storage,211.9600,8.4784,4,1
2014-10-20,2014,4,10,October,South,Tennessee,Knoxville,Furniture,Tables,328.5900,-147.8655,3,1
2014-10-20,2014,4,10,October,South,Tennessee,Knoxville,Office Supplies,Storage,98.3520,-24.5880,3,1
2014-10-21,2014,4,10,October,East,Ohio,Fairfield,Furniture,Tables,409.5900,-122.8770,3,1
2014-10-21,2014,4,10,October,East,Ohio,Fairfield,Office Supplies,Appliances,121.7920,13.7016,4,1
2014-10-21,2014,4,10,October,South,Virginia,Newport News,Furniture,Tables,591.3200,112.3508,4,1
2014-10-21,2014,4,10,October,South,Virginia,Newport News,Office Supplies,Art,2.8400,0.8804,1,1
2014-10-21,2014,4,10,October,South,Virginia,Newport News,Office Supplies,Storage,194.7000,9.7350,5,1
2014-10-21,2014,4,10,October,West,California,San Diego,Office Supplies,Binders,36.3600,12.2715,3,1
2014-10-22,2014,4,10,October,East,Ohio,Newark,Furniture,Furnishings,93.8880,12.9096,4,1
2014-10-22,2014,4,10,October,South,Louisiana,Bossier City,Furniture,Furnishings,129.9200,10.3936,4,1
2014-10-24,2014,4,10,October,South,Florida,Fort Lauderdale,Office Supplies,Paper,10.3680,3.6288,2,1
2014-10-24,2014,4,10,October,South,South Carolina,Rock Hill,Office Supplies,Fasteners,11.8500,3.7920,3,1
2014-10-24,2014,4,10,October,West,California,Rancho Cucamonga,Office Supplies,Binders,34.2720,11.1384,3,1
2014-10-25,2014,4,10,October,East,Pennsylvania,Philadelphia,Office Supplies,Binders,13.6980,-9.5886,3,1
2014-10-25,2014,4,10,October,East,Pennsylvania,Philadelphia,Technology,Accessories,40.7760,0.5097,3,1
2014-10-25,2014,4,10,October,West,California,San Francisco,Office Supplies,Binders,49.4080,18.5280,4,1
2014-10-26,2014,4,10,October,West,Washington,Seattle,Furniture,Furnishings,63.9200,3.1960,4,1
2014-10-26,2014,4,10,October,West,Washington,Seattle,Technology,Phones,383.9600,38.3960,5,1
2014-10-27,2014,4,10,October,South,North Carolina,Fayetteville,Office Supplies,Paper,22.3200,7.6626,5,1
2014-10-28,2014,4,10,October,Central,Kansas,Garden City,Technology,Phones,257.9800,74.8142,2,1
2014-10-28,2014,4,10,October,West,California,Los Angeles,Furniture,Bookcases,616.9980,-36.2940,6,1
2014-10-28,2014,4,10,October,West,California,Los Angeles,Office Supplies,Binders,7.1840,2.2450,2,1
2014-10-28,2014,4,10,October,West,California,Los Angeles,Office Supplies,Storage,141.4000,38.1780,5,1
2014-10-28,2014,4,10,October,West,California,Los Angeles,Office Supplies,Supplies,487.0200,14.4850,4,1
2014-10-29,2014,4,10,October,Central,Illinois,Chicago,Technology,Phones,2735.9520,341.9940,6,1
2014-10-29,2014,4,10,October,Central,Indiana,Columbus,Office Supplies,Paper,75.8800,35.6636,2,1
2014-10-29,2014,4,10,October,Central,Indiana,Columbus,Technology,Accessories,1.9800,0.8910,2,1
2014-10-31,2014,4,10,October,East,Ohio,Lorain,Furniture,Tables,1421.6640,-734.5264,8,1
2014-10-31,2014,4,10,October,East,Rhode Island,Cranston,Furniture,Chairs,1604.9000,481.4700,5,1
2014-10-31,2014,4,10,October,East,Rhode Island,Cranston,Furniture,Furnishings,32.4300,12.0552,5,1
2014-10-31,2014,4,10,October,East,Rhode Island,Cranston,Furniture,Tables,385.6860,-60.6078,1,1
2014-10-31,2014,4,10,October,East,Rhode Island,Cranston,Office Supplies,Art,49.2500,18.7150,5,1
2014-10-31,2014,4,10,October,East,Rhode Island,Cranston,Office Supplies,Binders,34.0800,15.6768,2,1
2014-10-31,2014,4,10,October,East,Rhode Island,Cranston,Office Supplies,Paper,10.1600,4.7752,2,1
2014-10-31,2014,4,10,October,West,Arizona,Avondale,Technology,Phones,742.3360,83.5128,8,1
2014-10-31,2014,4,10,October,West,California,Los Angeles,Furniture,Chairs,146.3520,-9.1470,3,1
2014-10-31,2014,4,10,October,West,California,Los Angeles,Office Supplies,Art,12.3900,3.7170,3,1
2014-10-31,2014,4,10,October,West,California,Los Angeles,Office Supplies,Binders,35.2640,11.4192,5,1
2014-10-31,2014,4,10,October,West,California,Los Angeles,Office Supplies,Fasteners,11.3400,5.2164,3,1
2014-10-31,2014,4,10,October,West,California,Los Angeles,Office Supplies,Paper,64.7400,30.4278,13,1
2014-10-31,2014,4,10,October,West,California,Los Angeles,Office Supplies,Storage,485.9400,33.0472,9,1
2014-10-31,2014,4,10,October,West,California,Los Angeles,Technology,Accessories,251.9100,47.8629,9,1
2014-10-31,2014,4,10,October,West,California,San Francisco,Technology,Phones,73.5840,8.2782,2,1
2014-11-01,2014,4,11,November,Central,Illinois,Chicago,Office Supplies,Paper,15.6960,5.1012,3,1
2014-11-01,2014,4,11,November,East,New Jersey,Orange,Office Supplies,Appliances,76.1200,22.0748,2,1
2014-11-01,2014,4,11,November,East,New York,Long Beach,Furniture,Furnishings,31.6800,9.8208,6,1
2014-11-01,2014,4,11,November,East,New York,Long Beach,Office Supplies,Appliances,533.9400,154.8426,3,1
2014-11-01,2014,4,11,November,East,New York,Long Beach,Office Supplies,Paper,167.9400,82.2906,3,1
2014-11-01,2014,4,11,November,East,Ohio,Mason,Furniture,Furnishings,68.7040,16.3172,2,1
2014-11-01,2014,4,11,November,East,Ohio,Mason,Office Supplies,Binders,25.5600,-20.5524,5,1
2014-11-01,2014,4,11,November,South,Kentucky,Richmond,Office Supplies,Art,5.6400,1.6356,3,1
2014-11-01,2014,4,11,November,South,Kentucky,Richmond,Office Supplies,Storage,69.5200,19.4656,2,1
2014-11-01,2014,4,11,November,South,North Carolina,Charlotte,Office Supplies,Art,10.2720,0.8988,3,1
2014-11-01,2014,4,11,November,South,North Carolina,Charlotte,Office Supplies,Fasteners,7.5200,1.4100,5,1
2014-11-01,2014,4,11,November,South,North Carolina,Charlotte,Office Supplies,Labels,47.8080,15.5376,12,1
2014-11-01,2014,4,11,November,South,North Carolina,Charlotte,Technology,Phones,978.8400,110.1195,9,1
2014-11-01,2014,4,11,November,West,California,Los Angeles,Office Supplies,Labels,44.4000,22.2000,3,1
2014-11-01,2014,4,11,November,West,California,Los Angeles,Office Supplies,Paper,21.4000,9.6300,5,1
2014-11-01,2014,4,11,November,West,Colorado,Denver,Office Supplies,Art,43.1760,4.3176,3,1
2014-11-01,2014,4,11,November,West,Colorado,Denver,Technology,Phones,1983.9680,247.9960,4,1
2014-11-01,2014,4,11,November,West,Oregon,Portland,Office Supplies,Storage,443.9200,-94.3330,5,1
2014-11-01,2014,4,11,November,West,Oregon,Portland,Technology,Phones,155.9760,54.5916,3,1
2014-11-02,2014,4,11,November,Central,Texas,Irving,Technology,Phones,88.7760,7.7679,3,1
2014-11-02,2014,4,11,November,East,New York,New York City,Furniture,Furnishings,89.3400,24.1218,6,1
2014-11-02,2014,4,11,November,East,New York,New York City,Office Supplies,Labels,34.8600,16.0356,7,1
2014-11-02,2014,4,11,November,East,Ohio,Medina,Office Supplies,Binders,19.2420,-13.4694,3,1
2014-11-02,2014,4,11,November,East,Ohio,Medina,Technology,Phones,590.1960,-118.0392,13,1
2014-11-02,2014,4,11,November,South,Florida,Fort Lauderdale,Technology,Accessories,799.9200,239.9760,10,1
2014-11-02,2014,4,11,November,West,California,San Francisco,Office Supplies,Storage,362.9200,105.2468,2,1
2014-11-02,2014,4,11,November,West,California,San Francisco,Technology,Phones,46.3840,5.2182,2,1
2014-11-02,2014,4,11,November,West,Washington,Seattle,Technology,Accessories,41.9400,15.0984,2,1
2014-11-02,2014,4,11,November,West,Washington,Seattle,Technology,Phones,52.7920,4.6193,1,1
2014-11-03,2014,4,11,November,Central,Nebraska,Omaha,Technology,Accessories,89.9700,18.8937,3,1
2014-11-03,2014,4,11,November,East,Connecticut,Fairfield,Office Supplies,Supplies,11.6400,3.3756,3,1
2014-11-03,2014,4,11,November,East,New Jersey,Orange,Office Supplies,Binders,5.7600,2.8224,2,1
2014-11-03,2014,4,11,November,East,New York,New York City,Office Supplies,Binders,56.7520,21.1838,4,1
2014-11-03,2014,4,11,November,East,New York,New York City,Technology,Phones,783.9600,219.5088,4,1
2014-11-03,2014,4,11,November,East,Pennsylvania,Lancaster,Office Supplies,Supplies,286.3440,-64.4274,3,1
2014-11-03,2014,4,11,November,South,North Carolina,Jacksonville,Furniture,Furnishings,410.3520,-51.2940,3,1
2014-11-03,2014,4,11,November,South,North Carolina,Jacksonville,Furniture,Tables,945.0360,-299.2614,6,1
2014-11-03,2014,4,11,November,South,North Carolina,Jacksonville,Office Supplies,Binders,14.3010,-10.4874,7,1
2014-11-03,2014,4,11,November,South,North Carolina,Jacksonville,Office Supplies,Storage,25.9840,-1.6240,2,1
2014-11-03,2014,4,11,November,South,Tennessee,Nashville,Office Supplies,Paper,147.3440,49.7286,11,1
2014-11-03,2014,4,11,November,West,California,Los Angeles,Office Supplies,Art,6.7200,3.3600,4,1
2014-11-04,2014,4,11,November,East,New York,New York City,Furniture,Chairs,135.8820,24.1568,1,1
2014-11-04,2014,4,11,November,East,New York,New York City,Office Supplies,Binders,52.0640,18.8732,4,1
2014-11-04,2014,4,11,November,East,New York,New York City,Office Supplies,Storage,43.5700,13.0710,1,1
2014-11-04,2014,4,11,November,East,New York,New York City,Technology,Accessories,360.0000,129.6000,4,1
2014-11-04,2014,4,11,November,East,New York,New York City,Technology,Machines,3991.9800,1995.9900,2,1
2014-11-04,2014,4,11,November,East,New York,New York City,Technology,Phones,275.9400,80.0226,6,1
2014-11-04,2014,4,11,November,South,North Carolina,Cary,Office Supplies,Appliances,58.2400,5.0960,5,1
2014-11-04,2014,4,11,November,South,North Carolina,Cary,Office Supplies,Fasteners,8.3760,2.7222,3,1
2014-11-04,2014,4,11,November,West,California,Long Beach,Office Supplies,Art,2.9400,0.7938,1,1
2014-11-04,2014,4,11,November,West,California,Los Angeles,Furniture,Tables,573.7280,-64.5444,4,1
2014-11-04,2014,4,11,November,West,California,Los Angeles,Office Supplies,Binders,21.9360,8.2260,3,1
2014-11-04,2014,4,11,November,West,California,Los Angeles,Office Supplies,Paper,19.4400,9.3312,3,1
2014-11-04,2014,4,11,November,West,California,Los Angeles,Technology,Machines,447.9680,139.9900,4,1
2014-11-04,2014,4,11,November,West,California,Los Angeles,Technology,Phones,666.3440,66.6344,7,1
2014-11-04,2014,4,11,November,West,California,San Diego,Furniture,Furnishings,35.3400,13.4292,2,1
2014-11-05,2014,4,11,November,East,Pennsylvania,Philadelphia,Furniture,Furnishings,273.5680,-34.1960,2,1
2014-11-05,2014,4,11,November,East,Pennsylvania,Philadelphia,Office Supplies,Binders,13.1940,-8.7960,2,1
2014-11-05,2014,4,11,November,East,Pennsylvania,Philadelphia,Office Supplies,Storage,1080.0960,-94.5084,6,1
2014-11-05,2014,4,11,November,East,Pennsylvania,Philadelphia,Technology,Accessories,109.9760,10.3496,7,1
2014-11-05,2014,4,11,November,South,Virginia,Arlington,Technology,Accessories,47.7900,16.2486,3,1
2014-11-05,2014,4,11,November,South,Virginia,Hampton,Furniture,Chairs,149.9000,40.4730,5,1
2014-11-05,2014,4,11,November,West,California,Los Angeles,Furniture,Furnishings,20.0400,8.8176,6,1
2014-11-06,2014,4,11,November,South,Georgia,Columbus,Office Supplies,Paper,43.6800,20.9664,6,1
2014-11-07,2014,4,11,November,Central,Texas,Houston,Furniture,Chairs,683.1440,0.0000,4,1
2014-11-07,2014,4,11,November,Central,Texas,Houston,Office Supplies,Binders,27.5220,-46.4922,6,2
2014-11-07,2014,4,11,November,Central,Texas,Houston,Office Supplies,Envelopes,74.3520,26.9526,3,1
2014-11-07,2014,4,11,November,Central,Texas,Houston,Office Supplies,Supplies,40.7120,3.5623,7,1
2014-11-07,2014,4,11,November,Central,Wisconsin,Wausau,Office Supplies,Appliances,245.8800,68.8464,6,1
2014-11-07,2014,4,11,November,Central,Wisconsin,Wausau,Office Supplies,Binders,12.3900,5.8233,3,1
2014-11-07,2014,4,11,November,Central,Wisconsin,Wausau,Office Supplies,Storage,59.2100,15.7609,5,1
2014-11-07,2014,4,11,November,East,New York,New York City,Office Supplies,Fasteners,5.9200,2.8416,4,1
2014-11-07,2014,4,11,November,East,New York,New York City,Office Supplies,Paper,30.1800,13.8828,3,1
2014-11-07,2014,4,11,November,West,California,San Francisco,Office Supplies,Binders,123.1440,46.1790,7,1
2014-11-07,2014,4,11,November,West,Oregon,Portland,Office Supplies,Art,120.7680,9.0576,4,1
2014-11-07,2014,4,11,November,West,Oregon,Portland,Office Supplies,Paper,25.9200,9.0720,5,1
2014-11-08,2014,4,11,November,West,California,Redding,Technology,Phones,333.5760,25.0182,3,1
2014-11-09,2014,4,11,November,East,New York,New York City,Furniture,Furnishings,56.5200,21.4776,9,1
2014-11-09,2014,4,11,November,West,California,San Francisco,Furniture,Bookcases,222.6660,10.4784,2,1
2014-11-09,2014,4,11,November,West,California,San Francisco,Office Supplies,Paper,157.5000,74.3470,12,1
2014-11-09,2014,4,11,November,West,California,San Francisco,Office Supplies,Storage,433.4400,28.3896,9,1
2014-11-09,2014,4,11,November,West,California,San Francisco,Technology,Phones,703.9680,87.9960,4,1
2014-11-10,2014,4,11,November,Central,Michigan,Midland,Furniture,Chairs,563.9400,112.7880,3,1
2014-11-10,2014,4,11,November,Central,Michigan,Midland,Office Supplies,Art,3.9000,1.5210,2,1
2014-11-10,2014,4,11,November,Central,Michigan,Midland,Office Supplies,Paper,28.6800,12.9060,6,1
2014-11-10,2014,4,11,November,Central,Michigan,Midland,Office Supplies,Storage,598.3500,172.5816,6,1
2014-11-10,2014,4,11,November,West,California,San Diego,Furniture,Furnishings,93.0800,26.0624,7,1
2014-11-10,2014,4,11,November,West,California,San Diego,Office Supplies,Labels,39.8400,18.3264,8,1
2014-11-10,2014,4,11,November,West,California,San Diego,Office Supplies,Paper,62.2400,28.0080,8,1
2014-11-10,2014,4,11,November,West,California,San Diego,Technology,Accessories,10.9900,4.2861,1,1
2014-11-10,2014,4,11,November,West,California,San Diego,Technology,Phones,601.5360,60.1536,8,1
2014-11-11,2014,4,11,November,Central,Illinois,Chicago,Furniture,Chairs,797.9440,-56.9960,4,1
2014-11-11,2014,4,11,November,Central,Illinois,Chicago,Furniture,Furnishings,10.9840,-7.9634,2,1
2014-11-11,2014,4,11,November,Central,Texas,Houston,Office Supplies,Art,67.5600,6.7560,3,1
2014-11-11,2014,4,11,November,Central,Texas,Houston,Office Supplies,Binders,898.2240,-1482.0079,6,1
2014-11-11,2014,4,11,November,Central,Texas,Houston,Office Supplies,Paper,284.0560,102.9703,13,1
2014-11-11,2014,4,11,November,Central,Texas,Houston,Technology,Phones,389.6560,31.7775,5,1
2014-11-11,2014,4,11,November,Central,Wisconsin,Madison,Office Supplies,Storage,665.8800,13.3176,6,1
2014-11-11,2014,4,11,November,East,New York,New Rochelle,Office Supplies,Paper,270.2700,131.5053,9,1
2014-11-11,2014,4,11,November,East,New York,New Rochelle,Office Supplies,Supplies,7.3000,2.1900,2,1
2014-11-11,2014,4,11,November,East,Pennsylvania,Reading,Furniture,Bookcases,521.9600,-250.5408,4,1
2014-11-11,2014,4,11,November,East,Pennsylvania,Reading,Furniture,Furnishings,23.9680,7.7896,2,1
2014-11-11,2014,4,11,November,West,California,Los Angeles,Furniture,Chairs,112.6480,11.2648,1,1
2014-11-11,2014,4,11,November,West,California,Los Angeles,Office Supplies,Appliances,7.7800,2.0228,2,1
2014-11-11,2014,4,11,November,West,California,Los Angeles,Office Supplies,Art,30.4800,7.9248,3,1
2014-11-11,2014,4,11,November,West,California,Los Angeles,Office Supplies,Paper,123.9200,55.7640,4,1
2014-11-11,2014,4,11,November,West,California,Los Angeles,Technology,Phones,575.9280,57.5928,9,1
2014-11-11,2014,4,11,November,West,Colorado,Louisville,Furniture,Chairs,603.9200,75.4900,5,1
2014-11-11,2014,4,11,November,West,Colorado,Louisville,Office Supplies,Art,3.3920,0.8056,1,1
2014-11-11,2014,4,11,November,West,Colorado,Louisville,Technology,Phones,559.9840,55.9984,2,1
2014-11-11,2014,4,11,November,West,Washington,Seattle,Office Supplies,Appliances,22.9800,6.8940,1,1
2014-11-11,2014,4,11,November,West,Washington,Seattle,Office Supplies,Binders,2033.5840,762.5940,2,1
2014-11-11,2014,4,11,November,West,Washington,Seattle,Technology,Accessories,102.1300,15.3195,7,1
2014-11-12,2014,4,11,November,Central,Texas,Carrollton,Furniture,Furnishings,25.1280,-6.9102,3,1
2014-11-12,2014,4,11,November,Central,Texas,Carrollton,Technology,Accessories,127.9840,25.5968,2,1
2014-11-12,2014,4,11,November,Central,Texas,Houston,Furniture,Bookcases,67.9932,-12.9987,1,1
2014-11-12,2014,4,11,November,Central,Texas,Houston,Office Supplies,Art,2.6720,0.3340,1,1
2014-11-12,2014,4,11,November,Central,Texas,Houston,Office Supplies,Paper,36.2880,12.7008,7,1
2014-11-12,2014,4,11,November,Central,Texas,Houston,Office Supplies,Supplies,16.6560,-3.1230,6,1
2014-11-12,2014,4,11,November,Central,Texas,Houston,Technology,Accessories,79.5120,20.8719,3,1
2014-11-12,2014,4,11,November,Central,Texas,San Antonio,Office Supplies,Storage,49.6320,4.9632,4,1
2014-11-12,2014,4,11,November,South,North Carolina,Asheville,Office Supplies,Art,7.8720,0.8856,3,1
2014-11-12,2014,4,11,November,West,California,Los Angeles,Furniture,Tables,629.0640,31.4532,3,1
2014-11-12,2014,4,11,November,West,California,Los Angeles,Office Supplies,Paper,11.9600,5.8604,2,1
2014-11-14,2014,4,11,November,Central,Michigan,Midland,Office Supplies,Binders,24.2400,12.0048,7,1
2014-11-14,2014,4,11,November,Central,Texas,Pasadena,Office Supplies,Paper,20.7360,7.2576,4,1
2014-11-14,2014,4,11,November,East,Connecticut,Fairfield,Office Supplies,Binders,43.8000,21.0240,10,1
2014-11-14,2014,4,11,November,East,Connecticut,Fairfield,Technology,Phones,832.9300,233.2204,7,1
2014-11-14,2014,4,11,November,East,New York,New York City,Furniture,Chairs,69.2640,14.6224,2,1
2014-11-14,2014,4,11,November,East,New York,New York City,Office Supplies,Paper,11.3600,5.2256,2,1
2014-11-14,2014,4,11,November,South,Virginia,Chesapeake,Office Supplies,Paper,32.4000,15.5520,5,1
2014-11-15,2014,4,11,November,Central,Texas,Houston,Office Supplies,Envelopes,604.6560,204.0714,9,1
2014-11-15,2014,4,11,November,South,Tennessee,Johnson City,Office Supplies,Appliances,333.0560,29.1424,2,1
2014-11-15,2014,4,11,November,South,Tennessee,Johnson City,Office Supplies,Art,4.2240,0.4752,3,1
2014-11-15,2014,4,11,November,South,Tennessee,Johnson City,Office Supplies,Paper,24.8960,7.7800,4,1
2014-11-15,2014,4,11,November,West,California,Los Angeles,Furniture,Furnishings,10.1100,3.2352,3,1
2014-11-15,2014,4,11,November,West,California,Los Angeles,Office Supplies,Supplies,20.4600,5.3196,2,1
2014-11-15,2014,4,11,November,West,California,Los Angeles,Technology,Accessories,772.4700,146.7693,3,1
2014-11-15,2014,4,11,November,West,California,San Francisco,Office Supplies,Supplies,10.9500,3.2850,3,1
2014-11-16,2014,4,11,November,Central,Illinois,Decatur,Furniture,Chairs,37.2960,-1.0656,2,1
2014-11-16,2014,4,11,November,Central,Indiana,Bloomington,Office Supplies,Binders,29.1200,14.2688,4,1
2014-11-16,2014,4,11,November,Central,Indiana,Bloomington,Office Supplies,Envelopes,78.3500,36.8245,5,1
2014-11-16,2014,4,11,November,Central,Indiana,Bloomington,Office Supplies,Paper,31.6800,14.2560,6,1
2014-11-16,2014,4,11,November,Central,Indiana,Bloomington,Office Supplies,Storage,169.4500,42.3625,5,1
2014-11-16,2014,4,11,November,Central,Kansas,Manhattan,Technology,Phones,273.9600,10.9584,2,1
2014-11-16,2014,4,11,November,West,California,Huntington Beach,Office Supplies,Labels,5.2200,2.4012,2,1
2014-11-16,2014,4,11,November,West,California,Los Angeles,Furniture,Bookcases,305.9745,25.1979,3,1
2014-11-16,2014,4,11,November,West,California,Los Angeles,Office Supplies,Storage,344.9100,10.3473,3,1
2014-11-16,2014,4,11,November,West,California,Los Angeles,Technology,Phones,79.9680,-17.9928,4,1
2014-11-17,2014,4,11,November,Central,Minnesota,Moorhead,Furniture,Chairs,479.9000,81.5830,5,1
2014-11-17,2014,4,11,November,Central,Texas,Cedar Hill,Office Supplies,Envelopes,7.0800,2.4780,3,1
2014-11-17,2014,4,11,November,East,Delaware,Newark,Furniture,Furnishings,124.4100,14.9292,3,1
2014-11-17,2014,4,11,November,East,Delaware,Newark,Office Supplies,Art,57.7500,26.5650,5,1
2014-11-17,2014,4,11,November,East,Delaware,Newark,Office Supplies,Storage,2934.3300,792.2691,7,1
2014-11-17,2014,4,11,November,East,New York,Buffalo,Furniture,Bookcases,4007.8400,-50.0980,10,1
2014-11-17,2014,4,11,November,East,New York,Buffalo,Office Supplies,Binders,2152.7760,726.5619,3,1
2014-11-17,2014,4,11,November,East,New York,New York City,Office Supplies,Paper,34.4400,17.2200,3,1
2014-11-17,2014,4,11,November,East,Pennsylvania,Philadelphia,Furniture,Chairs,657.9300,-93.9900,5,1
2014-11-17,2014,4,11,November,East,Pennsylvania,Philadelphia,Office Supplies,Paper,12.4480,3.8900,2,1
2014-11-17,2014,4,11,November,West,California,San Francisco,Office Supplies,Appliances,241.4400,72.4320,3,1
2014-11-17,2014,4,11,November,West,California,San Francisco,Office Supplies,Paper,733.9500,352.2960,7,1
2014-11-17,2014,4,11,November,West,California,San Francisco,Technology,Accessories,99.9800,7.9984,2,1
2014-11-18,2014,4,11,November,Central,Illinois,Chicago,Office Supplies,Binders,14.4800,-23.8920,5,1
2014-11-18,2014,4,11,November,Central,Illinois,Des Plaines,Furniture,Bookcases,424.1160,-30.2940,6,1
2014-11-18,2014,4,11,November,Central,Illinois,Des Plaines,Furniture,Furnishings,8.5440,-7.4760,2,1
2014-11-18,2014,4,11,November,Central,Illinois,Des Plaines,Furniture,Tables,292.1000,-175.2600,4,1
2014-11-18,2014,4,11,November,Central,Illinois,Des Plaines,Office Supplies,Binders,2.8920,-4.9164,3,1
2014-11-18,2014,4,11,November,Central,Illinois,Des Plaines,Office Supplies,Storage,381.7200,-66.8010,5,1
2014-11-18,2014,4,11,November,Central,Minnesota,Minneapolis,Office Supplies,Storage,67.1500,16.7875,5,1
2014-11-18,2014,4,11,November,Central,Wisconsin,Franklin,Furniture,Chairs,392.9400,43.2234,3,1
2014-11-18,2014,4,11,November,East,Ohio,Fairfield,Office Supplies,Binders,11.8080,-8.6592,8,1
2014-11-18,2014,4,11,November,East,Ohio,Fairfield,Technology,Phones,9.5880,-2.0774,2,1
2014-11-18,2014,4,11,November,East,Pennsylvania,Philadelphia,Furniture,Furnishings,60.3120,5.2773,3,1
2014-11-18,2014,4,11,November,East,Pennsylvania,Philadelphia,Office Supplies,Binders,52.9410,-42.2232,4,1
2014-11-18,2014,4,11,November,East,Pennsylvania,Philadelphia,Office Supplies,Storage,76.7920,-16.3183,1,1
2014-11-18,2014,4,11,November,East,Pennsylvania,Philadelphia,Technology,Phones,539.9640,-107.9928,6,1
2014-11-18,2014,4,11,November,West,Colorado,Louisville,Furniture,Tables,145.9800,-99.2664,2,1
2014-11-18,2014,4,11,November,West,Colorado,Louisville,Office Supplies,Paper,35.8080,12.5328,4,1
2014-11-18,2014,4,11,November,West,Utah,Provo,Office Supplies,Paper,21.9800,9.8910,7,1
2014-11-18,2014,4,11,November,West,Washington,Seattle,Furniture,Furnishings,137.5400,55.0160,2,1
2014-11-18,2014,4,11,November,West,Washington,Seattle,Furniture,Tables,730.2000,94.9260,4,1
2014-11-19,2014,4,11,November,Central,Minnesota,Coon Rapids,Office Supplies,Storage,221.1600,57.5016,4,1
2014-11-19,2014,4,11,November,Central,Minnesota,Coon Rapids,Technology,Phones,281.9700,78.9516,3,1
2014-11-19,2014,4,11,November,East,Delaware,Wilmington,Furniture,Bookcases,1025.8800,235.9524,6,1
2014-11-19,2014,4,11,November,East,Delaware,Wilmington,Office Supplies,Binders,213.0800,102.2784,7,1
2014-11-19,2014,4,11,November,East,Delaware,Wilmington,Office Supplies,Labels,32.4600,15.3816,8,1
2014-11-19,2014,4,11,November,East,New York,Jamestown,Technology,Phones,4548.8100,1228.1787,7,1
2014-11-19,2014,4,11,November,East,Pennsylvania,Philadelphia,Office Supplies,Paper,5.8800,1.9845,1,1
2014-11-19,2014,4,11,November,East,Pennsylvania,Philadelphia,Technology,Accessories,47.4960,-1.1874,1,1
2014-11-19,2014,4,11,November,South,Louisiana,Monroe,Technology,Accessories,29.0000,7.2500,2,1
2014-11-19,2014,4,11,November,South,Louisiana,Monroe,Technology,Phones,653.9100,173.0156,9,1
2014-11-19,2014,4,11,November,West,Utah,Salt Lake City,Office Supplies,Paper,166.4400,79.8912,3,1
2014-11-20,2014,4,11,November,East,New York,New York City,Office Supplies,Binders,12.9600,4.5360,3,1
2014-11-20,2014,4,11,November,East,New York,New York City,Office Supplies,Envelopes,34.7400,17.3700,3,1
2014-11-20,2014,4,11,November,East,New York,New York City,Office Supplies,Paper,25.9200,12.4416,4,1
2014-11-20,2014,4,11,November,East,New York,New York City,Technology,Phones,833.9400,216.8244,6,1
2014-11-21,2014,4,11,November,Central,Texas,Dallas,Office Supplies,Envelopes,1.6320,0.5508,1,1
2014-11-21,2014,4,11,November,Central,Texas,Dallas,Technology,Phones,267.9600,16.7475,5,1
2014-11-21,2014,4,11,November,South,Kentucky,Richmond,Office Supplies,Art,5.4600,1.4742,3,1
2014-11-21,2014,4,11,November,South,Kentucky,Richmond,Office Supplies,Paper,629.1000,301.9680,6,1
2014-11-21,2014,4,11,November,South,Kentucky,Richmond,Office Supplies,Storage,193.9500,9.6975,3,1
2014-11-21,2014,4,11,November,South,Kentucky,Richmond,Technology,Phones,36.9900,9.9873,1,1
2014-11-21,2014,4,11,November,West,California,San Francisco,Office Supplies,Paper,19.5400,9.2476,4,2
2014-11-21,2014,4,11,November,West,California,San Francisco,Technology,Accessories,94.9900,28.4970,1,1
2014-11-22,2014,4,11,November,Central,Illinois,Bolingbrook,Office Supplies,Binders,9.9800,-16.4670,5,1
2014-11-22,2014,4,11,November,Central,Texas,Pasadena,Office Supplies,Binders,6.9280,-11.0848,1,1
2014-11-22,2014,4,11,November,South,Georgia,Atlanta,Office Supplies,Paper,9.9600,4.8804,2,1
2014-11-22,2014,4,11,November,South,Georgia,Columbus,Office Supplies,Appliances,675.1200,290.3016,3,1
2014-11-22,2014,4,11,November,South,Georgia,Columbus,Office Supplies,Binders,319.9000,156.7510,5,1
2014-11-22,2014,4,11,November,South,Georgia,Columbus,Office Supplies,Envelopes,27.5900,13.2919,5,1
2014-11-22,2014,4,11,November,West,California,Los Angeles,Office Supplies,Paper,53.8200,24.2190,9,1
2014-11-23,2014,4,11,November,Central,Michigan,Detroit,Office Supplies,Binders,14.6700,6.7482,3,1
2014-11-23,2014,4,11,November,Central,Texas,Houston,Furniture,Chairs,155.3720,-35.5136,2,1
2014-11-23,2014,4,11,November,Central,Texas,Houston,Office Supplies,Labels,23.6800,8.8800,2,1
2014-11-23,2014,4,11,November,Central,Texas,Mesquite,Furniture,Furnishings,6.3680,-2.5472,2,1
2014-11-23,2014,4,11,November,Central,Texas,Mesquite,Office Supplies,Appliances,34.1760,-87.1488,3,1
2014-11-23,2014,4,11,November,Central,Texas,Mesquite,Technology,Accessories,5.5440,1.6632,7,1
2014-11-23,2014,4,11,November,East,Pennsylvania,Philadelphia,Office Supplies,Envelopes,62.8080,21.1977,3,1
2014-11-23,2014,4,11,November,West,Arizona,Scottsdale,Office Supplies,Envelopes,23.4720,8.8020,3,1
2014-11-23,2014,4,11,November,West,California,Los Angeles,Furniture,Chairs,985.3600,-44.1010,7,1
2014-11-23,2014,4,11,November,West,California,Los Angeles,Office Supplies,Envelopes,21.8400,10.4832,3,1
2014-11-23,2014,4,11,November,West,California,Los Angeles,Technology,Accessories,29.9900,6.2979,1,1
2014-11-24,2014,4,11,November,Central,Illinois,Chicago,Office Supplies,Storage,646.2000,-8.0775,5,1
2014-11-24,2014,4,11,November,Central,Michigan,Jackson,Office Supplies,Art,151.9200,45.5760,4,1
2014-11-24,2014,4,11,November,Central,Michigan,Jackson,Office Supplies,Labels,196.6200,96.3438,2,1
2014-11-24,2014,4,11,November,Central,Michigan,Jackson,Office Supplies,Paper,160.0800,77.1576,5,1
2014-11-24,2014,4,11,November,Central,Missouri,Saint Louis,Technology,Accessories,111.7900,43.5981,7,1
2014-11-24,2014,4,11,November,East,Ohio,Akron,Office Supplies,Binders,5.7420,-4.5936,3,1
2014-11-24,2014,4,11,November,East,Ohio,Cincinnati,Office Supplies,Art,2.6240,0.4264,1,1
2014-11-24,2014,4,11,November,East,Ohio,Columbus,Furniture,Chairs,611.0580,-34.9176,3,1
2014-11-24,2014,4,11,November,East,Ohio,Columbus,Technology,Phones,1049.9700,-209.9940,5,1
2014-11-24,2014,4,11,November,East,Ohio,Toledo,Furniture,Furnishings,35.1680,9.6712,7,1
2014-11-24,2014,4,11,November,East,Ohio,Toledo,Technology,Phones,1502.3760,-250.3960,4,1
2014-11-24,2014,4,11,November,South,Virginia,Virginia Beach,Furniture,Furnishings,111.1500,48.9060,5,1
2014-11-24,2014,4,11,November,West,California,Sacramento,Furniture,Chairs,120.7120,-18.1068,1,1
2014-11-24,2014,4,11,November,West,California,San Diego,Furniture,Furnishings,151.7200,27.3096,4,1
2014-11-24,2014,4,11,November,West,Washington,Seattle,Office Supplies,Binders,12.0960,4.2336,7,1
2014-11-24,2014,4,11,November,West,Washington,Seattle,Office Supplies,Paper,25.9200,12.4416,4,1
2014-11-24,2014,4,11,November,West,Washington,Seattle,Office Supplies,Storage,683.4600,63.0642,8,1
2014-11-25,2014,4,11,November,Central,Texas,Arlington,Furniture,Furnishings,6.0960,-3.9624,3,1
2014-11-25,2014,4,11,November,Central,Texas,Arlington,Furniture,Tables,1218.7350,-121.8735,5,1
2014-11-25,2014,4,11,November,Central,Texas,Arlington,Office Supplies,Labels,8.4240,2.8746,3,1
2014-11-25,2014,4,11,November,Central,Texas,Arlington,Office Supplies,Paper,15.6960,5.1012,3,1
2014-11-25,2014,4,11,November,Central,Texas,Arlington,Technology,Accessories,24.6720,0.0000,3,1
2014-11-25,2014,4,11,November,East,New York,New York City,Furniture,Bookcases,275.9520,-37.9434,3,1
2014-11-25,2014,4,11,November,East,New York,New York City,Office Supplies,Storage,1117.9200,55.8960,4,1
2014-11-25,2014,4,11,November,East,Rhode Island,Woonsocket,Furniture,Furnishings,52.9600,20.1248,2,1
2014-11-25,2014,4,11,November,West,California,Brentwood,Furniture,Furnishings,23.8800,10.5072,3,1
2014-11-25,2014,4,11,November,West,California,Brentwood,Office Supplies,Appliances,320.8800,93.0552,6,1
2014-11-25,2014,4,11,November,West,California,Brentwood,Office Supplies,Paper,26.7600,12.3096,4,1
2014-11-25,2014,4,11,November,West,California,Los Angeles,Furniture,Chairs,725.3440,54.4008,4,1
2014-11-25,2014,4,11,November,West,California,Los Angeles,Office Supplies,Art,7.4400,2.6040,3,1
2014-11-25,2014,4,11,November,West,California,Los Angeles,Technology,Phones,539.9200,47.2430,5,1
2014-11-25,2014,4,11,November,West,Oregon,Springfield,Office Supplies,Art,51.0160,8.2901,7,1
2014-11-26,2014,4,11,November,Central,Texas,Houston,Furniture,Furnishings,19.3000,-14.4750,5,1
2014-11-26,2014,4,11,November,East,New York,Utica,Office Supplies,Binders,30.0000,10.4478,7,1
2014-11-26,2014,4,11,November,East,New York,Utica,Office Supplies,Labels,104.6700,50.3568,13,1
2014-11-26,2014,4,11,November,East,New York,Utica,Technology,Phones,279.9600,78.3888,4,1
2014-11-26,2014,4,11,November,West,California,Fresno,Office Supplies,Appliances,40.5400,11.3512,2,1
2014-11-26,2014,4,11,November,West,California,Fresno,Office Supplies,Binders,11.6320,4.0712,4,1
2014-11-26,2014,4,11,November,West,California,Fresno,Office Supplies,Paper,14.9400,7.0218,3,1
2014-11-26,2014,4,11,November,West,California,San Francisco,Office Supplies,Paper,81.9800,40.1702,2,1
2014-11-26,2014,4,11,November,West,Oregon,Tigard,Office Supplies,Paper,15.5520,5.4432,3,1
2014-11-26,2014,4,11,November,West,Oregon,Tigard,Office Supplies,Storage,669.0800,-167.2700,5,1
2014-11-26,2014,4,11,November,West,Oregon,Tigard,Technology,Phones,438.3360,-87.6672,4,1
2014-11-27,2014,4,11,November,East,New York,Buffalo,Furniture,Furnishings,199.9000,39.9800,5,1
2014-11-27,2014,4,11,November,East,New York,New York City,Office Supplies,Fasteners,3.7600,1.3160,2,1
2014-11-28,2014,4,11,November,Central,Indiana,Richmond,Office Supplies,Envelopes,64.0200,29.4492,6,1
2014-11-28,2014,4,11,November,Central,Texas,Houston,Technology,Machines,998.8500,-199.7700,5,1
2014-11-28,2014,4,11,November,East,New York,Freeport,Office Supplies,Binders,17.2480,6.0368,2,1
2014-11-28,2014,4,11,November,South,Alabama,Montgomery,Office Supplies,Art,14.6700,3.9609,3,1
2014-11-28,2014,4,11,November,South,South Carolina,Columbia,Furniture,Furnishings,397.6000,43.7360,5,1
2014-11-28,2014,4,11,November,South,South Carolina,Columbia,Office Supplies,Art,13.1200,4.3296,4,1
2014-11-28,2014,4,11,November,South,South Carolina,Columbia,Office Supplies,Binders,45.6600,22.3734,3,1
2014-11-28,2014,4,11,November,South,South Carolina,Columbia,Office Supplies,Paper,85.9600,40.4012,7,1
2014-11-28,2014,4,11,November,West,California,San Francisco,Furniture,Bookcases,411.3320,-4.8392,4,1
2014-11-28,2014,4,11,November,West,California,San Francisco,Office Supplies,Appliances,43.6800,11.7936,3,1
2014-11-28,2014,4,11,November,West,California,San Francisco,Office Supplies,Labels,41.4000,19.8720,4,1
2014-11-28,2014,4,11,November,West,California,San Francisco,Office Supplies,Supplies,7.3600,0.1472,2,1
2014-11-28,2014,4,11,November,West,California,San Francisco,Technology,Accessories,139.9300,34.9825,7,1
2014-11-29,2014,4,11,November,Central,Illinois,Skokie,Office Supplies,Fasteners,12.6240,3.9450,2,1
2014-11-29,2014,4,11,November,East,New York,New York City,Office Supplies,Labels,25.0600,11.7782,2,1
2014-11-29,2014,4,11,November,East,Pennsylvania,Philadelphia,Office Supplies,Labels,5.0400,1.7640,2,1
2014-11-29,2014,4,11,November,West,California,San Francisco,Office Supplies,Fasteners,30.4000,15.2000,5,1
2014-11-29,2014,4,11,November,West,California,San Francisco,Technology,Phones,575.9200,71.9900,2,1
2014-11-30,2014,4,11,November,East,New York,Mount Vernon,Office Supplies,Envelopes,62.2800,29.2716,4,1
2014-11-30,2014,4,11,November,South,Florida,Orlando,Office Supplies,Binders,6.6420,-4.4280,9,1
2014-11-30,2014,4,11,November,West,Arizona,Avondale,Office Supplies,Supplies,47.9920,3.5994,7,1
2014-11-30,2014,4,11,November,West,Arizona,Avondale,Technology,Accessories,102.2400,-16.6140,4,1
2014-12-01,2014,4,12,December,Central,Texas,Houston,Furniture,Chairs,674.0580,-19.2588,3,1
2014-12-01,2014,4,12,December,Central,Wisconsin,Madison,Furniture,Chairs,2807.8400,673.8816,8,1
2014-12-01,2014,4,12,December,Central,Wisconsin,Madison,Office Supplies,Art,46.6400,12.5928,4,1
2014-12-01,2014,4,12,December,East,Massachusetts,Lowell,Furniture,Furnishings,55.6600,18.8262,5,1
2014-12-01,2014,4,12,December,East,Massachusetts,Lowell,Technology,Phones,271.9000,78.8510,2,1
2014-12-01,2014,4,12,December,East,Ohio,Columbus,Furniture,Chairs,909.7200,-51.9840,6,1
2014-12-01,2014,4,12,December,East,Ohio,Columbus,Furniture,Furnishings,8.1280,1.4224,2,1
2014-12-01,2014,4,12,December,East,Ohio,Columbus,Office Supplies,Paper,36.2880,12.7008,7,1
2014-12-01,2014,4,12,December,East,Ohio,Columbus,Technology,Copiers,659.9880,109.9980,2,1
2014-12-01,2014,4,12,December,South,North Carolina,Jacksonville,Technology,Phones,95.9680,9.5968,4,1
2014-12-01,2014,4,12,December,West,California,San Francisco,Furniture,Furnishings,58.2000,28.5180,3,1
2014-12-02,2014,4,12,December,Central,Illinois,Chicago,Office Supplies,Appliances,2.3940,-6.3441,1,1
2014-12-02,2014,4,12,December,Central,Texas,Corpus Christi,Furniture,Furnishings,98.3200,-48.7790,10,1
2014-12-02,2014,4,12,December,Central,Texas,Corpus Christi,Office Supplies,Art,16.4640,1.4406,7,1
2014-12-02,2014,4,12,December,East,Maryland,Clinton,Furniture,Chairs,239.8400,64.7568,8,1
2014-12-02,2014,4,12,December,East,Maryland,Clinton,Furniture,Furnishings,60.7200,23.6808,3,1
2014-12-02,2014,4,12,December,East,Maryland,Clinton,Office Supplies,Labels,15.6600,7.2036,6,1
2014-12-02,2014,4,12,December,East,Maryland,Clinton,Office Supplies,Paper,146.8200,73.4100,3,1
2014-12-02,2014,4,12,December,East,New York,New York City,Furniture,Bookcases,883.9200,-110.4900,5,1
2014-12-02,2014,4,12,December,East,New York,New York City,Office Supplies,Binders,46.7200,15.7680,8,1
2014-12-02,2014,4,12,December,East,New York,New York City,Technology,Accessories,119.9600,52.7824,4,1
2014-12-02,2014,4,12,December,East,Ohio,Columbus,Technology,Accessories,119.8000,29.9500,5,1
2014-12-02,2014,4,12,December,South,Georgia,Sandy Springs,Office Supplies,Paper,15.2400,7.1628,3,1
2014-12-02,2014,4,12,December,South,Georgia,Sandy Springs,Technology,Accessories,5.9500,0.8330,1,1
2014-12-03,2014,4,12,December,Central,Missouri,Saint Louis,Office Supplies,Paper,25.9200,12.4416,4,1
2014-12-03,2014,4,12,December,Central,Oklahoma,Oklahoma City,Technology,Phones,479.9600,134.3888,4,1
2014-12-04,2014,4,12,December,East,New York,New York City,Technology,Phones,129.9800,62.3904,2,1
2014-12-05,2014,4,12,December,Central,Illinois,Decatur,Office Supplies,Storage,24.8160,1.8612,2,1
2014-12-05,2014,4,12,December,Central,Illinois,Decatur,Technology,Accessories,408.7440,76.6395,7,1
2014-12-05,2014,4,12,December,East,Ohio,Columbus,Office Supplies,Binders,29.9400,-23.9520,4,1
2014-12-05,2014,4,12,December,East,Ohio,Columbus,Office Supplies,Paper,115.8480,41.3397,6,1
2014-12-05,2014,4,12,December,East,Ohio,Columbus,Technology,Phones,216.6780,-54.1695,3,1
2014-12-05,2014,4,12,December,East,Pennsylvania,Philadelphia,Office Supplies,Envelopes,348.4880,117.6147,7,1
2014-12-05,2014,4,12,December,East,Pennsylvania,Philadelphia,Office Supplies,Storage,172.7360,-30.2288,4,1
2014-12-05,2014,4,12,December,South,Virginia,Alexandria,Office Supplies,Storage,24.5600,6.8768,2,1
2014-12-05,2014,4,12,December,West,Arizona,Gilbert,Office Supplies,Art,1113.0240,111.3024,8,1
2014-12-05,2014,4,12,December,West,Arizona,Gilbert,Technology,Phones,167.9680,62.9880,4,1
2014-12-05,2014,4,12,December,West,California,Los Angeles,Office Supplies,Appliances,250.2600,72.5754,6,1
2014-12-05,2014,4,12,December,West,California,Los Angeles,Office Supplies,Art,26.4600,11.9070,9,1
2014-12-05,2014,4,12,December,West,California,Los Angeles,Office Supplies,Fasteners,15.0000,7.2000,3,1
2014-12-05,2014,4,12,December,West,California,Los Angeles,Office Supplies,Paper,49.1200,23.0864,4,1
2014-12-06,2014,4,12,December,Central,Illinois,Chicago,Furniture,Furnishings,10.7760,-4.8492,3,1
2014-12-06,2014,4,12,December,Central,Illinois,Chicago,Furniture,Tables,214.9500,-120.3720,5,1
2014-12-06,2014,4,12,December,Central,Illinois,Chicago,Office Supplies,Appliances,14.0160,-31.5360,4,1
2014-12-06,2014,4,12,December,Central,Illinois,Chicago,Office Supplies,Binders,4.6000,-8.0500,2,1
2014-12-06,2014,4,12,December,Central,Illinois,Chicago,Office Supplies,Storage,35.1680,-8.3524,2,1
2014-12-06,2014,4,12,December,Central,Illinois,Chicago,Technology,Phones,35.0400,-7.0080,4,1
2014-12-06,2014,4,12,December,Central,Texas,Houston,Furniture,Furnishings,23.9760,-14.3856,3,1
2014-12-06,2014,4,12,December,South,Tennessee,Memphis,Office Supplies,Paper,42.2080,13.7176,2,1
2014-12-06,2014,4,12,December,West,California,Los Angeles,Office Supplies,Storage,1261.3300,327.9458,7,1
2014-12-06,2014,4,12,December,West,Oregon,Springfield,Furniture,Tables,275.4900,-170.8038,1,1
2014-12-06,2014,4,12,December,West,Oregon,Springfield,Office Supplies,Storage,53.4240,4.6746,3,1
2014-12-07,2014,4,12,December,South,Virginia,Virginia Beach,Office Supplies,Paper,105.5200,48.5392,4,1
2014-12-07,2014,4,12,December,West,California,Los Angeles,Office Supplies,Art,8.6400,2.4192,3,1
2014-12-07,2014,4,12,December,West,California,San Francisco,Office Supplies,Paper,164.8800,80.7912,3,1
2014-12-07,2014,4,12,December,West,Washington,Seattle,Office Supplies,Storage,269.3600,70.0336,7,1
2014-12-08,2014,4,12,December,Central,Texas,Houston,Office Supplies,Storage,60.4160,6.0416,2,1
2014-12-08,2014,4,12,December,West,California,San Francisco,Furniture,Furnishings,119.3200,39.7648,5,1
2014-12-08,2014,4,12,December,West,Oregon,Salem,Office Supplies,Binders,6.4560,-4.5192,4,1
2014-12-08,2014,4,12,December,West,Oregon,Salem,Office Supplies,Labels,39.4080,12.8076,12,1
2014-12-08,2014,4,12,December,West,Oregon,Salem,Office Supplies,Paper,10.3680,3.6288,2,1
2014-12-08,2014,4,12,December,West,Oregon,Salem,Office Supplies,Storage,39.0720,2.9304,3,1
2014-12-08,2014,4,12,December,West,Oregon,Salem,Office Supplies,Supplies,13.8800,-2.6025,5,1
2014-12-08,2014,4,12,December,West,Oregon,Salem,Technology,Accessories,103.9200,-18.1860,10,1
2014-12-08,2014,4,12,December,West,Oregon,Salem,Technology,Phones,52.6800,19.7550,3,1
2014-12-08,2014,4,12,December,West,Washington,Olympia,Furniture,Chairs,603.9200,45.2940,5,1
2014-12-08,2014,4,12,December,West,Washington,Olympia,Office Supplies,Paper,45.6800,21.0128,2,1
2014-12-09,2014,4,12,December,Central,Illinois,Chicago,Office Supplies,Appliances,20.3880,-53.0088,2,1
2014-12-09,2014,4,12,December,Central,Illinois,Chicago,Office Supplies,Paper,8.4480,2.9568,2,1
2014-12-09,2014,4,12,December,Central,Texas,Brownsville,Office Supplies,Paper,10.6880,3.7408,2,1
2014-12-09,2014,4,12,December,Central,Texas,Brownsville,Office Supplies,Storage,237.0960,20.7459,3,1
2014-12-09,2014,4,12,December,East,Pennsylvania,Philadelphia,Office Supplies,Envelopes,30.6720,9.5850,3,1
2014-12-09,2014,4,12,December,East,Pennsylvania,Philadelphia,Technology,Copiers,1079.9760,125.9972,4,1
2014-12-09,2014,4,12,December,West,Arizona,Mesa,Office Supplies,Storage,100.7040,-1.2588,6,1
2014-12-09,2014,4,12,December,West,California,San Francisco,Office Supplies,Paper,34.6800,16.9932,6,1
2014-12-10,2014,4,12,December,East,New York,New York City,Office Supplies,Binders,106.3440,37.2204,7,1
2014-12-10,2014,4,12,December,East,New York,New York City,Office Supplies,Paper,11.3600,5.2256,2,1
2014-12-10,2014,4,12,December,West,Idaho,Caldwell,Furniture,Chairs,338.3520,4.2294,3,1
2014-12-10,2014,4,12,December,West,Idaho,Caldwell,Office Supplies,Paper,117.2800,54.4672,8,1
2014-12-12,2014,4,12,December,Central,Texas,San Antonio,Office Supplies,Binders,210.3920,-336.6272,2,1
2014-12-12,2014,4,12,December,South,Florida,Miami,Office Supplies,Envelopes,23.4720,7.6284,3,1
2014-12-12,2014,4,12,December,West,California,Concord,Furniture,Furnishings,43.3100,4.3310,1,1
2014-12-12,2014,4,12,December,West,California,Fresno,Furniture,Bookcases,254.9745,11.9988,3,1
2014-12-12,2014,4,12,December,West,California,Fresno,Furniture,Tables,4375.5360,230.9928,18,1
2014-12-12,2014,4,12,December,West,California,Oakland,Furniture,Furnishings,21.7800,8.9496,6,1
2014-12-12,2014,4,12,December,West,California,Oakland,Office Supplies,Storage,8.9400,0.6258,3,1
2014-12-13,2014,4,12,December,Central,Illinois,Chicago,Furniture,Furnishings,94.4280,-42.4926,3,1
2014-12-13,2014,4,12,December,Central,Texas,Houston,Office Supplies,Supplies,2.9200,0.3650,1,1
2014-12-13,2014,4,12,December,South,Kentucky,Henderson,Office Supplies,Binders,12.3900,5.8233,3,1
2014-12-13,2014,4,12,December,West,Arizona,Phoenix,Furniture,Furnishings,87.9600,7.6965,3,1
2014-12-13,2014,4,12,December,West,Arizona,Phoenix,Office Supplies,Binders,5.2140,-4.1712,2,1
2014-12-13,2014,4,12,December,West,California,Los Angeles,Office Supplies,Paper,90.2400,41.5104,6,1
2014-12-14,2014,4,12,December,Central,Illinois,Chicago,Office Supplies,Binders,14.3680,-22.5728,7,2
2014-12-14,2014,4,12,December,Central,Illinois,Chicago,Office Supplies,Fasteners,2.8960,0.4706,2,1
2014-12-14,2014,4,12,December,Central,Illinois,Chicago,Technology,Accessories,35.0160,-2.1885,3,1
2014-12-14,2014,4,12,December,East,New York,New York City,Technology,Machines,6999.9600,2239.9872,4,1
2014-12-14,2014,4,12,December,East,Ohio,Marion,Furniture,Tables,136.5300,-52.3365,1,1
2014-12-14,2014,4,12,December,East,Ohio,Marion,Office Supplies,Art,2.6240,0.2952,1,1
2014-12-14,2014,4,12,December,East,Ohio,Marion,Technology,Accessories,263.9600,42.8935,1,1
2014-12-14,2014,4,12,December,South,Florida,Deltona,Furniture,Chairs,186.3040,13.9728,4,1
2014-12-15,2014,4,12,December,Central,Illinois,Chicago,Furniture,Furnishings,8.5440,-7.4760,2,1
2014-12-15,2014,4,12,December,Central,Texas,El Paso,Furniture,Chairs,763.2800,-21.8080,5,1
2014-12-15,2014,4,12,December,Central,Texas,El Paso,Technology,Phones,40.6800,-9.1530,3,1
2014-12-15,2014,4,12,December,East,Pennsylvania,Philadelphia,Furniture,Chairs,445.8020,-108.2662,7,1
2014-12-15,2014,4,12,December,West,California,San Diego,Furniture,Furnishings,6.1600,1.9712,2,1
2014-12-16,2014,4,12,December,Central,Michigan,Detroit,Office Supplies,Paper,114.2000,52.5320,5,1
2014-12-16,2014,4,12,December,Central,Texas,Beaumont,Furniture,Furnishings,8.6240,-2.5872,7,1
2014-12-16,2014,4,12,December,Central,Texas,Beaumont,Technology,Accessories,319.9680,95.9904,4,1
2014-12-16,2014,4,12,December,Central,Texas,Huntsville,Furniture,Furnishings,56.5680,-74.9526,2,1
2014-12-16,2014,4,12,December,Central,Texas,Huntsville,Office Supplies,Paper,36.2880,12.7008,7,1
2014-12-16,2014,4,12,December,South,Florida,Hialeah,Furniture,Chairs,1013.8320,101.3832,9,1
2014-12-16,2014,4,12,December,South,Florida,Hialeah,Office Supplies,Fasteners,1.9840,0.6696,2,1
2014-12-16,2014,4,12,December,South,Florida,Jacksonville,Office Supplies,Binders,1.1670,-0.8558,1,1
2014-12-16,2014,4,12,December,South,Virginia,Springfield,Furniture,Furnishings,29.4600,9.7218,6,1
2014-12-16,2014,4,12,December,South,Virginia,Springfield,Technology,Accessories,99.9800,7.9984,2,1
2014-12-16,2014,4,12,December,West,California,Los Angeles,Furniture,Chairs,241.5680,18.1176,2,1
2014-12-16,2014,4,12,December,West,California,Los Angeles,Furniture,Furnishings,44.4600,14.6718,2,1
2014-12-16,2014,4,12,December,West,California,Los Angeles,Technology,Accessories,395.0000,39.5000,5,1
2014-12-16,2014,4,12,December,West,California,Los Angeles,Technology,Phones,627.1680,70.5564,4,1
2014-12-16,2014,4,12,December,West,California,Sacramento,Furniture,Chairs,1403.9200,70.1960,5,1
2014-12-17,2014,4,12,December,East,Ohio,Columbus,Office Supplies,Binders,5.4840,-4.0216,4,1
2014-12-17,2014,4,12,December,South,Georgia,Columbus,Office Supplies,Art,40.0500,11.2140,3,1
2014-12-19,2014,4,12,December,Central,Illinois,Chicago,Office Supplies,Paper,15.5520,5.4432,3,1
2014-12-19,2014,4,12,December,Central,Illinois,Chicago,Office Supplies,Storage,32.5920,-7.7406,3,1
2014-12-19,2014,4,12,December,Central,Illinois,Chicago,Technology,Phones,323.9760,36.4473,3,1
2014-12-19,2014,4,12,December,South,Alabama,Florence,Furniture,Chairs,1819.8600,163.7874,14,1
2014-12-19,2014,4,12,December,South,Alabama,Florence,Office Supplies,Binders,152.7600,74.8524,6,1
2014-12-19,2014,4,12,December,South,Alabama,Florence,Office Supplies,Supplies,7.2700,1.9629,1,1
2014-12-19,2014,4,12,December,South,Florida,Jacksonville,Office Supplies,Binders,4.8120,-3.6892,2,1
2014-12-19,2014,4,12,December,South,Florida,Jacksonville,Technology,Accessories,247.8000,-18.5850,5,1
2014-12-19,2014,4,12,December,West,California,Los Angeles,Office Supplies,Fasteners,22.5500,8.7945,5,1
2014-12-19,2014,4,12,December,West,California,Los Angeles,Office Supplies,Labels,14.6200,6.8714,2,1
2014-12-19,2014,4,12,December,West,California,Los Angeles,Technology,Phones,794.9680,88.8126,9,1
2014-12-20,2014,4,12,December,Central,Indiana,Indianapolis,Office Supplies,Binders,1103.9700,496.7865,3,1
2014-12-20,2014,4,12,December,Central,Indiana,Indianapolis,Office Supplies,Labels,3.6900,1.7343,1,1
2014-12-20,2014,4,12,December,Central,Texas,Grand Prairie,Office Supplies,Appliances,19.4320,-49.5516,2,1
2014-12-20,2014,4,12,December,Central,Texas,Grand Prairie,Technology,Accessories,65.4400,-8.1800,5,1
2014-12-20,2014,4,12,December,East,New York,New York City,Furniture,Chairs,192.1860,36.3018,3,1
2014-12-20,2014,4,12,December,East,Ohio,Hamilton,Furniture,Furnishings,190.8480,-21.4704,3,1
2014-12-20,2014,4,12,December,South,Tennessee,Columbia,Furniture,Chairs,662.8800,74.5740,3,1
2014-12-20,2014,4,12,December,South,Tennessee,Columbia,Office Supplies,Appliances,43.5120,3.8073,7,1
2014-12-20,2014,4,12,December,South,Tennessee,Columbia,Office Supplies,Paper,25.9200,9.0720,5,1
2014-12-20,2014,4,12,December,South,Virginia,Harrisonburg,Furniture,Tables,2699.5800,593.9076,9,1
2014-12-20,2014,4,12,December,South,Virginia,Harrisonburg,Office Supplies,Binders,62.3100,29.2857,3,1
2014-12-20,2014,4,12,December,South,Virginia,Harrisonburg,Office Supplies,Storage,122.4800,0.0000,2,1
2014-12-20,2014,4,12,December,West,Arizona,Tucson,Furniture,Chairs,242.3520,-42.4116,3,1
2014-12-20,2014,4,12,December,West,Arizona,Tucson,Furniture,Furnishings,51.9680,10.3936,2,1
2014-12-20,2014,4,12,December,West,Arizona,Tucson,Office Supplies,Paper,230.3680,80.3120,7,1
2014-12-20,2014,4,12,December,West,Arizona,Tucson,Technology,Accessories,71.9760,21.5928,3,1
2014-12-20,2014,4,12,December,West,California,Los Angeles,Office Supplies,Art,51.4300,13.4544,3,1
2014-12-20,2014,4,12,December,West,California,Los Angeles,Office Supplies,Binders,643.1040,202.9090,7,1
2014-12-20,2014,4,12,December,West,Colorado,Thornton,Technology,Accessories,447.9440,89.5888,7,1
2014-12-20,2014,4,12,December,West,Washington,Seattle,Office Supplies,Labels,31.0500,14.9040,3,1
2014-12-21,2014,4,12,December,East,Delaware,Newark,Office Supplies,Labels,17.2800,7.9488,6,1
2014-12-21,2014,4,12,December,South,Tennessee,Columbia,Office Supplies,Binders,18.2400,-14.5920,2,1
2014-12-21,2014,4,12,December,West,California,San Diego,Furniture,Chairs,1897.9200,184.9080,9,1
2014-12-22,2014,4,12,December,Central,Illinois,Chicago,Office Supplies,Binders,17.9040,-31.3320,6,1
2014-12-22,2014,4,12,December,Central,Illinois,Chicago,Office Supplies,Paper,124.0320,44.9616,4,1
2014-12-22,2014,4,12,December,Central,Illinois,Chicago,Office Supplies,Storage,132.1600,9.9120,1,1
2014-12-22,2014,4,12,December,East,New York,New York City,Office Supplies,Binders,296.7120,100.1403,13,1
2014-12-22,2014,4,12,December,East,New York,New York City,Office Supplies,Storage,216.4000,56.2640,4,1
2014-12-22,2014,4,12,December,West,California,San Jose,Office Supplies,Art,11.7600,3.1752,4,1
2014-12-23,2014,4,12,December,Central,Indiana,Richmond,Office Supplies,Appliances,207.2400,58.0272,11,1
2014-12-23,2014,4,12,December,Central,Texas,Port Arthur,Office Supplies,Paper,5.1840,1.8144,1,1
2014-12-23,2014,4,12,December,East,New York,New York City,Furniture,Tables,53.3160,-19.5492,2,1
2014-12-23,2014,4,12,December,East,New York,New York City,Office Supplies,Appliances,56.5200,15.8256,3,1
2014-12-23,2014,4,12,December,South,Florida,Tampa,Furniture,Chairs,64.7840,6.4784,1,1
2014-12-23,2014,4,12,December,South,Florida,Tampa,Office Supplies,Art,1.3440,0.5040,1,1
2014-12-23,2014,4,12,December,South,Florida,Tampa,Office Supplies,Paper,45.5280,15.9348,3,1
2014-12-23,2014,4,12,December,South,Florida,Tampa,Office Supplies,Storage,508.1920,-11.6558,7,1
2014-12-24,2014,4,12,December,East,Ohio,Cleveland,Furniture,Furnishings,30.3600,8.7285,5,1
2014-12-24,2014,4,12,December,South,Florida,Miami,Office Supplies,Paper,9.5680,3.4684,2,1
2014-12-24,2014,4,12,December,West,California,Los Angeles,Furniture,Chairs,292.2720,18.2670,6,1
2014-12-24,2014,4,12,December,West,California,Los Angeles,Furniture,Furnishings,23.9900,5.5177,1,1
2014-12-24,2014,4,12,December,West,California,Los Angeles,Office Supplies,Appliances,361.9600,101.3488,2,1
2014-12-24,2014,4,12,December,West,California,Los Angeles,Office Supplies,Storage,163.2000,41.6328,2,2
2014-12-24,2014,4,12,December,West,California,Los Angeles,Technology,Accessories,62.8500,13.1985,3,1
2014-12-24,2014,4,12,December,West,California,Los Angeles,Technology,Phones,992.0320,68.5141,10,1
2014-12-24,2014,4,12,December,West,California,San Diego,Office Supplies,Appliances,13.9700,3.6322,1,1
2014-12-26,2014,4,12,December,Central,Illinois,Chicago,Office Supplies,Binders,8.6900,-14.7730,5,1
2014-12-26,2014,4,12,December,Central,Texas,Houston,Furniture,Chairs,600.5580,-8.5794,3,1
2014-12-26,2014,4,12,December,East,New York,New York City,Office Supplies,Storage,191.8800,19.1880,6,1
2014-12-26,2014,4,12,December,East,Pennsylvania,Philadelphia,Office Supplies,Appliances,116.2080,13.7868,4,1
2014-12-26,2014,4,12,December,East,Pennsylvania,Philadelphia,Office Supplies,Art,8.0160,1.1022,3,1
2014-12-26,2014,4,12,December,East,Pennsylvania,Philadelphia,Office Supplies,Paper,18.2640,6.1641,3,1
2014-12-26,2014,4,12,December,East,Pennsylvania,Philadelphia,Office Supplies,Storage,227.1360,-42.5880,4,1
2014-12-26,2014,4,12,December,West,California,San Diego,Furniture,Furnishings,3.4800,1.1136,2,1
2014-12-26,2014,4,12,December,West,California,San Diego,Office Supplies,Supplies,11.9100,0.1191,3,1
2014-12-26,2014,4,12,December,West,Colorado,Colorado Springs,Furniture,Chairs,230.3520,20.1558,3,1
2014-12-26,2014,4,12,December,West,Colorado,Colorado Springs,Furniture,Furnishings,518.7680,54.2946,11,1
2014-12-26,2014,4,12,December,West,Colorado,Colorado Springs,Office Supplies,Binders,78.6000,-62.8800,5,1
2014-12-26,2014,4,12,December,West,Colorado,Colorado Springs,Office Supplies,Fasteners,27.5520,9.2988,3,1
2014-12-27,2014,4,12,December,Central,Illinois,Skokie,Furniture,Furnishings,32.9520,-19.7712,6,1
2014-12-27,2014,4,12,December,Central,Illinois,Skokie,Office Supplies,Storage,30.0160,3.0016,4,1
2014-12-27,2014,4,12,December,Central,Texas,Fort Worth,Office Supplies,Binders,4.9840,-8.4728,1,1
2014-12-27,2014,4,12,December,East,New York,New York City,Furniture,Chairs,767.2140,161.9674,14,1
2014-12-27,2014,4,12,December,East,Ohio,Cleveland,Furniture,Furnishings,182.3520,-18.2352,3,1
2014-12-27,2014,4,12,December,East,Ohio,Cleveland,Office Supplies,Storage,118.1600,-25.1090,2,1
2014-12-27,2014,4,12,December,South,Alabama,Decatur,Office Supplies,Paper,23.9200,11.7208,4,1
2014-12-27,2014,4,12,December,South,Alabama,Decatur,Technology,Accessories,498.0000,184.2600,5,1
2014-12-27,2014,4,12,December,West,Arizona,Phoenix,Office Supplies,Binders,946.7640,-694.2936,6,1
2014-12-27,2014,4,12,December,West,California,Los Angeles,Office Supplies,Labels,11.5600,5.4332,4,1
2014-12-27,2014,4,12,December,West,California,Moreno Valley,Office Supplies,Appliances,10.9800,2.9646,1,1
2014-12-27,2014,4,12,December,West,California,Moreno Valley,Office Supplies,Binders,37.0560,13.8960,3,1
2014-12-27,2014,4,12,December,West,California,Moreno Valley,Office Supplies,Fasteners,7.8600,3.6156,3,1
2014-12-27,2014,4,12,December,West,California,Moreno Valley,Office Supplies,Storage,51.4500,13.8915,3,1
2014-12-27,2014,4,12,December,West,California,San Francisco,Furniture,Chairs,230.2800,23.0280,3,1
2014-12-27,2014,4,12,December,West,California,San Francisco,Office Supplies,Paper,12.8400,5.7780,3,1
2014-12-28,2014,4,12,December,East,Massachusetts,Beverly,Office Supplies,Appliances,1737.1800,503.7822,6,1
2014-12-28,2014,4,12,December,East,Massachusetts,Beverly,Office Supplies,Paper,141.7600,66.6272,4,1
2014-12-28,2014,4,12,December,East,Massachusetts,Beverly,Office Supplies,Storage,704.2500,84.5100,5,1
2014-12-28,2014,4,12,December,East,Pennsylvania,Philadelphia,Office Supplies,Art,99.1360,8.6744,4,1
2014-12-28,2014,4,12,December,West,California,Anaheim,Office Supplies,Storage,998.8200,29.9646,9,1
2014-12-28,2014,4,12,December,West,California,Anaheim,Office Supplies,Supplies,51.1500,13.2990,5,1
2014-12-29,2014,4,12,December,Central,Illinois,Chicago,Furniture,Furnishings,38.9760,-50.6688,3,1
2014-12-29,2014,4,12,December,Central,Illinois,Saint Charles,Furniture,Furnishings,8.7360,-4.8048,3,1
2014-12-29,2014,4,12,December,Central,Minnesota,Cottage Grove,Office Supplies,Storage,24.5600,6.8768,2,1
2014-12-29,2014,4,12,December,Central,Minnesota,Cottage Grove,Technology,Accessories,119.8000,47.9200,4,1
2014-12-29,2014,4,12,December,East,Ohio,Kent,Office Supplies,Appliances,48.3600,6.0450,5,1
2014-12-29,2014,4,12,December,West,California,Brentwood,Office Supplies,Labels,88.8000,44.4000,6,1
2014-12-29,2014,4,12,December,West,California,Brentwood,Technology,Phones,319.9680,35.9964,4,1
2014-12-29,2014,4,12,December,West,California,San Francisco,Furniture,Furnishings,95.4600,32.2074,11,1
2014-12-29,2014,4,12,December,West,California,San Francisco,Office Supplies,Binders,14.3520,4.6644,3,1
2014-12-29,2014,4,12,December,West,California,San Francisco,Office Supplies,Labels,274.7700,126.3942,9,1
2014-12-29,2014,4,12,December,West,California,San Francisco,Office Supplies,Paper,21.1200,9.5040,4,1
2014-12-29,2014,4,12,December,West,California,San Francisco,Technology,Machines,767.9520,287.9820,6,1
2014-12-29,2014,4,12,December,West,California,San Francisco,Technology,Phones,191.9760,19.1976,3,1
2014-12-29,2014,4,12,December,West,New Mexico,Albuquerque,Office Supplies,Storage,33.2900,7.9896,1,1
2014-12-29,2014,4,12,December,West,New Mexico,Albuquerque,Technology,Phones,23.9760,-5.6943,3,1
2014-12-30,2014,4,12,December,Central,Michigan,Taylor,Office Supplies,Art,9.8400,2.8536,3,1
2014-12-30,2014,4,12,December,Central,Texas,Laredo,Office Supplies,Binders,2.2860,-3.6576,3,1
2014-12-30,2014,4,12,December,Central,Texas,Laredo,Office Supplies,Envelopes,12.9840,4.7067,3,1
2014-12-30,2014,4,12,December,Central,Texas,Laredo,Technology,Accessories,47.9840,14.3952,2,1
2014-12-30,2014,4,12,December,Central,Texas,Laredo,Technology,Phones,546.3600,47.8065,5,1
2014-12-30,2014,4,12,December,East,New York,New York City,Office Supplies,Appliances,122.9400,30.7350,3,1
2014-12-30,2014,4,12,December,East,New York,New York City,Office Supplies,Binders,35.4480,12.8499,7,1
2014-12-30,2014,4,12,December,East,Pennsylvania,Philadelphia,Furniture,Tables,523.7640,-192.0468,3,1
2014-12-30,2014,4,12,December,East,Pennsylvania,Philadelphia,Technology,Accessories,27.9680,6.9920,2,1
2014-12-30,2014,4,12,December,East,Pennsylvania,Philadelphia,Technology,Phones,251.9640,-50.3928,6,1
2014-12-30,2014,4,12,December,South,Tennessee,Memphis,Office Supplies,Storage,39.1280,-8.8038,1,1
2014-12-30,2014,4,12,December,West,Arizona,Phoenix,Office Supplies,Binders,551.9850,-459.9875,5,1
2014-12-31,2014,4,12,December,Central,Missouri,Columbia,Office Supplies,Art,29.6800,11.5752,7,1
2014-12-31,2014,4,12,December,Central,Missouri,Columbia,Technology,Accessories,47.5300,16.1602,7,1
2014-12-31,2014,4,12,December,Central,Texas,El Paso,Office Supplies,Envelopes,49.5680,17.9684,2,1
2014-12-31,2014,4,12,December,East,Massachusetts,Franklin,Furniture,Furnishings,63.2000,23.3840,5,1
2014-12-31,2014,4,12,December,East,Massachusetts,Franklin,Technology,Accessories,113.9700,27.3528,3,1
2014-12-31,2014,4,12,December,East,New York,New York City,Office Supplies,Labels,18.9000,8.6940,3,1
2014-12-31,2014,4,12,December,East,New York,New York City,Technology,Accessories,34.7700,11.4741,3,1
2014-12-31,2014,4,12,December,East,New York,Watertown,Furniture,Bookcases,1573.4880,196.6860,7,1
2014-12-31,2014,4,12,December,East,Rhode Island,Providence,Furniture,Bookcases,341.9600,78.6508,2,1
2014-12-31,2014,4,12,December,East,Rhode Island,Providence,Furniture,Chairs,605.8800,151.4700,6,1
2014-12-31,2014,4,12,December,East,Rhode Island,Providence,Office Supplies,Paper,210.5800,98.9726,7,1
2014-12-31,2014,4,12,December,East,Rhode Island,Providence,Technology,Accessories,1687.8000,742.6320,4,1
2014-12-31,2014,4,12,December,West,Nevada,Reno,Technology,Phones,475.9440,59.4930,7,1
2015-01-02,2015,1,1,January,East,Delaware,Newark,Office Supplies,Art,9.8400,2.6568,3,1
2015-01-02,2015,1,1,January,East,Delaware,Newark,Office Supplies,Paper,20.0400,9.6192,3,1
2015-01-02,2015,1,1,January,East,Delaware,Newark,Office Supplies,Storage,85.5200,22.2352,2,1
2015-01-02,2015,1,1,January,East,Ohio,Medina,Furniture,Bookcases,452.4500,-244.3230,5,1
2015-01-02,2015,1,1,January,East,Ohio,Medina,Office Supplies,Labels,23.6800,8.8800,2,1
2015-01-02,2015,1,1,January,East,Ohio,Medina,Technology,Accessories,89.5840,4.4792,2,1
2015-01-02,2015,1,1,January,East,Ohio,Medina,Technology,Machines,1188.0000,-950.4000,9,1
2015-01-02,2015,1,1,January,East,Ohio,Medina,Technology,Phones,62.9820,-14.6958,3,1
2015-01-03,2015,1,1,January,Central,Texas,Baytown,Office Supplies,Paper,10.3680,3.6288,2,1
2015-01-03,2015,1,1,January,Central,Texas,Dallas,Furniture,Bookcases,1352.3976,-437.5404,9,1
2015-01-03,2015,1,1,January,Central,Texas,Dallas,Office Supplies,Art,7.0560,0.7938,3,1
2015-01-03,2015,1,1,January,Central,Texas,Dallas,Technology,Accessories,398.4000,84.6600,5,1
2015-01-04,2015,1,1,January,Central,Minnesota,Woodbury,Office Supplies,Binders,32.3400,15.5232,3,1
2015-01-04,2015,1,1,January,Central,Minnesota,Woodbury,Office Supplies,Paper,39.9000,19.9500,5,1
2015-01-04,2015,1,1,January,South,Virginia,Alexandria,Furniture,Furnishings,192.2200,69.1992,14,1
2015-01-05,2015,1,1,January,East,New York,New York City,Office Supplies,Art,59.5200,15.4752,3,1
2015-01-05,2015,1,1,January,East,New York,New York City,Office Supplies,Binders,13.1680,4.6088,2,1
2015-01-05,2015,1,1,January,East,New York,New York City,Office Supplies,Envelopes,17.4800,8.2156,2,1
2015-01-05,2015,1,1,January,West,California,San Francisco,Office Supplies,Appliances,87.3600,23.5872,6,1
2015-01-05,2015,1,1,January,West,California,San Francisco,Office Supplies,Binders,56.1600,17.5500,6,1
2015-01-05,2015,1,1,January,West,Washington,Seattle,Furniture,Chairs,61.5840,-6.9282,1,1
2015-01-06,2015,1,1,January,West,Colorado,Colorado Springs,Office Supplies,Binders,1.9380,-1.3566,2,1
2015-01-06,2015,1,1,January,West,Colorado,Colorado Springs,Office Supplies,Paper,29.6000,9.2500,5,1
2015-01-09,2015,1,1,January,South,Kentucky,Henderson,Office Supplies,Appliances,163.4400,45.7632,3,1
2015-01-09,2015,1,1,January,South,Kentucky,Henderson,Office Supplies,Art,42.7600,11.1176,2,1
2015-01-09,2015,1,1,January,South,Kentucky,Henderson,Office Supplies,Paper,157.8700,74.1989,8,1
2015-01-10,2015,1,1,January,East,New York,New York City,Furniture,Tables,1018.1040,-373.3048,4,1
2015-01-12,2015,1,1,January,East,Delaware,Newark,Office Supplies,Storage,465.1800,120.9468,3,1
2015-01-12,2015,1,1,January,East,Ohio,Toledo,Office Supplies,Art,10.3680,1.5552,2,1
2015-01-12,2015,1,1,January,East,Ohio,Toledo,Technology,Accessories,10.3840,2.2066,2,1
2015-01-12,2015,1,1,January,East,Ohio,Toledo,Technology,Phones,368.6820,-61.9038,9,1
2015-01-13,2015,1,1,January,South,Georgia,Columbus,Office Supplies,Labels,9.8200,4.8118,2,1
2015-01-13,2015,1,1,January,West,California,Los Angeles,Furniture,Furnishings,542.4500,130.9940,13,1
2015-01-13,2015,1,1,January,West,California,Los Angeles,Office Supplies,Binders,70.0080,24.5028,3,1
2015-01-17,2015,1,1,January,Central,Illinois,Park Ridge,Furniture,Furnishings,254.7440,-312.0614,7,1
2015-01-17,2015,1,1,January,East,Massachusetts,Lawrence,Office Supplies,Art,6.6800,2.0040,2,1
2015-01-17,2015,1,1,January,South,Tennessee,Bartlett,Office Supplies,Supplies,88.9600,10.0080,8,1
2015-01-19,2015,1,1,January,Central,Texas,Texas City,Furniture,Chairs,199.3040,-8.5416,4,1
2015-01-19,2015,1,1,January,Central,Texas,Texas City,Furniture,Tables,102.4380,-13.1706,1,1
2015-01-23,2015,1,1,January,West,Montana,Bozeman,Office Supplies,Labels,14.6200,6.8714,2,1
2015-01-23,2015,1,1,January,West,Montana,Bozeman,Office Supplies,Paper,29.0400,13.9392,3,1
2015-01-24,2015,1,1,January,South,Florida,West Palm Beach,Office Supplies,Art,13.1200,2.1320,5,1
2015-01-26,2015,1,1,January,West,California,Moreno Valley,Office Supplies,Paper,182.7200,84.0512,8,1
2015-01-27,2015,1,1,January,East,Ohio,Cleveland,Furniture,Chairs,181.9860,-54.5958,2,1
2015-01-27,2015,1,1,January,East,Ohio,Cleveland,Technology,Phones,587.3460,-137.0474,5,1
2015-01-27,2015,1,1,January,West,California,Los Angeles,Furniture,Chairs,2803.9200,0.0000,5,1
2015-01-28,2015,1,1,January,South,North Carolina,Concord,Furniture,Tables,4297.6440,-1862.3124,13,1
2015-01-30,2015,1,1,January,Central,Texas,Houston,Office Supplies,Paper,14.3040,5.0064,6,1
2015-01-30,2015,1,1,January,West,California,Los Angeles,Furniture,Furnishings,227.3600,81.8496,7,1
2015-01-30,2015,1,1,January,West,California,Los Angeles,Technology,Machines,1919.9760,215.9973,3,1
2015-01-31,2015,1,1,January,Central,Minnesota,Minneapolis,Furniture,Furnishings,53.3400,16.5354,3,1
2015-01-31,2015,1,1,January,Central,Minnesota,Minneapolis,Office Supplies,Binders,32.9600,16.1504,2,1
2015-01-31,2015,1,1,January,Central,Minnesota,Minneapolis,Office Supplies,Paper,12.9600,6.2208,2,1
2015-02-03,2015,1,2,February,Central,Nebraska,Omaha,Furniture,Furnishings,28.4000,11.0760,2,1
2015-02-03,2015,1,2,February,Central,Nebraska,Omaha,Technology,Accessories,149.9700,50.9898,3,1
2015-02-03,2015,1,2,February,East,New York,Rome,Furniture,Chairs,90.8820,15.1470,1,1
2015-02-03,2015,1,2,February,South,Georgia,Columbus,Office Supplies,Envelopes,74.5200,35.0244,9,1
2015-02-03,2015,1,2,February,West,California,Los Angeles,Furniture,Furnishings,136.9200,41.0760,4,1
2015-02-03,2015,1,2,February,West,Utah,Pleasant Grove,Office Supplies,Binders,12.1440,4.0986,3,1
2015-02-06,2015,1,2,February,Central,Texas,Houston,Office Supplies,Binders,2.9340,-4.9878,3,1
2015-02-06,2015,1,2,February,Central,Texas,Houston,Office Supplies,Storage,670.7520,-125.7660,3,1
2015-02-06,2015,1,2,February,Central,Texas,Houston,Technology,Accessories,18.5280,4.4004,2,1
2015-02-06,2015,1,2,February,East,Delaware,Wilmington,Furniture,Bookcases,283.9200,82.3368,4,1
2015-02-06,2015,1,2,February,East,Delaware,Wilmington,Furniture,Chairs,1268.8200,266.4522,9,1
2015-02-06,2015,1,2,February,East,Delaware,Wilmington,Office Supplies,Art,5.6800,1.7608,2,1
2015-02-06,2015,1,2,February,South,Virginia,Suffolk,Office Supplies,Paper,29.9000,13.4550,5,1
2015-02-06,2015,1,2,February,South,Virginia,Suffolk,Office Supplies,Storage,146.7300,2.9346,3,1
2015-02-06,2015,1,2,February,West,Washington,Bellevue,Office Supplies,Art,5.2800,1.5312,3,1
2015-02-07,2015,1,2,February,South,Virginia,Springfield,Office Supplies,Envelopes,311.1500,146.2405,5,1
2015-02-07,2015,1,2,February,South,Virginia,Springfield,Office Supplies,Paper,12.9600,6.3504,2,1
2015-02-08,2015,1,2,February,Central,Kansas,Garden City,Office Supplies,Art,5.7600,1.7280,2,1
2015-02-08,2015,1,2,February,Central,Kansas,Garden City,Office Supplies,Fasteners,5.8100,1.8011,1,1
2015-02-08,2015,1,2,February,Central,Kansas,Garden City,Office Supplies,Paper,9.5400,4.2930,2,1
2015-02-08,2015,1,2,February,East,Ohio,Columbus,Technology,Phones,107.9820,-26.9955,3,1
2015-02-09,2015,1,2,February,Central,Illinois,Decatur,Technology,Accessories,479.9520,89.9910,6,1
2015-02-09,2015,1,2,February,Central,Texas,Dallas,Technology,Accessories,20.8000,6.5000,2,1
2015-02-09,2015,1,2,February,Central,Texas,San Antonio,Furniture,Furnishings,40.7840,-30.5880,2,1
2015-02-09,2015,1,2,February,Central,Texas,San Antonio,Office Supplies,Labels,40.0960,13.5324,4,1
2015-02-09,2015,1,2,February,West,California,Los Angeles,Furniture,Chairs,203.9200,22.9410,5,1
2015-02-10,2015,1,2,February,East,Pennsylvania,Philadelphia,Office Supplies,Storage,77.2400,7.7240,5,1
2015-02-14,2015,1,2,February,East,New York,Rochester,Office Supplies,Binders,26.4240,9.5787,9,1
2015-02-14,2015,1,2,February,East,New York,Rochester,Technology,Phones,625.9900,187.7970,1,1
2015-02-14,2015,1,2,February,East,Ohio,Akron,Office Supplies,Art,14.3520,0.8970,3,1
2015-02-14,2015,1,2,February,East,Ohio,Akron,Office Supplies,Binders,17.2380,-13.6380,4,1
2015-02-14,2015,1,2,February,East,Ohio,Akron,Technology,Accessories,71.9760,0.8997,3,1
2015-02-14,2015,1,2,February,East,Ohio,Akron,Technology,Phones,323.9820,-80.9955,3,1
2015-02-15,2015,1,2,February,Central,Wisconsin,Kenosha,Technology,Accessories,139.9500,26.5905,5,1
2015-02-15,2015,1,2,February,Central,Wisconsin,Kenosha,Technology,Phones,834.9500,260.7800,5,1
2015-02-15,2015,1,2,February,West,California,Los Angeles,Office Supplies,Appliances,541.4400,157.0176,6,1
2015-02-15,2015,1,2,February,West,California,Los Angeles,Office Supplies,Binders,53.2400,17.2135,10,1
2015-02-15,2015,1,2,February,West,California,Los Angeles,Office Supplies,Paper,32.8000,15.7440,5,1
2015-02-16,2015,1,2,February,East,New Hampshire,Dover,Office Supplies,Paper,35.8800,16.1460,6,1
2015-02-16,2015,1,2,February,West,California,Los Angeles,Office Supplies,Labels,87.7100,41.2237,7,1
2015-02-16,2015,1,2,February,West,California,Los Angeles,Office Supplies,Paper,36.8400,17.3148,3,1
2015-02-18,2015,1,2,February,West,California,Long Beach,Furniture,Tables,35.5440,-0.8886,1,1
2015-02-18,2015,1,2,February,West,California,Long Beach,Office Supplies,Labels,61.0600,28.0876,2,1
2015-02-18,2015,1,2,February,West,California,Los Angeles,Office Supplies,Labels,9.2400,4.4352,3,1
2015-02-20,2015,1,2,February,East,New Jersey,Perth Amboy,Office Supplies,Art,286.7900,74.5654,7,1
2015-02-20,2015,1,2,February,South,Arkansas,Hot Springs,Technology,Accessories,29.9900,2.9990,1,1
2015-02-21,2015,1,2,February,East,Maryland,Columbia,Office Supplies,Binders,2541.9800,1270.9900,2,1
2015-02-21,2015,1,2,February,West,New Mexico,Las Cruces,Office Supplies,Paper,49.1200,23.0864,4,1
2015-02-22,2015,1,2,February,Central,Michigan,Sterling Heights,Office Supplies,Art,79.3600,20.6336,4,1
2015-02-23,2015,1,2,February,East,New York,New York City,Office Supplies,Appliances,26.8800,6.7200,6,1
2015-02-23,2015,1,2,February,East,New York,New York City,Office Supplies,Binders,10.8960,3.8136,2,1
2015-02-25,2015,1,2,February,East,Massachusetts,Leominster,Office Supplies,Labels,3.1500,1.5120,1,1
2015-02-25,2015,1,2,February,East,Massachusetts,Leominster,Office Supplies,Paper,22.7200,10.2240,4,1
2015-02-27,2015,1,2,February,East,Pennsylvania,Altoona,Office Supplies,Art,16.0320,2.2044,6,1
2015-02-27,2015,1,2,February,East,Pennsylvania,Altoona,Office Supplies,Binders,4.4190,-3.3879,3,1
2015-02-27,2015,1,2,February,East,Rhode Island,Providence,Furniture,Tables,493.9200,-28.2240,7,1
2015-02-27,2015,1,2,February,East,Rhode Island,Providence,Technology,Phones,105.9800,1.0598,2,1
2015-02-27,2015,1,2,February,West,Washington,Seattle,Technology,Accessories,538.9200,80.8380,9,1
2015-02-28,2015,1,2,February,South,Tennessee,Columbia,Furniture,Chairs,551.2640,15.5664,10,1
2015-03-01,2015,1,3,March,Central,Texas,Coppell,Technology,Phones,95.8400,34.7420,4,1
2015-03-01,2015,1,3,March,Central,Texas,Houston,Furniture,Bookcases,1227.9984,-36.1176,6,1
2015-03-01,2015,1,3,March,Central,Texas,Houston,Office Supplies,Art,55.3280,6.2244,2,1
2015-03-01,2015,1,3,March,East,Pennsylvania,Philadelphia,Office Supplies,Appliances,3.5520,0.4440,2,1
2015-03-01,2015,1,3,March,South,Georgia,Macon,Office Supplies,Binders,58.7200,27.0112,4,1
2015-03-01,2015,1,3,March,West,California,Los Angeles,Furniture,Chairs,184.7520,-20.7846,3,1
2015-03-01,2015,1,3,March,West,California,Los Angeles,Technology,Phones,15.9840,1.1988,2,1
2015-03-02,2015,1,3,March,Central,Indiana,Richmond,Office Supplies,Art,10.1600,2.6416,1,1
2015-03-02,2015,1,3,March,Central,Indiana,Richmond,Office Supplies,Envelopes,101.8800,50.9400,6,1
2015-03-02,2015,1,3,March,West,Washington,Seattle,Furniture,Tables,787.5300,165.3813,3,1
2015-03-05,2015,1,3,March,Central,Illinois,Chicago,Furniture,Furnishings,4.7120,-1.8848,2,1
2015-03-05,2015,1,3,March,Central,Illinois,Chicago,Office Supplies,Appliances,180.9800,-470.5480,5,1
2015-03-05,2015,1,3,March,Central,Illinois,Chicago,Office Supplies,Binders,11.2120,-16.8180,2,1
2015-03-05,2015,1,3,March,Central,Illinois,Chicago,Office Supplies,Fasteners,7.1040,2.4864,6,1
2015-03-05,2015,1,3,March,Central,Illinois,Chicago,Office Supplies,Storage,60.4160,6.0416,2,1
2015-03-05,2015,1,3,March,Central,Indiana,New Castle,Office Supplies,Appliances,60.6900,16.3863,7,1
2015-03-05,2015,1,3,March,Central,Indiana,New Castle,Technology,Phones,23.9200,6.6976,2,1
2015-03-05,2015,1,3,March,Central,Texas,Houston,Technology,Phones,31.9200,2.3940,2,1
2015-03-05,2015,1,3,March,East,New York,New York City,Furniture,Chairs,383.6070,63.9345,7,1
2015-03-05,2015,1,3,March,East,New York,New York City,Office Supplies,Envelopes,29.3400,14.6700,3,1
2015-03-05,2015,1,3,March,East,New York,New York City,Office Supplies,Storage,563.4000,67.6080,4,1
2015-03-05,2015,1,3,March,East,Pennsylvania,Bethlehem,Furniture,Chairs,99.3720,-7.0980,2,1
2015-03-05,2015,1,3,March,East,Pennsylvania,Bethlehem,Furniture,Furnishings,33.5680,-5.4548,2,1
2015-03-05,2015,1,3,March,East,Pennsylvania,Philadelphia,Office Supplies,Binders,2.5560,-1.7892,3,1
2015-03-05,2015,1,3,March,East,Pennsylvania,Philadelphia,Technology,Accessories,10.3120,-1.2890,1,1
2015-03-05,2015,1,3,March,East,Pennsylvania,Philadelphia,Technology,Phones,466.1580,-93.2316,7,1
2015-03-06,2015,1,3,March,West,California,San Francisco,Furniture,Furnishings,435.2600,95.7572,7,1
2015-03-06,2015,1,3,March,West,California,San Francisco,Technology,Copiers,1119.9840,377.9946,2,1
2015-03-07,2015,1,3,March,East,Delaware,Newark,Office Supplies,Binders,99.7200,48.1700,4,1
2015-03-07,2015,1,3,March,East,Delaware,Newark,Technology,Accessories,119.8500,52.7340,3,1
2015-03-07,2015,1,3,March,East,Delaware,Newark,Technology,Phones,587.9700,170.5113,3,1
2015-03-08,2015,1,3,March,Central,Illinois,Chicago,Office Supplies,Binders,8.5680,-14.5656,3,1
2015-03-08,2015,1,3,March,Central,Wisconsin,Kenosha,Furniture,Bookcases,512.9400,97.4586,3,1
2015-03-08,2015,1,3,March,Central,Wisconsin,Kenosha,Furniture,Chairs,860.9300,189.4046,7,1
2015-03-08,2015,1,3,March,Central,Wisconsin,Kenosha,Furniture,Furnishings,373.0800,82.0776,6,1
2015-03-08,2015,1,3,March,Central,Wisconsin,Kenosha,Office Supplies,Art,14.9800,4.4940,1,1
2015-03-08,2015,1,3,March,Central,Wisconsin,Kenosha,Technology,Phones,769.9500,223.2855,5,1
2015-03-08,2015,1,3,March,East,New York,Long Beach,Office Supplies,Paper,19.4400,9.3312,3,1
2015-03-08,2015,1,3,March,West,Colorado,Pueblo,Office Supplies,Art,3.4080,0.8946,1,1
2015-03-09,2015,1,3,March,Central,Texas,San Antonio,Technology,Accessories,113.5200,29.7990,5,1
2015-03-09,2015,1,3,March,Central,Texas,San Antonio,Technology,Phones,359.8800,22.4925,3,1
2015-03-09,2015,1,3,March,South,North Carolina,Raleigh,Office Supplies,Labels,4.6080,1.6704,2,1
2015-03-10,2015,1,3,March,Central,Texas,Houston,Office Supplies,Binders,1.1120,-1.8904,2,1
2015-03-10,2015,1,3,March,East,Maryland,Clinton,Office Supplies,Storage,89.8200,25.1496,6,1
2015-03-12,2015,1,3,March,South,Florida,Plantation,Furniture,Furnishings,37.2880,5.3018,7,1
2015-03-12,2015,1,3,March,South,Florida,Plantation,Office Supplies,Envelopes,8.6880,2.9322,3,1
2015-03-12,2015,1,3,March,South,North Carolina,Charlotte,Office Supplies,Labels,5.0400,1.7640,2,1
2015-03-13,2015,1,3,March,West,California,Chico,Furniture,Chairs,915.1360,102.9528,4,1
2015-03-13,2015,1,3,March,West,California,Chico,Furniture,Furnishings,327.7600,91.7728,8,1
2015-03-13,2015,1,3,March,West,Washington,Seattle,Furniture,Bookcases,141.9600,39.7488,2,1
2015-03-14,2015,1,3,March,East,New Hampshire,Dover,Office Supplies,Binders,671.9400,315.8118,3,1
2015-03-14,2015,1,3,March,East,New Hampshire,Dover,Office Supplies,Labels,16.5200,7.5992,4,1
2015-03-14,2015,1,3,March,West,California,Roseville,Office Supplies,Paper,19.4400,9.3312,3,1
2015-03-15,2015,1,3,March,West,Utah,Lehi,Technology,Phones,16.7760,1.6776,3,1
2015-03-16,2015,1,3,March,East,New York,New York City,Office Supplies,Art,17.5200,6.3072,3,1
2015-03-16,2015,1,3,March,East,New York,New York City,Technology,Phones,85.9000,2.5770,2,1
2015-03-16,2015,1,3,March,South,Alabama,Auburn,Office Supplies,Envelopes,7.3800,3.3948,2,1
2015-03-16,2015,1,3,March,South,Alabama,Auburn,Office Supplies,Labels,491.5500,240.8595,5,1
2015-03-16,2015,1,3,March,South,Georgia,Atlanta,Office Supplies,Art,11.0800,2.9082,4,1
2015-03-16,2015,1,3,March,South,Georgia,Atlanta,Office Supplies,Binders,6354.9500,3177.4750,5,1
2015-03-16,2015,1,3,March,South,Georgia,Atlanta,Office Supplies,Storage,46.7400,11.6850,3,1
2015-03-16,2015,1,3,March,West,California,Los Angeles,Furniture,Furnishings,43.1300,18.1146,1,1
2015-03-16,2015,1,3,March,West,Washington,Seattle,Furniture,Tables,171.9600,44.7096,2,1
2015-03-17,2015,1,3,March,East,New York,New York City,Office Supplies,Storage,33.8200,9.1314,2,1
2015-03-17,2015,1,3,March,East,New York,New York City,Technology,Accessories,15.0200,2.7036,1,1
2015-03-19,2015,1,3,March,Central,Texas,Houston,Furniture,Bookcases,383.4656,-67.6704,4,1
2015-03-19,2015,1,3,March,Central,Texas,Houston,Office Supplies,Paper,65.5840,23.7742,2,1
2015-03-19,2015,1,3,March,South,Florida,North Miami,Office Supplies,Paper,14.4960,4.8924,3,1
2015-03-19,2015,1,3,March,West,California,Lancaster,Office Supplies,Fasteners,10.9000,3.5970,5,1
2015-03-19,2015,1,3,March,West,California,Los Angeles,Office Supplies,Paper,11.9600,5.8604,2,1
2015-03-19,2015,1,3,March,West,California,San Bernardino,Office Supplies,Binders,17.5680,6.3684,2,1
2015-03-19,2015,1,3,March,West,California,San Bernardino,Office Supplies,Labels,14.6200,6.8714,2,1
2015-03-19,2015,1,3,March,West,California,San Bernardino,Office Supplies,Paper,40.1400,19.6686,6,1
2015-03-19,2015,1,3,March,West,California,San Bernardino,Office Supplies,Supplies,33.3600,8.6736,4,1
2015-03-19,2015,1,3,March,West,Washington,Seattle,Office Supplies,Paper,209.7000,100.6560,2,1
2015-03-19,2015,1,3,March,West,Washington,Seattle,Office Supplies,Storage,1247.6400,349.3392,3,1
2015-03-19,2015,1,3,March,West,Washington,Seattle,Technology,Copiers,3149.9300,1480.4671,7,1
2015-03-19,2015,1,3,March,West,Washington,Seattle,Technology,Phones,453.5760,39.6879,3,1
2015-03-20,2015,1,3,March,Central,Texas,Carrollton,Office Supplies,Binders,2.5120,-4.3960,2,1
2015-03-20,2015,1,3,March,Central,Texas,Carrollton,Office Supplies,Fasteners,18.8640,6.1308,9,1
2015-03-20,2015,1,3,March,Central,Wisconsin,Milwaukee,Office Supplies,Paper,51.8400,24.8832,8,1
2015-03-20,2015,1,3,March,East,New York,New York City,Office Supplies,Binders,1137.7840,370.4029,11,1
2015-03-20,2015,1,3,March,East,New York,New York City,Office Supplies,Envelopes,23.9900,11.9950,1,1
2015-03-20,2015,1,3,March,East,New York,New York City,Office Supplies,Storage,83.9200,20.1408,4,1
2015-03-20,2015,1,3,March,East,New York,New York City,Technology,Phones,199.9800,53.9946,2,1
2015-03-20,2015,1,3,March,West,Oregon,Salem,Office Supplies,Storage,29.3040,2.5641,3,1
2015-03-21,2015,1,3,March,South,North Carolina,Jacksonville,Office Supplies,Appliances,962.0800,156.3380,4,1
2015-03-21,2015,1,3,March,South,North Carolina,Jacksonville,Office Supplies,Binders,12.8430,-9.8463,3,1
2015-03-21,2015,1,3,March,South,North Carolina,Jacksonville,Office Supplies,Paper,295.4560,96.0232,14,1
2015-03-22,2015,1,3,March,Central,Texas,Houston,Office Supplies,Binders,14.1120,-21.1680,9,1
2015-03-22,2015,1,3,March,Central,Texas,Houston,Office Supplies,Storage,129.5680,-25.9136,2,1
2015-03-22,2015,1,3,March,Central,Texas,Houston,Technology,Accessories,18.3920,5.2877,1,1
2015-03-22,2015,1,3,March,South,Alabama,Huntsville,Office Supplies,Art,19.5600,5.4768,4,1
2015-03-22,2015,1,3,March,South,Florida,Plantation,Office Supplies,Storage,150.4080,-33.8418,9,1
2015-03-22,2015,1,3,March,South,Florida,Plantation,Technology,Accessories,447.9440,89.5888,7,1
2015-03-22,2015,1,3,March,West,California,San Diego,Furniture,Furnishings,91.9600,15.6332,2,1
2015-03-22,2015,1,3,March,West,California,San Diego,Office Supplies,Paper,105.5200,48.5392,4,1
2015-03-22,2015,1,3,March,West,California,San Diego,Technology,Phones,1487.9760,185.9970,3,1
2015-03-22,2015,1,3,March,West,California,Thousand Oaks,Technology,Phones,15.9840,1.1988,2,1
2015-03-23,2015,1,3,March,Central,Texas,Houston,Furniture,Chairs,107.7720,-29.2524,2,1
2015-03-23,2015,1,3,March,South,South Carolina,Florence,Office Supplies,Fasteners,31.5600,14.2020,4,1
2015-03-23,2015,1,3,March,South,South Carolina,Florence,Office Supplies,Storage,27.9200,0.5584,4,1
2015-03-23,2015,1,3,March,West,California,Los Angeles,Office Supplies,Paper,226.0800,109.1856,15,2
2015-03-23,2015,1,3,March,West,California,Los Angeles,Technology,Accessories,239.9700,86.3892,3,1
2015-03-24,2015,1,3,March,Central,Illinois,Peoria,Furniture,Bookcases,359.0580,-35.9058,3,1
2015-03-24,2015,1,3,March,South,Florida,Coral Springs,Office Supplies,Appliances,6.9920,0.5244,2,1
2015-03-24,2015,1,3,March,West,Washington,Covington,Furniture,Furnishings,46.9000,13.1320,5,1
2015-03-26,2015,1,3,March,East,New York,New York City,Office Supplies,Appliances,13.1100,3.4086,3,1
2015-03-26,2015,1,3,March,East,New York,New York City,Office Supplies,Storage,1085.4200,282.2092,7,1
2015-03-26,2015,1,3,March,East,Pennsylvania,Philadelphia,Office Supplies,Paper,40.0320,12.5100,6,1
2015-03-26,2015,1,3,March,East,Pennsylvania,Philadelphia,Technology,Accessories,16.7760,5.0328,3,1
2015-03-26,2015,1,3,March,South,Florida,Miami,Office Supplies,Paper,74.3520,23.2350,3,1
2015-03-26,2015,1,3,March,West,Washington,Seattle,Furniture,Tables,3393.6800,610.8624,8,1
2015-03-27,2015,1,3,March,West,Washington,Seattle,Office Supplies,Storage,83.7000,3.3480,5,1
2015-03-28,2015,1,3,March,East,New York,New York City,Office Supplies,Envelopes,22.9200,11.2308,3,1
2015-03-28,2015,1,3,March,East,Pennsylvania,Philadelphia,Office Supplies,Paper,20.7840,7.1436,4,1
2015-03-28,2015,1,3,March,West,California,Los Angeles,Office Supplies,Paper,33.4000,16.0320,5,1
2015-03-28,2015,1,3,March,West,California,Los Angeles,Technology,Accessories,166.2400,24.9360,1,1
2015-03-29,2015,1,3,March,East,New York,New York City,Office Supplies,Paper,17.6400,8.1144,4,1
2015-03-29,2015,1,3,March,South,Florida,Jacksonville,Furniture,Chairs,1166.9200,131.2785,5,1
2015-03-29,2015,1,3,March,South,Virginia,Springfield,Office Supplies,Art,5.5600,1.4456,2,1
2015-03-29,2015,1,3,March,West,California,San Diego,Furniture,Furnishings,19.9200,9.5616,3,1
2015-03-29,2015,1,3,March,West,California,San Diego,Office Supplies,Paper,222.5100,104.4810,9,1
2015-03-29,2015,1,3,March,West,California,San Diego,Technology,Accessories,53.2500,20.7675,3,1
2015-03-29,2015,1,3,March,West,Washington,Seattle,Office Supplies,Appliances,73.2800,21.2512,4,1
2015-03-30,2015,1,3,March,Central,Illinois,Chicago,Office Supplies,Paper,23.5200,8.5260,5,1
2015-03-30,2015,1,3,March,Central,Illinois,Chicago,Technology,Phones,180.9600,13.5720,5,1
2015-03-30,2015,1,3,March,Central,Illinois,Normal,Furniture,Chairs,366.7440,-110.0232,4,1
2015-03-31,2015,1,3,March,Central,Texas,Houston,Furniture,Furnishings,22.3800,-7.8330,3,1
2015-03-31,2015,1,3,March,Central,Texas,Houston,Office Supplies,Paper,98.3760,35.6613,3,1
2015-03-31,2015,1,3,March,South,Florida,Jacksonville,Technology,Phones,79.9600,27.9860,5,1
2015-04-02,2015,2,4,April,Central,Texas,Dallas,Office Supplies,Appliances,32.1920,-80.4800,2,1
2015-04-02,2015,2,4,April,Central,Texas,Dallas,Technology,Accessories,98.0960,1.1726,10,1
2015-04-02,2015,2,4,April,Central,Texas,Houston,Office Supplies,Binders,9.1560,-13.7340,3,1
2015-04-02,2015,2,4,April,West,Arizona,Mesa,Technology,Phones,87.8000,32.9250,5,1
2015-04-02,2015,2,4,April,West,California,Los Angeles,Technology,Machines,71.9760,24.2919,3,1
2015-04-04,2015,2,4,April,Central,Michigan,Lansing,Office Supplies,Appliances,644.0760,107.3460,2,1
2015-04-04,2015,2,4,April,Central,Michigan,Lansing,Office Supplies,Binders,12.7600,5.8696,2,1
2015-04-04,2015,2,4,April,Central,Michigan,Lansing,Office Supplies,Fasteners,5.8400,2.6280,2,1
2015-04-04,2015,2,4,April,Central,Michigan,Lansing,Technology,Copiers,599.9800,209.9930,2,1
2015-04-04,2015,2,4,April,Central,Michigan,Lansing,Technology,Phones,10.9500,0.4380,1,1
2015-04-04,2015,2,4,April,East,New York,New York City,Furniture,Furnishings,108.4000,22.7640,2,1
2015-04-04,2015,2,4,April,East,New York,New York City,Office Supplies,Art,11.1600,4.3524,2,1
2015-04-04,2015,2,4,April,East,New York,New York City,Office Supplies,Binders,91.4320,31.0855,7,1
2015-04-05,2015,2,4,April,East,Pennsylvania,Philadelphia,Furniture,Bookcases,352.4500,-211.4700,5,1
2015-04-05,2015,2,4,April,East,Pennsylvania,Philadelphia,Furniture,Furnishings,554.7200,-66.0220,5,1
2015-04-05,2015,2,4,April,East,Pennsylvania,Philadelphia,Office Supplies,Appliances,98.1120,18.3960,7,1
2015-04-05,2015,2,4,April,East,Pennsylvania,Philadelphia,Office Supplies,Binders,10.4280,-6.9520,4,1
2015-04-05,2015,2,4,April,East,Pennsylvania,Philadelphia,Office Supplies,Labels,23.9040,7.7688,6,1
2015-04-05,2015,2,4,April,East,Pennsylvania,Philadelphia,Office Supplies,Storage,563.8080,21.1428,4,1
2015-04-05,2015,2,4,April,East,Pennsylvania,Philadelphia,Technology,Phones,56.8380,-13.0147,7,1
2015-04-05,2015,2,4,April,South,Tennessee,Bristol,Office Supplies,Binders,157.7940,-115.7156,1,1
2015-04-05,2015,2,4,April,West,California,Los Angeles,Furniture,Chairs,892.2240,89.2224,3,1
2015-04-05,2015,2,4,April,West,Washington,Spokane,Office Supplies,Art,23.8400,6.4368,8,1
2015-04-05,2015,2,4,April,West,Washington,Spokane,Technology,Accessories,239.9400,26.3934,6,1
2015-04-06,2015,2,4,April,Central,Texas,Houston,Office Supplies,Art,42.0480,5.2560,9,1
2015-04-06,2015,2,4,April,Central,Texas,Houston,Office Supplies,Binders,16.5480,-28.9590,9,1
2015-04-06,2015,2,4,April,Central,Texas,Houston,Office Supplies,Paper,7.9680,2.8884,2,1
2015-04-06,2015,2,4,April,Central,Texas,Houston,Technology,Accessories,25.4880,4.4604,2,1
2015-04-06,2015,2,4,April,South,North Carolina,Jacksonville,Office Supplies,Paper,47.9520,16.1838,3,1
2015-04-07,2015,2,4,April,Central,Texas,San Antonio,Office Supplies,Appliances,463.2480,-1181.2824,8,1
2015-04-07,2015,2,4,April,Central,Texas,San Antonio,Technology,Accessories,383.9520,47.9940,6,1
2015-04-07,2015,2,4,April,East,New York,New York City,Office Supplies,Paper,25.9200,12.4416,4,1
2015-04-07,2015,2,4,April,East,New York,New York City,Office Supplies,Storage,22.5800,5.8708,2,1
2015-04-07,2015,2,4,April,East,Pennsylvania,Philadelphia,Office Supplies,Art,11.7360,1.0269,3,1
2015-04-09,2015,2,4,April,East,Connecticut,Norwich,Office Supplies,Appliances,370.1400,144.3546,3,1
2015-04-09,2015,2,4,April,East,New York,New York City,Office Supplies,Storage,17.9400,3.0498,3,1
2015-04-09,2015,2,4,April,West,California,Long Beach,Furniture,Tables,369.9120,-13.8717,3,1
2015-04-10,2015,2,4,April,East,New York,Rochester,Office Supplies,Art,14.6700,6.0147,3,1
2015-04-10,2015,2,4,April,East,New York,Rochester,Office Supplies,Storage,142.0400,38.3508,4,1
2015-04-10,2015,2,4,April,West,California,Sacramento,Office Supplies,Binders,12.8320,4.3308,2,1
2015-04-11,2015,2,4,April,East,New York,New York City,Office Supplies,Appliances,406.6000,113.8480,5,1
2015-04-11,2015,2,4,April,East,New York,New York City,Technology,Accessories,85.1400,34.9074,3,1
2015-04-11,2015,2,4,April,East,New York,New York City,Technology,Phones,21.9900,10.5552,1,1
2015-04-11,2015,2,4,April,South,Florida,Tampa,Furniture,Furnishings,121.8880,24.4176,5,1
2015-04-11,2015,2,4,April,West,California,Los Angeles,Office Supplies,Paper,52.7600,24.2696,2,1
2015-04-11,2015,2,4,April,West,California,Los Angeles,Technology,Copiers,639.9680,215.9892,4,1
2015-04-12,2015,2,4,April,West,Washington,Seattle,Office Supplies,Storage,40.7400,0.4074,3,1
2015-04-13,2015,2,4,April,Central,Nebraska,Norfolk,Office Supplies,Binders,17.4300,8.0178,3,1
2015-04-13,2015,2,4,April,Central,Texas,Huntsville,Furniture,Tables,821.3520,-158.5760,6,1
2015-04-13,2015,2,4,April,Central,Texas,Huntsville,Technology,Phones,239.9760,17.9982,3,1
2015-04-13,2015,2,4,April,West,Arizona,Glendale,Office Supplies,Storage,10.7440,0.8058,1,1
2015-04-13,2015,2,4,April,West,Arizona,Mesa,Office Supplies,Paper,85.9200,28.7016,9,1
2015-04-13,2015,2,4,April,West,California,Los Angeles,Furniture,Furnishings,37.6800,15.8256,2,1
2015-04-13,2015,2,4,April,West,California,Los Angeles,Furniture,Tables,241.5680,-15.0980,2,1
2015-04-13,2015,2,4,April,West,California,Los Angeles,Office Supplies,Appliances,75.8400,29.5776,2,1
2015-04-13,2015,2,4,April,West,California,Los Angeles,Technology,Phones,738.4960,61.3862,4,2
2015-04-13,2015,2,4,April,West,California,Pomona,Furniture,Tables,710.8320,-97.7394,3,1
2015-04-13,2015,2,4,April,West,California,Pomona,Technology,Accessories,199.9600,69.9860,4,1
2015-04-13,2015,2,4,April,West,New Mexico,Farmington,Office Supplies,Supplies,12.8800,0.3864,1,1
2015-04-14,2015,2,4,April,West,Oregon,Springfield,Office Supplies,Appliances,35.2080,2.6406,1,1
2015-04-16,2015,2,4,April,Central,Illinois,Evanston,Technology,Accessories,43.5600,-4.9005,3,1
2015-04-16,2015,2,4,April,Central,Illinois,Evanston,Technology,Copiers,1439.9680,485.9892,4,1
2015-04-16,2015,2,4,April,East,New York,New York City,Furniture,Chairs,127.7640,2.8392,2,1
2015-04-16,2015,2,4,April,East,Ohio,Toledo,Office Supplies,Appliances,45.2160,4.5216,3,1
2015-04-16,2015,2,4,April,East,Ohio,Toledo,Office Supplies,Art,7.8720,1.2792,3,1
2015-04-16,2015,2,4,April,East,Ohio,Toledo,Office Supplies,Binders,55.4700,-46.2250,5,1
2015-04-16,2015,2,4,April,East,Ohio,Toledo,Office Supplies,Fasteners,11.8640,-1.9781,8,1
2015-04-16,2015,2,4,April,East,Ohio,Toledo,Technology,Phones,118.7820,-27.7158,3,1
2015-04-16,2015,2,4,April,East,Pennsylvania,Philadelphia,Office Supplies,Fasteners,12.5760,4.0872,4,1
2015-04-16,2015,2,4,April,South,Virginia,Waynesboro,Furniture,Bookcases,523.2600,125.5824,9,1
2015-04-16,2015,2,4,April,South,Virginia,Waynesboro,Furniture,Furnishings,1196.8600,119.6860,7,1
2015-04-16,2015,2,4,April,South,Virginia,Waynesboro,Office Supplies,Binders,9.1400,4.5700,1,1
2015-04-16,2015,2,4,April,South,Virginia,Waynesboro,Technology,Phones,569.6400,148.1064,2,1
2015-04-17,2015,2,4,April,East,New York,New York City,Office Supplies,Art,10.7100,2.7846,3,1
2015-04-17,2015,2,4,April,East,New York,New York City,Office Supplies,Binders,62.2960,21.0249,13,1
2015-04-17,2015,2,4,April,East,New York,New York City,Technology,Accessories,99.6000,36.8520,1,1
2015-04-17,2015,2,4,April,West,California,San Francisco,Office Supplies,Appliances,1447.6500,419.8185,5,1
2015-04-17,2015,2,4,April,West,California,San Francisco,Office Supplies,Art,5.5600,2.2240,2,1
2015-04-17,2015,2,4,April,West,California,San Francisco,Office Supplies,Paper,11.9600,5.8604,2,1
2015-04-17,2015,2,4,April,West,California,San Francisco,Technology,Accessories,323.3700,129.3480,3,1
2015-04-17,2015,2,4,April,West,California,San Francisco,Technology,Phones,783.9600,68.5965,5,1
2015-04-18,2015,2,4,April,Central,Indiana,New Albany,Furniture,Chairs,89.9900,17.0981,1,1
2015-04-18,2015,2,4,April,Central,Indiana,New Albany,Furniture,Furnishings,6.1600,2.9568,2,1
2015-04-18,2015,2,4,April,Central,Indiana,New Albany,Office Supplies,Binders,38.2200,17.9634,6,1
2015-04-18,2015,2,4,April,Central,Indiana,New Albany,Office Supplies,Labels,75.1800,35.3346,6,1
2015-04-18,2015,2,4,April,Central,Texas,Mcallen,Furniture,Chairs,56.6860,-20.2450,1,1
2015-04-18,2015,2,4,April,Central,Texas,Mcallen,Office Supplies,Art,82.2240,7.3914,6,1
2015-04-18,2015,2,4,April,Central,Texas,Mcallen,Office Supplies,Binders,5.7880,-9.1870,3,1
2015-04-18,2015,2,4,April,Central,Texas,Mcallen,Office Supplies,Paper,15.5520,5.4432,3,1
2015-04-18,2015,2,4,April,Central,Texas,Mcallen,Technology,Accessories,41.4240,8.2848,2,1
2015-04-18,2015,2,4,April,Central,Texas,Mcallen,Technology,Phones,342.7360,30.5998,6,1
2015-04-18,2015,2,4,April,East,New York,New York City,Office Supplies,Labels,21.9300,10.3071,3,1
2015-04-18,2015,2,4,April,South,Louisiana,Monroe,Technology,Accessories,106.5000,41.5350,6,1
2015-04-18,2015,2,4,April,West,California,Los Angeles,Office Supplies,Paper,61.9600,27.8820,2,1
2015-04-18,2015,2,4,April,West,California,Los Angeles,Office Supplies,Storage,947.1700,9.4717,7,1
2015-04-18,2015,2,4,April,West,California,Santa Maria,Office Supplies,Storage,115.4400,30.0144,3,1
2015-04-19,2015,2,4,April,Central,Texas,Carrollton,Office Supplies,Appliances,19.5680,-52.8336,2,1
2015-04-19,2015,2,4,April,Central,Texas,Carrollton,Office Supplies,Binders,310.3920,-512.1468,4,1
2015-04-20,2015,2,4,April,Central,Michigan,Detroit,Office Supplies,Envelopes,180.9600,81.4320,2,1
2015-04-20,2015,2,4,April,Central,Texas,Houston,Office Supplies,Paper,117.4560,44.0460,3,1
2015-04-20,2015,2,4,April,South,Georgia,Columbus,Furniture,Furnishings,595.3800,297.6900,6,1
2015-04-20,2015,2,4,April,South,Georgia,Columbus,Office Supplies,Paper,12.9600,6.2208,2,1
2015-04-20,2015,2,4,April,South,Georgia,Columbus,Technology,Phones,287.9700,77.7519,3,1
2015-04-21,2015,2,4,April,South,Kentucky,Louisville,Furniture,Chairs,191.9600,51.8292,2,1
2015-04-21,2015,2,4,April,South,Kentucky,Louisville,Furniture,Furnishings,209.8800,35.6796,3,1
2015-04-21,2015,2,4,April,South,Kentucky,Louisville,Office Supplies,Binders,21.3000,9.7980,3,1
2015-04-21,2015,2,4,April,South,Kentucky,Louisville,Technology,Phones,469.9500,131.5860,5,1
2015-04-22,2015,2,4,April,West,California,Los Angeles,Office Supplies,Art,64.1400,16.6764,3,1
2015-04-22,2015,2,4,April,West,California,Los Angeles,Technology,Phones,88.7760,7.7679,3,1
2015-04-24,2015,2,4,April,East,New York,New York City,Office Supplies,Art,25.9900,7.5371,1,1
2015-04-25,2015,2,4,April,Central,Illinois,Aurora,Furniture,Chairs,128.0580,-23.7822,3,1
2015-04-25,2015,2,4,April,Central,Illinois,Aurora,Office Supplies,Storage,221.0240,-55.2560,2,1
2015-04-25,2015,2,4,April,Central,Wisconsin,Milwaukee,Office Supplies,Appliances,272.4000,76.2720,5,1
2015-04-25,2015,2,4,April,Central,Wisconsin,Milwaukee,Office Supplies,Art,57.7500,16.1700,5,1
2015-04-25,2015,2,4,April,East,New York,New York City,Office Supplies,Appliances,206.4300,90.8292,3,1
2015-04-25,2015,2,4,April,West,California,Los Angeles,Office Supplies,Binders,13.9440,4.5318,3,1
2015-04-25,2015,2,4,April,West,California,Los Angeles,Office Supplies,Envelopes,21.3400,9.8164,2,1
2015-04-26,2015,2,4,April,Central,Texas,Houston,Furniture,Chairs,408.4220,-5.8346,2,1
2015-04-26,2015,2,4,April,South,Florida,Daytona Beach,Furniture,Tables,191.5155,-76.6062,1,1
2015-04-26,2015,2,4,April,South,Florida,Daytona Beach,Office Supplies,Art,2.6240,0.4264,1,1
2015-04-26,2015,2,4,April,South,Tennessee,Memphis,Furniture,Chairs,831.9360,-114.3912,8,1
2015-04-26,2015,2,4,April,South,Tennessee,Memphis,Furniture,Furnishings,97.0400,1.2130,2,1
2015-04-26,2015,2,4,April,South,Tennessee,Memphis,Office Supplies,Storage,72.7840,-18.1960,1,1
2015-04-26,2015,2,4,April,West,California,San Diego,Furniture,Chairs,63.9360,6.3936,3,1
2015-04-26,2015,2,4,April,West,California,San Diego,Office Supplies,Art,59.5200,15.4752,3,1
2015-04-26,2015,2,4,April,West,California,San Diego,Office Supplies,Binders,50.3520,17.6232,3,1
2015-04-26,2015,2,4,April,West,California,San Diego,Technology,Phones,311.9760,38.9970,3,1
2015-04-27,2015,2,4,April,East,District of Columbia,Washington,Furniture,Chairs,1267.5300,316.8825,3,1
2015-04-27,2015,2,4,April,East,District of Columbia,Washington,Office Supplies,Art,22.7400,8.8686,3,1
2015-04-27,2015,2,4,April,East,District of Columbia,Washington,Technology,Machines,1379.9200,648.5624,8,1
2015-04-27,2015,2,4,April,West,Colorado,Aurora,Office Supplies,Appliances,43.5600,3.2670,5,1
2015-04-27,2015,2,4,April,West,Colorado,Aurora,Office Supplies,Supplies,5.8400,0.7300,2,1
2015-04-28,2015,2,4,April,Central,Michigan,Midland,Office Supplies,Appliances,186.7320,41.4960,1,1
2015-04-28,2015,2,4,April,Central,Michigan,Midland,Office Supplies,Binders,3812.9700,1906.4850,3,1
2015-04-28,2015,2,4,April,Central,Texas,Houston,Office Supplies,Appliances,8.6520,-20.3322,3,1
2015-04-28,2015,2,4,April,Central,Texas,Houston,Office Supplies,Binders,12.1760,-18.8728,4,1
2015-04-28,2015,2,4,April,Central,Texas,Houston,Office Supplies,Storage,23.8320,2.6811,3,1
2015-04-29,2015,2,4,April,East,Pennsylvania,Philadelphia,Office Supplies,Paper,7.9680,2.8884,2,1
2015-04-30,2015,2,4,April,Central,Illinois,Chicago,Furniture,Chairs,213.1150,-15.2225,5,1
2015-04-30,2015,2,4,April,East,Massachusetts,Lawrence,Furniture,Furnishings,65.1800,27.4290,11,1
2015-04-30,2015,2,4,April,East,Massachusetts,Lawrence,Office Supplies,Paper,6.4800,3.1104,1,1
2015-04-30,2015,2,4,April,East,Massachusetts,Lawrence,Technology,Phones,209.5000,58.6600,10,1
2015-04-30,2015,2,4,April,East,Ohio,Troy,Technology,Phones,1022.9700,-255.7425,5,1
2015-04-30,2015,2,4,April,West,California,San Francisco,Office Supplies,Art,34.6500,9.7020,3,1
2015-04-30,2015,2,4,April,West,California,San Francisco,Technology,Phones,19.8000,1.7325,5,1
2015-05-01,2015,2,5,May,South,Florida,Tampa,Furniture,Furnishings,63.5520,14.2992,3,1
2015-05-01,2015,2,5,May,South,Florida,Tampa,Office Supplies,Art,172.7040,10.7940,6,1
2015-05-01,2015,2,5,May,South,Florida,Tampa,Office Supplies,Supplies,41.3760,4.6548,3,1
2015-05-01,2015,2,5,May,West,California,Los Angeles,Technology,Phones,88.7520,11.0940,3,1
2015-05-01,2015,2,5,May,West,California,San Francisco,Office Supplies,Binders,12.1760,4.4138,1,1
2015-05-01,2015,2,5,May,West,California,San Francisco,Office Supplies,Storage,37.3200,10.4496,3,1
2015-05-01,2015,2,5,May,West,California,San Francisco,Office Supplies,Supplies,35.0600,10.5180,2,1
2015-05-02,2015,2,5,May,Central,Texas,Houston,Office Supplies,Labels,8.8560,2.9889,3,1
2015-05-02,2015,2,5,May,Central,Texas,Houston,Technology,Phones,158.3760,13.8579,3,1
2015-05-03,2015,2,5,May,East,Pennsylvania,Philadelphia,Furniture,Chairs,844.1160,-36.1764,6,1
2015-05-03,2015,2,5,May,East,Pennsylvania,Philadelphia,Office Supplies,Appliances,41.8960,8.5639,9,1
2015-05-03,2015,2,5,May,East,Pennsylvania,Philadelphia,Office Supplies,Art,59.9040,14.2272,2,1
2015-05-03,2015,2,5,May,East,Pennsylvania,Philadelphia,Office Supplies,Paper,7.9680,2.8884,2,1
2015-05-03,2015,2,5,May,East,Pennsylvania,Philadelphia,Office Supplies,Storage,76.7520,-9.5940,3,1
2015-05-03,2015,2,5,May,East,Pennsylvania,Philadelphia,Technology,Accessories,27.5520,-0.3444,3,1
2015-05-03,2015,2,5,May,West,California,Chula Vista,Furniture,Furnishings,665.8800,106.5408,6,1
2015-05-03,2015,2,5,May,West,California,San Francisco,Office Supplies,Art,8.8200,2.5578,3,1
2015-05-03,2015,2,5,May,West,California,San Francisco,Office Supplies,Binders,112.0640,39.2224,4,1
2015-05-03,2015,2,5,May,West,California,San Francisco,Technology,Accessories,339.9600,122.3856,4,1
2015-05-03,2015,2,5,May,West,California,San Jose,Office Supplies,Binders,13.8480,5.1930,3,1
2015-05-04,2015,2,5,May,Central,Illinois,Tinley Park,Furniture,Furnishings,22.2880,-8.9152,7,1
2015-05-04,2015,2,5,May,Central,Indiana,Indianapolis,Office Supplies,Art,125.9300,35.2604,7,1
2015-05-04,2015,2,5,May,Central,Texas,Houston,Technology,Phones,946.3440,118.2930,7,1
2015-05-04,2015,2,5,May,East,New York,New York City,Furniture,Furnishings,26.8000,12.8640,2,1
2015-05-07,2015,2,5,May,Central,Texas,Allen,Furniture,Tables,244.0060,-31.3722,2,1
2015-05-07,2015,2,5,May,Central,Texas,Allen,Office Supplies,Paper,15.9360,5.3784,4,1
2015-05-07,2015,2,5,May,South,Kentucky,Owensboro,Office Supplies,Paper,45.6800,21.0128,2,1
2015-05-08,2015,2,5,May,Central,Minnesota,Minneapolis,Furniture,Furnishings,123.9600,11.1564,3,1
2015-05-08,2015,2,5,May,Central,Minnesota,Minneapolis,Office Supplies,Binders,43.9800,21.9900,2,1
2015-05-08,2015,2,5,May,Central,Minnesota,Minneapolis,Technology,Phones,377.9700,105.8316,3,1
2015-05-08,2015,2,5,May,East,New York,New York City,Furniture,Chairs,127.7640,21.2940,2,1
2015-05-08,2015,2,5,May,East,New York,New York City,Furniture,Furnishings,79.4400,30.1872,3,1
2015-05-08,2015,2,5,May,East,New York,New York City,Office Supplies,Paper,57.3800,27.5424,5,2
2015-05-08,2015,2,5,May,East,New York,New York City,Office Supplies,Supplies,357.9300,7.1586,3,1
2015-05-08,2015,2,5,May,East,New York,New York City,Technology,Copiers,2799.9440,1014.9797,7,1
2015-05-08,2015,2,5,May,East,Ohio,Cuyahoga Falls,Furniture,Furnishings,8.3520,1.2528,6,1
2015-05-08,2015,2,5,May,West,Oregon,Salem,Office Supplies,Art,5.2480,0.5904,2,1
2015-05-09,2015,2,5,May,South,Kentucky,Louisville,Office Supplies,Binders,48.8100,23.9169,3,1
2015-05-10,2015,2,5,May,Central,Illinois,Aurora,Office Supplies,Appliances,70.9700,-191.6190,5,1
2015-05-10,2015,2,5,May,Central,Illinois,Aurora,Office Supplies,Art,36.7840,3.6784,2,1
2015-05-10,2015,2,5,May,West,Colorado,Louisville,Technology,Accessories,46.6880,-2.9180,4,1
2015-05-11,2015,2,5,May,West,Arizona,Phoenix,Furniture,Chairs,191.9680,16.7972,7,1
2015-05-12,2015,2,5,May,Central,Texas,Houston,Furniture,Furnishings,21.9680,-15.9268,4,1
2015-05-12,2015,2,5,May,Central,Texas,Houston,Office Supplies,Paper,127.9040,41.5688,7,1
2015-05-12,2015,2,5,May,Central,Texas,Houston,Technology,Phones,619.1520,69.6546,6,1
2015-05-12,2015,2,5,May,East,New York,New York City,Office Supplies,Storage,36.6300,9.8901,3,1
2015-05-12,2015,2,5,May,West,California,San Francisco,Office Supplies,Paper,38.5200,17.3340,9,1
2015-05-12,2015,2,5,May,West,Colorado,Louisville,Technology,Phones,201.5840,20.1584,2,1
2015-05-12,2015,2,5,May,West,Washington,Seattle,Office Supplies,Binders,14.5920,4.9248,3,1
2015-05-13,2015,2,5,May,Central,Illinois,Chicago,Office Supplies,Fasteners,16.0000,5.6000,4,1
2015-05-13,2015,2,5,May,Central,Illinois,Chicago,Technology,Phones,222.3840,16.6788,2,1
2015-05-14,2015,2,5,May,East,Pennsylvania,Chester,Office Supplies,Art,200.9680,18.1576,9,1
2015-05-14,2015,2,5,May,East,Pennsylvania,Chester,Office Supplies,Binders,23.4840,-17.0584,5,1
2015-05-14,2015,2,5,May,East,Pennsylvania,Chester,Office Supplies,Envelopes,200.9840,62.8075,7,1
2015-05-14,2015,2,5,May,East,Pennsylvania,Chester,Office Supplies,Labels,145.0560,49.5112,8,1
2015-05-14,2015,2,5,May,West,California,Camarillo,Furniture,Bookcases,509.9575,41.9965,5,1
2015-05-14,2015,2,5,May,West,California,Camarillo,Furniture,Chairs,819.9200,75.1666,5,1
2015-05-14,2015,2,5,May,West,California,Camarillo,Furniture,Furnishings,122.9100,34.4148,3,1
2015-05-14,2015,2,5,May,West,California,Los Angeles,Office Supplies,Storage,1117.9200,55.8960,4,1
2015-05-15,2015,2,5,May,East,Pennsylvania,Philadelphia,Office Supplies,Storage,51.9680,-10.3936,2,1
2015-05-15,2015,2,5,May,South,Georgia,Roswell,Office Supplies,Envelopes,17.9400,8.7906,3,1
2015-05-16,2015,2,5,May,South,Florida,Jacksonville,Technology,Accessories,255.9680,31.9960,4,1
2015-05-17,2015,2,5,May,Central,Texas,Houston,Office Supplies,Binders,33.2800,-49.9200,5,1
2015-05-17,2015,2,5,May,Central,Texas,Houston,Office Supplies,Paper,14.0880,4.9308,3,1
2015-05-17,2015,2,5,May,East,New York,Long Beach,Office Supplies,Labels,31.5000,15.1200,10,1
2015-05-17,2015,2,5,May,East,New York,Long Beach,Office Supplies,Supplies,55.6000,16.1240,4,1
2015-05-18,2015,2,5,May,West,California,Los Angeles,Office Supplies,Paper,10.8600,5.3214,2,1
2015-05-20,2015,2,5,May,South,North Carolina,Wilson,Furniture,Furnishings,163.1360,20.3920,4,1
2015-05-20,2015,2,5,May,South,North Carolina,Wilson,Office Supplies,Binders,6.4080,-4.9128,4,1
2015-05-21,2015,2,5,May,Central,Illinois,Frankfort,Office Supplies,Appliances,20.7680,-52.9584,8,1
2015-05-21,2015,2,5,May,East,Pennsylvania,Philadelphia,Office Supplies,Binders,24.5880,-18.0312,2,1
2015-05-21,2015,2,5,May,West,Washington,Seattle,Office Supplies,Binders,26.9760,8.7672,4,1
2015-05-22,2015,2,5,May,West,California,Los Angeles,Office Supplies,Labels,8.2600,3.7996,2,1
2015-05-22,2015,2,5,May,West,California,Los Angeles,Office Supplies,Storage,104.7900,29.3412,7,1
2015-05-22,2015,2,5,May,West,California,Los Angeles,Technology,Machines,2973.3200,334.4985,7,1
2015-05-22,2015,2,5,May,West,California,Los Angeles,Technology,Phones,775.7280,58.1796,6,1
2015-05-23,2015,2,5,May,Central,Michigan,Detroit,Furniture,Furnishings,75.3300,19.5858,9,1
2015-05-23,2015,2,5,May,Central,Michigan,Detroit,Office Supplies,Appliances,850.5000,245.7000,5,1
2015-05-23,2015,2,5,May,East,Rhode Island,Woonsocket,Office Supplies,Storage,51.4500,13.8915,3,1
2015-05-23,2015,2,5,May,South,South Carolina,Columbia,Office Supplies,Envelopes,186.6900,87.7443,3,1
2015-05-23,2015,2,5,May,West,Arizona,Phoenix,Office Supplies,Appliances,121.7920,13.7016,4,1
2015-05-23,2015,2,5,May,West,Arizona,Phoenix,Office Supplies,Binders,19.1940,-12.7960,7,1
2015-05-24,2015,2,5,May,Central,Illinois,Naperville,Furniture,Chairs,602.6510,-163.5767,7,1
2015-05-24,2015,2,5,May,Central,Illinois,Naperville,Office Supplies,Binders,7.6560,-13.0152,6,1
2015-05-25,2015,2,5,May,Central,Kansas,Wichita,Office Supplies,Art,21.2400,8.0712,3,1
2015-05-25,2015,2,5,May,Central,Kansas,Wichita,Office Supplies,Binders,127.9600,60.1412,2,1
2015-05-25,2015,2,5,May,Central,Texas,Haltom City,Office Supplies,Paper,32.3680,11.7334,7,1
2015-05-25,2015,2,5,May,Central,Texas,Haltom City,Office Supplies,Supplies,22.3680,1.6776,2,1
2015-05-25,2015,2,5,May,Central,Texas,Haltom City,Technology,Accessories,207.9840,36.3972,2,1
2015-05-25,2015,2,5,May,South,Tennessee,Columbia,Technology,Phones,467.0400,58.3800,4,1
2015-05-25,2015,2,5,May,West,California,San Francisco,Furniture,Furnishings,14.7300,4.8609,3,1
2015-05-25,2015,2,5,May,West,Colorado,Pueblo,Office Supplies,Appliances,845.7280,84.5728,13,1
2015-05-26,2015,2,5,May,Central,Texas,San Antonio,Furniture,Chairs,210.6160,-33.1832,6,1
2015-05-26,2015,2,5,May,Central,Texas,San Antonio,Technology,Machines,399.5400,-79.9080,2,1
2015-05-26,2015,2,5,May,South,North Carolina,Jacksonville,Office Supplies,Envelopes,12.2240,4.4312,2,1
2015-05-26,2015,2,5,May,South,North Carolina,Jacksonville,Office Supplies,Paper,172.0000,59.7432,5,1
2015-05-26,2015,2,5,May,South,North Carolina,Jacksonville,Technology,Accessories,167.9440,50.3832,7,1
2015-05-26,2015,2,5,May,West,Washington,Bellevue,Furniture,Furnishings,20.2400,7.8936,1,1
2015-05-28,2015,2,5,May,East,Connecticut,Manchester,Office Supplies,Storage,93.7900,24.1500,6,1
2015-05-28,2015,2,5,May,East,New York,Freeport,Office Supplies,Art,47.8200,14.3460,3,1
2015-05-28,2015,2,5,May,East,New York,Freeport,Office Supplies,Labels,13.0500,6.0030,5,1
2015-05-28,2015,2,5,May,East,New York,Rochester,Office Supplies,Binders,6.0960,2.0574,2,1
2015-05-28,2015,2,5,May,East,New York,Rochester,Office Supplies,Paper,45.3600,21.7728,7,1
2015-05-28,2015,2,5,May,East,New York,Rochester,Office Supplies,Storage,535.4100,160.6230,3,1
2015-05-28,2015,2,5,May,East,New York,Rochester,Technology,Phones,45.9900,13.3371,1,1
2015-05-28,2015,2,5,May,West,Washington,Seattle,Office Supplies,Art,6.6300,1.7901,3,1
2015-05-29,2015,2,5,May,Central,Indiana,Indianapolis,Office Supplies,Labels,12.3900,5.6994,3,1
2015-05-29,2015,2,5,May,East,Ohio,Cleveland,Office Supplies,Paper,85.0560,28.7064,3,1
2015-05-29,2015,2,5,May,East,Ohio,Columbus,Furniture,Chairs,317.0580,-86.0586,3,1
2015-05-29,2015,2,5,May,East,Ohio,Columbus,Furniture,Furnishings,41.5680,-4.1568,4,1
2015-05-29,2015,2,5,May,East,Ohio,Columbus,Office Supplies,Fasteners,8.0400,2.9145,5,1
2015-05-29,2015,2,5,May,West,Washington,Seattle,Office Supplies,Binders,167.7600,62.9100,5,1
2015-05-29,2015,2,5,May,West,Washington,Seattle,Office Supplies,Paper,32.4000,15.5520,5,1
2015-05-29,2015,2,5,May,West,Washington,Seattle,Office Supplies,Storage,540.5700,140.5482,3,1
2015-05-30,2015,2,5,May,East,New York,New York City,Office Supplies,Appliances,160.3200,44.8896,2,1
2015-05-30,2015,2,5,May,East,New York,New York City,Technology,Phones,368.8200,6.2652,6,1
2015-05-30,2015,2,5,May,South,Virginia,Springfield,Technology,Accessories,151.9600,36.4704,4,1
2015-05-31,2015,2,5,May,Central,Illinois,Chicago,Furniture,Furnishings,51.5600,-61.8720,2,1
2015-05-31,2015,2,5,May,Central,Illinois,Chicago,Office Supplies,Binders,3.5640,-6.2370,3,1
2015-05-31,2015,2,5,May,Central,Illinois,Chicago,Office Supplies,Labels,5.9040,1.9926,2,1
2015-05-31,2015,2,5,May,Central,Illinois,Chicago,Office Supplies,Paper,173.4880,54.2150,7,1
2015-05-31,2015,2,5,May,Central,Minnesota,Minneapolis,Furniture,Chairs,2567.8400,770.3520,8,1
2015-05-31,2015,2,5,May,East,Connecticut,Norwich,Furniture,Furnishings,22.2000,9.1020,6,1
2015-05-31,2015,2,5,May,East,New Jersey,Paterson,Furniture,Furnishings,8.2800,2.9808,2,1
2015-05-31,2015,2,5,May,East,New Jersey,Paterson,Office Supplies,Paper,274.8000,134.6520,5,1
2015-05-31,2015,2,5,May,East,New Jersey,Paterson,Office Supplies,Storage,62.1800,16.7886,1,1
2015-05-31,2015,2,5,May,East,New York,Long Beach,Office Supplies,Fasteners,7.5600,0.3024,6,1
2015-05-31,2015,2,5,May,South,North Carolina,Fayetteville,Office Supplies,Art,10.2720,1.1556,3,1
2015-05-31,2015,2,5,May,West,California,San Jose,Office Supplies,Paper,163.9000,74.8102,11,1
2015-05-31,2015,2,5,May,West,California,San Jose,Office Supplies,Storage,80.8800,21.0288,6,1
2015-05-31,2015,2,5,May,West,Utah,Orem,Furniture,Bookcases,1406.8600,140.6860,7,1
2015-05-31,2015,2,5,May,West,Utah,Orem,Office Supplies,Labels,15.7500,7.5600,5,1
2015-05-31,2015,2,5,May,West,Utah,Orem,Office Supplies,Storage,323.1000,61.3890,2,1
2015-06-01,2015,2,6,June,Central,Michigan,Detroit,Office Supplies,Binders,403.6800,181.6560,6,1
2015-06-01,2015,2,6,June,Central,Michigan,Detroit,Office Supplies,Labels,28.9100,13.2986,7,1
2015-06-01,2015,2,6,June,Central,Michigan,Detroit,Technology,Phones,341.8800,95.7264,4,1
2015-06-01,2015,2,6,June,Central,Texas,San Antonio,Office Supplies,Binders,5.7280,-9.1648,8,1
2015-06-01,2015,2,6,June,Central,Texas,San Antonio,Office Supplies,Paper,42.2400,13.2000,10,1
2015-06-01,2015,2,6,June,West,California,Los Angeles,Office Supplies,Paper,11.7600,5.7624,2,1
2015-06-04,2015,2,6,June,East,New York,New York City,Furniture,Furnishings,35.2800,11.9952,3,1
2015-06-04,2015,2,6,June,East,New York,New York City,Office Supplies,Paper,30.4400,14.3068,4,1
2015-06-04,2015,2,6,June,West,California,Los Angeles,Technology,Accessories,1109.9500,431.9820,5,1
2015-06-04,2015,2,6,June,West,Washington,Seattle,Office Supplies,Art,9.2600,3.0558,2,1
2015-06-04,2015,2,6,June,West,Washington,Seattle,Office Supplies,Labels,7.3800,3.4686,2,1
2015-06-05,2015,2,6,June,Central,Missouri,Saint Charles,Office Supplies,Paper,10.5600,4.7520,2,1
2015-06-05,2015,2,6,June,East,New York,Buffalo,Furniture,Chairs,1522.6380,169.1820,9,1
2015-06-07,2015,2,6,June,East,Pennsylvania,Philadelphia,Office Supplies,Art,8.0160,1.0020,3,1
2015-06-07,2015,2,6,June,East,Pennsylvania,Philadelphia,Office Supplies,Binders,18.3120,-12.2080,4,1
2015-06-07,2015,2,6,June,East,Pennsylvania,Philadelphia,Office Supplies,Paper,25.9200,9.0720,5,1
2015-06-07,2015,2,6,June,West,California,Los Angeles,Office Supplies,Binders,7.5200,2.6320,5,1
2015-06-08,2015,2,6,June,Central,Illinois,Chicago,Office Supplies,Appliances,143.1280,-393.6020,2,1
2015-06-08,2015,2,6,June,Central,Illinois,Chicago,Technology,Accessories,2.3760,0.7425,3,1
2015-06-08,2015,2,6,June,South,Florida,Saint Petersburg,Furniture,Furnishings,173.2080,45.4671,7,1
2015-06-08,2015,2,6,June,South,Florida,Saint Petersburg,Office Supplies,Art,4.4480,0.3336,2,1
2015-06-08,2015,2,6,June,South,Florida,Saint Petersburg,Office Supplies,Binders,18.2640,-13.3936,2,1
2015-06-08,2015,2,6,June,South,Florida,Saint Petersburg,Office Supplies,Labels,9.0000,3.1500,3,1
2015-06-08,2015,2,6,June,South,Florida,Saint Petersburg,Office Supplies,Paper,215.7280,67.4150,17,1
2015-06-08,2015,2,6,June,South,Florida,Saint Petersburg,Office Supplies,Storage,516.9600,-6.4620,4,1
2015-06-09,2015,2,6,June,Central,Michigan,Royal Oak,Office Supplies,Paper,12.9600,6.2208,2,1
2015-06-09,2015,2,6,June,South,Florida,Miami,Office Supplies,Binders,102.7200,-69.7640,8,1
2015-06-09,2015,2,6,June,South,Florida,Miami,Technology,Accessories,72.6000,-8.1675,5,1
2015-06-09,2015,2,6,June,South,Virginia,Hampton,Office Supplies,Binders,113.1000,56.5500,3,1
2015-06-09,2015,2,6,June,West,Idaho,Pocatello,Furniture,Furnishings,355.3600,92.3936,4,1
2015-06-09,2015,2,6,June,West,Idaho,Pocatello,Technology,Phones,140.3760,8.7735,3,1
2015-06-11,2015,2,6,June,South,Florida,Lakeland,Furniture,Chairs,1123.9200,-182.6370,5,1
2015-06-11,2015,2,6,June,South,Florida,Lakeland,Furniture,Furnishings,48.6720,7.3008,3,1
2015-06-11,2015,2,6,June,South,Florida,Lakeland,Office Supplies,Art,60.7680,7.5960,2,1
2015-06-11,2015,2,6,June,South,Florida,Lakeland,Office Supplies,Binders,82.3680,-66.0200,7,1
2015-06-11,2015,2,6,June,South,Florida,Lakeland,Office Supplies,Storage,1600.4320,72.9740,6,1
2015-06-11,2015,2,6,June,South,Florida,Lakeland,Technology,Phones,249.5840,31.1980,2,1
2015-06-11,2015,2,6,June,South,Louisiana,Monroe,Furniture,Furnishings,29.1600,10.7892,2,1
2015-06-11,2015,2,6,June,South,Louisiana,Monroe,Office Supplies,Art,56.3000,15.7640,2,1
2015-06-11,2015,2,6,June,South,Louisiana,Monroe,Office Supplies,Binders,36.2600,16.6796,7,1
2015-06-11,2015,2,6,June,South,Louisiana,Monroe,Office Supplies,Paper,32.4000,15.5520,5,1
2015-06-11,2015,2,6,June,South,Louisiana,Monroe,Technology,Accessories,53.7000,10.2030,6,1
2015-06-12,2015,2,6,June,Central,Indiana,Columbus,Office Supplies,Storage,24.5600,6.8768,2,1
2015-06-12,2015,2,6,June,East,Delaware,Newark,Office Supplies,Storage,29.9000,5.0830,5,1
2015-06-12,2015,2,6,June,East,Pennsylvania,Philadelphia,Furniture,Furnishings,43.2960,4.3296,2,1
2015-06-12,2015,2,6,June,East,Pennsylvania,Philadelphia,Office Supplies,Paper,20.7360,7.2576,4,1
2015-06-12,2015,2,6,June,South,Florida,West Palm Beach,Technology,Phones,55.9840,4.1988,2,1
2015-06-13,2015,2,6,June,East,Maine,Lewiston,Office Supplies,Binders,38.1000,17.3102,4,1
2015-06-13,2015,2,6,June,East,Maine,Lewiston,Technology,Accessories,67.9800,14.9556,2,1
2015-06-13,2015,2,6,June,East,Ohio,Springfield,Office Supplies,Art,3.4240,0.2996,1,1
2015-06-13,2015,2,6,June,South,Alabama,Decatur,Office Supplies,Art,24.7800,6.9384,6,1
2015-06-13,2015,2,6,June,South,Alabama,Decatur,Office Supplies,Binders,19.1400,8.8044,3,1
2015-06-13,2015,2,6,June,South,Alabama,Decatur,Office Supplies,Paper,32.4000,15.5520,5,1
2015-06-13,2015,2,6,June,South,Alabama,Decatur,Technology,Copiers,899.9700,314.9895,3,1
2015-06-13,2015,2,6,June,South,Georgia,Roswell,Office Supplies,Paper,6.4800,3.1104,1,1
2015-06-13,2015,2,6,June,West,California,Los Angeles,Office Supplies,Binders,36.6240,13.7340,3,1
2015-06-14,2015,2,6,June,East,Pennsylvania,Philadelphia,Furniture,Furnishings,51.0720,5.1072,6,1
2015-06-15,2015,2,6,June,South,Florida,Tampa,Technology,Accessories,11.6720,-0.7295,1,1
2015-06-15,2015,2,6,June,West,Arizona,Gilbert,Furniture,Furnishings,404.9600,-25.4000,10,1
2015-06-15,2015,2,6,June,West,Arizona,Gilbert,Office Supplies,Paper,9.5680,2.9900,2,1
2015-06-15,2015,2,6,June,West,Arizona,Gilbert,Office Supplies,Storage,82.3680,-19.5624,2,1
2015-06-15,2015,2,6,June,West,California,Los Angeles,Technology,Phones,225.5760,22.5576,3,1
2015-06-16,2015,2,6,June,Central,Texas,Grand Prairie,Furniture,Chairs,197.3720,-25.3764,2,1
2015-06-16,2015,2,6,June,Central,Texas,Grand Prairie,Office Supplies,Envelopes,28.7520,9.3444,3,1
2015-06-16,2015,2,6,June,Central,Texas,Grand Prairie,Office Supplies,Paper,27.2160,9.8658,3,1
2015-06-16,2015,2,6,June,East,New York,New York City,Office Supplies,Binders,3050.3760,1143.8910,3,1
2015-06-16,2015,2,6,June,East,New York,New York City,Technology,Phones,133.9800,33.4950,2,1
2015-06-16,2015,2,6,June,East,Pennsylvania,Philadelphia,Office Supplies,Envelopes,6.2080,2.1728,2,1
2015-06-18,2015,2,6,June,South,Florida,Miami,Office Supplies,Art,13.6320,3.5784,4,1
2015-06-18,2015,2,6,June,South,Tennessee,Smyrna,Furniture,Chairs,643.1360,56.2744,4,1
2015-06-18,2015,2,6,June,South,Tennessee,Smyrna,Office Supplies,Binders,6.1290,-4.4946,3,1
2015-06-18,2015,2,6,June,South,Tennessee,Smyrna,Office Supplies,Paper,20.7360,7.2576,4,1
2015-06-18,2015,2,6,June,South,Virginia,Arlington,Furniture,Furnishings,60.8400,19.4688,3,1
2015-06-18,2015,2,6,June,South,Virginia,Arlington,Office Supplies,Binders,67.6200,32.4576,4,1
2015-06-18,2015,2,6,June,South,Virginia,Arlington,Office Supplies,Storage,450.0400,58.5052,2,1
2015-06-18,2015,2,6,June,South,Virginia,Arlington,Technology,Phones,467.9700,140.3910,3,1
2015-06-18,2015,2,6,June,West,Arizona,Peoria,Furniture,Furnishings,75.3600,20.7240,5,1
2015-06-18,2015,2,6,June,West,Arizona,Peoria,Office Supplies,Binders,13.6920,-9.4304,9,1
2015-06-18,2015,2,6,June,West,Arizona,Peoria,Office Supplies,Paper,11.9520,4.3326,3,1
2015-06-18,2015,2,6,June,West,California,San Diego,Office Supplies,Art,51.9800,15.0742,2,1
2015-06-19,2015,2,6,June,Central,Texas,Dallas,Office Supplies,Binders,5.7920,-9.5568,2,1
2015-06-19,2015,2,6,June,Central,Texas,Houston,Office Supplies,Storage,228.9200,14.3075,5,1
2015-06-19,2015,2,6,June,East,Pennsylvania,Philadelphia,Office Supplies,Labels,5.9040,1.9926,2,1
2015-06-19,2015,2,6,June,West,California,Los Angeles,Furniture,Furnishings,12.5600,4.0192,2,1
2015-06-19,2015,2,6,June,West,California,Los Angeles,Office Supplies,Envelopes,186.6900,87.7443,3,1
2015-06-19,2015,2,6,June,West,California,Los Angeles,Office Supplies,Paper,6.4800,3.1104,1,1
2015-06-20,2015,2,6,June,East,Pennsylvania,Philadelphia,Technology,Accessories,319.9840,91.9954,2,1
2015-06-20,2015,2,6,June,West,California,San Francisco,Furniture,Furnishings,257.6400,100.4796,6,1
2015-06-20,2015,2,6,June,West,California,San Francisco,Technology,Phones,125.9760,47.2410,3,1
2015-06-20,2015,2,6,June,West,Colorado,Aurora,Technology,Phones,125.9440,15.7430,7,1
2015-06-21,2015,2,6,June,South,Florida,Deltona,Technology,Phones,107.9760,37.7916,3,1
2015-06-22,2015,2,6,June,Central,Illinois,Aurora,Furniture,Tables,796.4250,-525.6405,7,1
2015-06-22,2015,2,6,June,East,New York,Rochester,Office Supplies,Binders,1217.5680,456.5880,2,1
2015-06-22,2015,2,6,June,West,Utah,Layton,Office Supplies,Fasteners,4.9600,2.3312,4,1
2015-06-23,2015,2,6,June,South,Georgia,East Point,Furniture,Furnishings,27.4200,9.3228,3,1
2015-06-23,2015,2,6,June,South,Georgia,East Point,Office Supplies,Binders,165.9800,74.6910,1,1
2015-06-23,2015,2,6,June,South,Georgia,East Point,Technology,Accessories,75.0000,18.0000,3,1
2015-06-23,2015,2,6,June,West,California,Long Beach,Office Supplies,Fasteners,5.4300,1.7919,3,1
2015-06-23,2015,2,6,June,West,California,Long Beach,Technology,Phones,361.5600,28.0371,5,1
2015-06-23,2015,2,6,June,West,Washington,Olympia,Technology,Phones,201.5680,22.6764,4,1
2015-06-25,2015,2,6,June,Central,Texas,Houston,Furniture,Furnishings,75.3840,-20.7306,9,1
2015-06-25,2015,2,6,June,Central,Texas,Houston,Office Supplies,Binders,0.9840,-1.4760,2,1
2015-06-25,2015,2,6,June,Central,Texas,Houston,Office Supplies,Labels,4.6080,1.6704,2,1
2015-06-25,2015,2,6,June,Central,Texas,Houston,Office Supplies,Paper,47.9520,16.1838,3,1
2015-06-25,2015,2,6,June,East,Pennsylvania,Philadelphia,Office Supplies,Paper,31.1040,10.8864,6,1
2015-06-25,2015,2,6,June,East,Pennsylvania,Philadelphia,Office Supplies,Storage,78.2560,-17.6076,2,1
2015-06-25,2015,2,6,June,West,California,Los Angeles,Office Supplies,Art,20.9600,5.2400,2,1
2015-06-25,2015,2,6,June,West,California,Los Angeles,Office Supplies,Binders,88.7520,27.7350,3,1
2015-06-25,2015,2,6,June,West,California,Los Angeles,Office Supplies,Storage,304.2300,9.1269,3,1
2015-06-25,2015,2,6,June,West,California,San Francisco,Furniture,Furnishings,204.8500,57.3580,5,1
2015-06-26,2015,2,6,June,Central,Michigan,Taylor,Technology,Accessories,41.9000,8.7990,2,1
2015-06-26,2015,2,6,June,Central,Texas,Houston,Technology,Phones,971.8800,109.3365,3,1
2015-06-26,2015,2,6,June,East,Ohio,Lakewood,Office Supplies,Paper,43.0560,15.6078,9,1
2015-06-26,2015,2,6,June,South,Virginia,Richmond,Furniture,Chairs,332.9400,79.9056,3,1
2015-06-26,2015,2,6,June,South,Virginia,Richmond,Office Supplies,Binders,187.0000,90.1904,12,1
2015-06-26,2015,2,6,June,South,Virginia,Richmond,Office Supplies,Storage,15.4200,4.1634,1,1
2015-06-28,2015,2,6,June,East,Ohio,Troy,Furniture,Bookcases,482.9400,-376.6932,6,1
2015-06-28,2015,2,6,June,East,Ohio,Troy,Office Supplies,Paper,15.5520,5.4432,3,1
2015-06-28,2015,2,6,June,South,Georgia,Smyrna,Office Supplies,Art,140.7500,42.2250,5,1
2015-06-28,2015,2,6,June,South,Georgia,Smyrna,Office Supplies,Binders,119.5600,54.9976,2,1
2015-06-28,2015,2,6,June,West,Arizona,Gilbert,Furniture,Furnishings,621.7600,46.6320,4,1
2015-06-28,2015,2,6,June,West,Arizona,Gilbert,Office Supplies,Labels,5.9040,1.9926,2,1
2015-06-29,2015,2,6,June,Central,Nebraska,Omaha,Technology,Phones,269.9800,72.8946,2,1
2015-06-29,2015,2,6,June,East,New York,New York City,Furniture,Chairs,117.8820,1.3098,1,1
2015-06-29,2015,2,6,June,East,New York,New York City,Office Supplies,Paper,24.9600,11.2320,4,1
2015-06-29,2015,2,6,June,East,Pennsylvania,Lancaster,Furniture,Furnishings,20.1040,1.7591,1,1
2015-07-02,2015,3,7,July,Central,Illinois,Carol Stream,Furniture,Chairs,790.5380,-98.6342,8,1
2015-07-02,2015,3,7,July,Central,Illinois,Carol Stream,Office Supplies,Paper,11.1680,3.7692,2,1
2015-07-02,2015,3,7,July,Central,Illinois,Carol Stream,Office Supplies,Storage,504.1040,54.9967,8,1
2015-07-02,2015,3,7,July,Central,Texas,Houston,Office Supplies,Appliances,32.7840,-85.2384,4,1
2015-07-02,2015,3,7,July,East,New York,New York City,Office Supplies,Paper,19.4400,9.3312,3,1
2015-07-02,2015,3,7,July,South,Florida,Hollywood,Office Supplies,Paper,27.5040,9.6714,6,1
2015-07-02,2015,3,7,July,South,North Carolina,Raleigh,Furniture,Furnishings,159.8400,45.9540,10,1
2015-07-02,2015,3,7,July,South,North Carolina,Raleigh,Office Supplies,Binders,2.8920,-2.3136,2,1
2015-07-02,2015,3,7,July,South,North Carolina,Raleigh,Office Supplies,Paper,9.3920,3.2872,2,1
2015-07-02,2015,3,7,July,South,North Carolina,Raleigh,Technology,Phones,74.2400,8.3520,1,1
2015-07-03,2015,3,7,July,East,Pennsylvania,Philadelphia,Furniture,Furnishings,451.3520,27.0964,11,1
2015-07-03,2015,3,7,July,East,Pennsylvania,Philadelphia,Office Supplies,Paper,6.7200,2.4360,2,1
2015-07-03,2015,3,7,July,South,Kentucky,Richmond,Furniture,Chairs,70.9800,4.9686,1,1
2015-07-03,2015,3,7,July,South,Kentucky,Richmond,Office Supplies,Labels,294.9300,144.5157,3,1
2015-07-04,2015,3,7,July,Central,Wisconsin,Milwaukee,Technology,Phones,1099.9600,285.9896,4,1
2015-07-04,2015,3,7,July,East,New York,New York City,Office Supplies,Art,15.4800,4.4892,3,1
2015-07-04,2015,3,7,July,West,California,San Diego,Office Supplies,Binders,22.8480,7.4256,2,1
2015-07-05,2015,3,7,July,Central,Michigan,Sterling Heights,Office Supplies,Binders,19.0000,8.9300,5,1
2015-07-05,2015,3,7,July,East,Pennsylvania,Philadelphia,Office Supplies,Storage,38.9760,-2.4360,3,1
2015-07-05,2015,3,7,July,East,Pennsylvania,Philadelphia,Technology,Accessories,34.8000,2.1750,3,1
2015-07-05,2015,3,7,July,South,North Carolina,Charlotte,Furniture,Furnishings,4.9280,0.7392,2,1
2015-07-05,2015,3,7,July,South,North Carolina,Charlotte,Office Supplies,Labels,11.7840,4.2717,3,1
2015-07-05,2015,3,7,July,South,North Carolina,Fayetteville,Furniture,Furnishings,4.9280,0.7392,2,1
2015-07-05,2015,3,7,July,South,North Carolina,Fayetteville,Office Supplies,Binders,7.2300,-5.7840,5,1
2015-07-06,2015,3,7,July,East,Massachusetts,Holyoke,Furniture,Bookcases,301.9600,60.3920,2,1
2015-07-06,2015,3,7,July,East,New Jersey,Vineland,Office Supplies,Art,11.1200,2.8912,4,1
2015-07-06,2015,3,7,July,East,New York,New York City,Furniture,Furnishings,169.7800,70.5870,5,1
2015-07-06,2015,3,7,July,East,New York,New York City,Office Supplies,Storage,601.6500,156.4290,5,1
2015-07-06,2015,3,7,July,East,New York,New York City,Technology,Phones,124.9500,2.4990,5,1
2015-07-06,2015,3,7,July,West,California,Pasadena,Furniture,Chairs,170.3520,-17.0352,3,1
2015-07-08,2015,3,7,July,Central,Texas,Houston,Office Supplies,Paper,21.1200,6.6000,5,1
2015-07-09,2015,3,7,July,Central,Texas,Dallas,Office Supplies,Appliances,48.6320,-121.5800,2,1
2015-07-09,2015,3,7,July,East,Maryland,Clinton,Furniture,Furnishings,181.9600,20.0156,2,1
2015-07-09,2015,3,7,July,East,Maryland,Clinton,Office Supplies,Art,79.3600,32.5376,4,1
2015-07-09,2015,3,7,July,East,Maryland,Clinton,Office Supplies,Binders,281.1300,133.9938,18,1
2015-07-09,2015,3,7,July,East,Maryland,Clinton,Office Supplies,Fasteners,15.8000,5.0560,4,1
2015-07-09,2015,3,7,July,East,Maryland,Clinton,Office Supplies,Labels,12.3900,5.6994,3,1
2015-07-09,2015,3,7,July,East,Maryland,Clinton,Office Supplies,Storage,98.2100,28.4809,7,1
2015-07-09,2015,3,7,July,East,Maryland,Clinton,Technology,Machines,464.9700,209.2365,3,1
2015-07-09,2015,3,7,July,East,Massachusetts,Franklin,Office Supplies,Binders,122.9400,59.0112,3,1
2015-07-09,2015,3,7,July,East,Massachusetts,Franklin,Office Supplies,Paper,6.5800,3.0268,2,1
2015-07-09,2015,3,7,July,East,Pennsylvania,Philadelphia,Technology,Phones,269.9820,40.4973,3,1
2015-07-09,2015,3,7,July,South,Tennessee,Nashville,Office Supplies,Art,5.1600,0.8385,3,1
2015-07-10,2015,3,7,July,West,Arizona,Tempe,Office Supplies,Binders,3.3660,-2.2440,3,1
2015-07-10,2015,3,7,July,West,California,San Bernardino,Office Supplies,Binders,39.9200,12.9740,2,1
2015-07-11,2015,3,7,July,East,Delaware,Wilmington,Furniture,Tables,199.8360,-37.1124,4,1
2015-07-11,2015,3,7,July,East,Delaware,Wilmington,Office Supplies,Binders,221.0600,103.8982,7,1
2015-07-11,2015,3,7,July,East,Delaware,Wilmington,Technology,Phones,716.0000,193.3200,2,1
2015-07-11,2015,3,7,July,East,Pennsylvania,Philadelphia,Furniture,Chairs,341.4880,-73.1760,8,1
2015-07-11,2015,3,7,July,East,Pennsylvania,Philadelphia,Furniture,Furnishings,315.1440,39.7098,13,1
2015-07-11,2015,3,7,July,East,Pennsylvania,Philadelphia,Office Supplies,Art,11.1200,0.8340,5,1
2015-07-11,2015,3,7,July,East,Pennsylvania,Philadelphia,Office Supplies,Binders,8.9820,-6.7536,7,1
2015-07-11,2015,3,7,July,West,Washington,Seattle,Office Supplies,Binders,98.3520,34.4232,3,1
2015-07-11,2015,3,7,July,West,Washington,Seattle,Office Supplies,Paper,29.9700,13.4865,3,1
2015-07-12,2015,3,7,July,Central,Illinois,Chicago,Furniture,Chairs,383.6070,-5.4801,9,1
2015-07-12,2015,3,7,July,Central,Illinois,Chicago,Furniture,Furnishings,7.7600,-2.1340,1,1
2015-07-12,2015,3,7,July,Central,Illinois,Chicago,Office Supplies,Art,6.9120,0.6912,3,1
2015-07-12,2015,3,7,July,Central,Illinois,Chicago,Office Supplies,Binders,1.9280,-2.9884,2,1
2015-07-12,2015,3,7,July,Central,Illinois,Chicago,Technology,Phones,1345.1920,119.8960,13,1
2015-07-12,2015,3,7,July,Central,Texas,Amarillo,Technology,Phones,307.1680,30.7168,4,1
2015-07-13,2015,3,7,July,Central,Texas,Houston,Office Supplies,Binders,41.5680,-66.5088,6,1
2015-07-13,2015,3,7,July,East,New York,New York City,Furniture,Chairs,1931.0400,321.8400,9,1
2015-07-13,2015,3,7,July,East,New York,New York City,Office Supplies,Binders,11.8080,4.2804,2,1
2015-07-13,2015,3,7,July,East,New York,New York City,Office Supplies,Paper,9.9600,4.6812,2,1
2015-07-13,2015,3,7,July,South,Georgia,Macon,Office Supplies,Paper,38.8800,18.6624,6,1
2015-07-14,2015,3,7,July,West,Arizona,Mesa,Furniture,Bookcases,127.7640,-191.6460,6,1
2015-07-14,2015,3,7,July,West,Arizona,Mesa,Furniture,Chairs,441.9200,49.7160,2,1
2015-07-14,2015,3,7,July,West,Arizona,Mesa,Office Supplies,Paper,18.4960,6.7048,4,1
2015-07-14,2015,3,7,July,West,Arizona,Mesa,Office Supplies,Storage,272.7360,-64.7748,3,1
2015-07-16,2015,3,7,July,East,Maryland,Baltimore,Furniture,Chairs,150.9800,43.7842,1,1
2015-07-16,2015,3,7,July,East,Maryland,Baltimore,Office Supplies,Envelopes,137.2500,63.1350,9,1
2015-07-16,2015,3,7,July,East,Maryland,Baltimore,Office Supplies,Fasteners,11.5200,5.4144,4,1
2015-07-16,2015,3,7,July,East,New York,New York City,Office Supplies,Paper,80.8800,39.6312,3,1
2015-07-16,2015,3,7,July,East,New York,New York City,Technology,Accessories,599.9000,191.9680,10,1
2015-07-16,2015,3,7,July,West,California,San Francisco,Furniture,Chairs,2048.8560,-140.3973,9,1
2015-07-17,2015,3,7,July,Central,Texas,Houston,Office Supplies,Fasteners,14.4320,3.4276,4,1
2015-07-17,2015,3,7,July,Central,Texas,Houston,Office Supplies,Labels,6.2640,2.0358,3,1
2015-07-17,2015,3,7,July,South,Florida,Port Saint Lucie,Furniture,Bookcases,231.9200,5.7980,5,1
2015-07-17,2015,3,7,July,West,California,Bakersfield,Furniture,Bookcases,195.4660,-13.7976,2,1
2015-07-18,2015,3,7,July,East,New York,New York City,Furniture,Furnishings,7.3800,2.1402,1,1
2015-07-18,2015,3,7,July,East,New York,New York City,Office Supplies,Art,5.7600,1.6128,2,1
2015-07-18,2015,3,7,July,East,New York,New York City,Office Supplies,Binders,3.3280,1.2064,2,1
2015-07-18,2015,3,7,July,East,New York,New York City,Technology,Phones,135.9900,36.7173,1,1
2015-07-18,2015,3,7,July,West,California,San Diego,Technology,Accessories,519.9600,176.7864,4,1
2015-07-19,2015,3,7,July,West,Arizona,Phoenix,Office Supplies,Binders,2.0250,-1.3500,1,1
2015-07-20,2015,3,7,July,Central,Illinois,Highland Park,Furniture,Bookcases,1298.3740,-178.6776,9,1
2015-07-20,2015,3,7,July,Central,Illinois,Highland Park,Office Supplies,Binders,2.8800,-4.4640,5,1
2015-07-20,2015,3,7,July,Central,Illinois,Highland Park,Technology,Phones,153.5840,13.4386,2,1
2015-07-20,2015,3,7,July,Central,Indiana,South Bend,Office Supplies,Envelopes,106.7500,49.1050,7,1
2015-07-20,2015,3,7,July,Central,Indiana,South Bend,Office Supplies,Paper,124.2200,57.8554,7,1
2015-07-20,2015,3,7,July,Central,Indiana,South Bend,Office Supplies,Storage,176.1600,47.9108,6,1
2015-07-20,2015,3,7,July,Central,Indiana,South Bend,Technology,Accessories,831.2000,124.6800,5,1
2015-07-23,2015,3,7,July,East,New York,New York City,Furniture,Furnishings,128.8200,50.2398,3,1
2015-07-23,2015,3,7,July,East,New York,New York City,Office Supplies,Appliances,68.9400,20.6820,3,1
2015-07-23,2015,3,7,July,East,New York,Rochester,Office Supplies,Binders,10.5120,3.6792,3,1
2015-07-24,2015,3,7,July,South,Kentucky,Louisville,Furniture,Furnishings,20.9400,6.0726,3,1
2015-07-24,2015,3,7,July,South,Kentucky,Louisville,Office Supplies,Binders,225.1500,103.5690,15,1
2015-07-24,2015,3,7,July,South,Kentucky,Louisville,Technology,Accessories,279.8600,64.3678,14,1
2015-07-25,2015,3,7,July,East,Pennsylvania,Philadelphia,Office Supplies,Binders,25.1760,-18.4624,4,1
2015-07-25,2015,3,7,July,South,Alabama,Montgomery,Furniture,Tables,358.5800,39.4438,2,1
2015-07-25,2015,3,7,July,South,Alabama,Montgomery,Office Supplies,Envelopes,98.4600,49.2300,9,1
2015-07-25,2015,3,7,July,West,California,Los Angeles,Technology,Phones,623.9600,38.9975,5,1
2015-07-25,2015,3,7,July,West,Washington,Seattle,Furniture,Bookcases,704.9000,56.3920,5,1
2015-07-25,2015,3,7,July,West,Washington,Seattle,Furniture,Chairs,561.5680,28.0784,2,1
2015-07-25,2015,3,7,July,West,Washington,Seattle,Office Supplies,Fasteners,9.4200,0.4710,2,1
2015-07-25,2015,3,7,July,West,Washington,Seattle,Office Supplies,Paper,12.9600,6.2208,2,1
2015-07-26,2015,3,7,July,East,Pennsylvania,Philadelphia,Office Supplies,Paper,10.3680,3.6288,2,1
2015-07-26,2015,3,7,July,West,Arizona,Glendale,Furniture,Chairs,266.3520,13.3176,3,1
2015-07-26,2015,3,7,July,West,Arizona,Mesa,Furniture,Tables,393.1650,-204.4458,3,1
2015-07-26,2015,3,7,July,West,California,Oxnard,Office Supplies,Art,99.2000,25.7920,5,1
2015-07-26,2015,3,7,July,West,California,Oxnard,Office Supplies,Binders,32.2800,11.4729,9,1
2015-07-26,2015,3,7,July,West,California,San Francisco,Office Supplies,Envelopes,167.8600,78.8942,2,1
2015-07-27,2015,3,7,July,South,Kentucky,Louisville,Technology,Phones,29.9700,0.2997,3,1
2015-07-30,2015,3,7,July,Central,Minnesota,Lakeville,Furniture,Chairs,155.8800,38.9700,6,1
2015-07-30,2015,3,7,July,Central,Texas,Houston,Office Supplies,Storage,61.7920,6.1792,4,1
2015-07-30,2015,3,7,July,West,California,San Francisco,Furniture,Furnishings,5.2800,2.3232,3,1
2015-07-30,2015,3,7,July,West,California,San Francisco,Office Supplies,Binders,10.9200,4.0950,3,1
2015-07-30,2015,3,7,July,West,California,San Francisco,Technology,Accessories,209.9300,92.3692,7,1
2015-07-31,2015,3,7,July,Central,Missouri,Saint Louis,Office Supplies,Supplies,52.5900,15.7770,3,1
2015-07-31,2015,3,7,July,East,New York,New York City,Furniture,Tables,1090.7820,-290.8752,7,1
2015-07-31,2015,3,7,July,East,New York,New York City,Office Supplies,Paper,19.4400,9.3312,3,1
2015-07-31,2015,3,7,July,East,New York,New York City,Technology,Accessories,2309.6500,762.1845,7,1
2015-07-31,2015,3,7,July,South,Mississippi,Hattiesburg,Technology,Accessories,239.7000,105.4680,6,1
2015-08-01,2015,3,8,August,West,California,Los Angeles,Furniture,Tables,1004.9760,-175.8708,6,1
2015-08-01,2015,3,8,August,West,California,Los Angeles,Office Supplies,Art,6.7200,3.3600,4,1
2015-08-02,2015,3,8,August,East,Rhode Island,Providence,Furniture,Chairs,110.9800,15.5372,1,1
2015-08-02,2015,3,8,August,East,Rhode Island,Providence,Office Supplies,Paper,8.4000,4.1160,2,1
2015-08-02,2015,3,8,August,East,Rhode Island,Providence,Technology,Accessories,199.9800,83.9916,2,1
2015-08-02,2015,3,8,August,East,Rhode Island,Providence,Technology,Phones,128.8500,3.8655,3,1
2015-08-02,2015,3,8,August,West,Oregon,Springfield,Furniture,Tables,277.5000,-188.7000,4,1
2015-08-02,2015,3,8,August,West,Washington,Seattle,Office Supplies,Binders,6.3680,2.1492,2,1
2015-08-02,2015,3,8,August,West,Washington,Seattle,Technology,Machines,558.4000,41.8800,2,1
2015-08-05,2015,3,8,August,Central,Texas,Dallas,Furniture,Furnishings,14.7600,-11.4390,5,1
2015-08-05,2015,3,8,August,Central,Texas,Dallas,Office Supplies,Binders,1.3620,-2.1792,1,1
2015-08-05,2015,3,8,August,Central,Texas,Dallas,Office Supplies,Storage,33.4880,-1.2558,7,1
2015-08-05,2015,3,8,August,Central,Texas,Dallas,Office Supplies,Supplies,23.0400,-4.8960,3,1
2015-08-06,2015,3,8,August,Central,Texas,Houston,Furniture,Bookcases,369.1992,-114.0174,3,1
2015-08-06,2015,3,8,August,Central,Texas,Houston,Office Supplies,Binders,6.2300,-9.6565,5,1
2015-08-06,2015,3,8,August,Central,Texas,Houston,Office Supplies,Labels,35.5200,13.3200,3,1
2015-08-06,2015,3,8,August,Central,Texas,Houston,Office Supplies,Paper,83.9200,29.0034,5,2
2015-08-07,2015,3,8,August,Central,Missouri,Kirkwood,Furniture,Furnishings,212.9400,34.0704,3,1
2015-08-07,2015,3,8,August,Central,Missouri,Kirkwood,Office Supplies,Binders,28.4000,13.0640,4,1
2015-08-07,2015,3,8,August,East,Maryland,Baltimore,Office Supplies,Appliances,77.5800,20.1708,9,1
2015-08-07,2015,3,8,August,East,Pennsylvania,Philadelphia,Office Supplies,Art,106.8000,10.6800,10,1
2015-08-07,2015,3,8,August,South,Virginia,Springfield,Office Supplies,Labels,25.0600,11.7782,2,1
2015-08-07,2015,3,8,August,South,Virginia,Springfield,Technology,Phones,494.9700,148.4910,3,1
2015-08-07,2015,3,8,August,West,California,Bakersfield,Office Supplies,Binders,19.1520,6.4638,3,1
2015-08-07,2015,3,8,August,West,Idaho,Boise,Office Supplies,Binders,3.3040,1.1151,1,1
2015-08-08,2015,3,8,August,East,Massachusetts,Lawrence,Office Supplies,Appliances,113.9200,33.0368,2,1
2015-08-08,2015,3,8,August,East,Massachusetts,Lawrence,Office Supplies,Art,39.6600,11.8980,2,1
2015-08-08,2015,3,8,August,East,Massachusetts,Lawrence,Office Supplies,Binders,447.8600,210.4942,7,1
2015-08-08,2015,3,8,August,East,New York,Utica,Technology,Accessories,79.9900,28.7964,1,1
2015-08-08,2015,3,8,August,West,California,San Francisco,Furniture,Chairs,144.7840,10.8588,1,1
2015-08-08,2015,3,8,August,West,California,San Francisco,Office Supplies,Binders,13.8880,4.9602,4,1
2015-08-09,2015,3,8,August,Central,Michigan,Detroit,Furniture,Tables,622.4500,136.9390,5,1
2015-08-09,2015,3,8,August,Central,Michigan,Detroit,Office Supplies,Art,2.2000,0.9680,1,1
2015-08-09,2015,3,8,August,Central,Michigan,Detroit,Office Supplies,Storage,21.9800,0.2198,1,1
2015-08-09,2015,3,8,August,Central,Wisconsin,Milwaukee,Furniture,Bookcases,687.4000,48.1180,5,1
2015-08-09,2015,3,8,August,East,New York,New York City,Furniture,Furnishings,63.2200,25.7112,8,2
2015-08-09,2015,3,8,August,East,New York,New York City,Furniture,Tables,382.8060,-153.1224,9,1
2015-08-09,2015,3,8,August,East,New York,New York City,Office Supplies,Binders,1217.5680,456.5880,2,1
2015-08-09,2015,3,8,August,East,New York,New York City,Office Supplies,Fasteners,10.6500,5.0055,3,1
2015-08-09,2015,3,8,August,East,New York,New York City,Office Supplies,Paper,287.8200,138.1536,6,2
2015-08-09,2015,3,8,August,East,New York,New York City,Office Supplies,Storage,41.9600,2.9372,2,1
2015-08-09,2015,3,8,August,East,New York,New York City,Technology,Accessories,247.8000,34.6920,4,1
2015-08-09,2015,3,8,August,East,New York,New York City,Technology,Phones,1287.9300,363.7002,7,1
2015-08-09,2015,3,8,August,South,Florida,Jacksonville,Office Supplies,Labels,4.6080,1.6704,2,1
2015-08-10,2015,3,8,August,Central,Michigan,Detroit,Office Supplies,Binders,64.7500,29.1375,5,1
2015-08-10,2015,3,8,August,Central,Minnesota,Eagan,Office Supplies,Art,29.7900,12.5118,3,1
2015-08-10,2015,3,8,August,Central,Minnesota,Eagan,Office Supplies,Labels,45.1500,21.6720,5,1
2015-08-10,2015,3,8,August,West,Oregon,Redmond,Office Supplies,Appliances,133.4720,15.0156,4,1
2015-08-10,2015,3,8,August,West,Oregon,Redmond,Technology,Phones,578.3120,6.8698,11,1
2015-08-11,2015,3,8,August,East,New York,New York City,Office Supplies,Art,11.9600,3.1096,2,1
2015-08-11,2015,3,8,August,East,New York,New York City,Technology,Phones,138.0000,34.5000,2,1
2015-08-11,2015,3,8,August,South,North Carolina,Raleigh,Furniture,Furnishings,46.1520,12.1149,3,1
2015-08-13,2015,3,8,August,Central,Indiana,Richmond,Office Supplies,Binders,11.3600,5.5664,4,1
2015-08-13,2015,3,8,August,East,Pennsylvania,Philadelphia,Office Supplies,Storage,422.8560,15.8571,3,1
2015-08-13,2015,3,8,August,South,Georgia,Marietta,Office Supplies,Binders,5.6400,2.7072,3,1
2015-08-13,2015,3,8,August,South,North Carolina,Greensboro,Office Supplies,Art,64.6800,8.0850,7,1
2015-08-13,2015,3,8,August,West,California,Pomona,Furniture,Furnishings,31.5600,10.4148,3,1
2015-08-13,2015,3,8,August,West,California,Yucaipa,Office Supplies,Art,50.8000,13.2080,5,1
2015-08-15,2015,3,8,August,West,California,Los Angeles,Office Supplies,Storage,323.1000,61.3890,2,1
2015-08-15,2015,3,8,August,West,California,Oakland,Furniture,Furnishings,104.2300,28.1421,7,1
2015-08-15,2015,3,8,August,West,California,Oakland,Office Supplies,Storage,70.2600,18.9702,3,1
2015-08-16,2015,3,8,August,East,Pennsylvania,Philadelphia,Furniture,Bookcases,301.4700,-204.9996,3,1
2015-08-16,2015,3,8,August,East,Pennsylvania,Philadelphia,Furniture,Furnishings,254.3520,0.0000,3,1
2015-08-16,2015,3,8,August,East,Pennsylvania,Philadelphia,Office Supplies,Binders,6.4860,-4.6656,5,1
2015-08-16,2015,3,8,August,East,Pennsylvania,Philadelphia,Office Supplies,Paper,20.6400,6.8388,5,1
2015-08-16,2015,3,8,August,East,Pennsylvania,Philadelphia,Office Supplies,Storage,44.6880,3.3516,7,1
2015-08-16,2015,3,8,August,East,Pennsylvania,Philadelphia,Technology,Accessories,31.1760,-5.4558,3,1
2015-08-16,2015,3,8,August,East,Pennsylvania,Philadelphia,Technology,Phones,519.7920,-112.6216,4,1
2015-08-16,2015,3,8,August,West,Arizona,Phoenix,Office Supplies,Art,2.3040,0.2592,1,1
2015-08-16,2015,3,8,August,West,Arizona,Phoenix,Office Supplies,Labels,5.0400,1.7640,2,1
2015-08-16,2015,3,8,August,West,Arizona,Phoenix,Office Supplies,Paper,313.0240,105.6456,8,1
2015-08-16,2015,3,8,August,West,Arizona,Phoenix,Technology,Phones,1879.9600,211.4955,5,1
2015-08-17,2015,3,8,August,East,Massachusetts,New Bedford,Office Supplies,Binders,52.2000,23.4900,9,1
2015-08-17,2015,3,8,August,West,Arizona,Peoria,Office Supplies,Art,10.2720,1.1556,3,1
2015-08-17,2015,3,8,August,West,Arizona,Peoria,Office Supplies,Paper,36.2880,12.7008,7,1
2015-08-17,2015,3,8,August,West,Arizona,Peoria,Technology,Accessories,282.8800,-36.8640,6,1
2015-08-21,2015,3,8,August,East,Ohio,Springfield,Furniture,Chairs,598.4580,-42.7470,3,1
2015-08-21,2015,3,8,August,East,Ohio,Springfield,Furniture,Furnishings,25.9840,-3.8976,1,1
2015-08-21,2015,3,8,August,East,Ohio,Springfield,Office Supplies,Binders,12.8280,-8.9796,2,1
2015-08-21,2015,3,8,August,East,Pennsylvania,Allentown,Office Supplies,Binders,99.5880,-82.9900,2,1
2015-08-21,2015,3,8,August,East,Pennsylvania,Allentown,Office Supplies,Paper,49.5680,15.4900,2,1
2015-08-21,2015,3,8,August,East,Pennsylvania,Allentown,Office Supplies,Storage,663.0720,-165.7680,6,1
2015-08-21,2015,3,8,August,East,Pennsylvania,Allentown,Office Supplies,Supplies,3.4880,-0.6976,2,1
2015-08-21,2015,3,8,August,East,Pennsylvania,Allentown,Technology,Accessories,21.7280,3.8024,4,1
2015-08-21,2015,3,8,August,South,Kentucky,Florence,Office Supplies,Art,53.2800,18.2472,15,1
2015-08-21,2015,3,8,August,West,California,San Francisco,Furniture,Bookcases,586.3980,34.4940,6,1
2015-08-21,2015,3,8,August,West,California,San Francisco,Furniture,Chairs,544.0080,40.8006,3,1
2015-08-21,2015,3,8,August,West,California,San Francisco,Office Supplies,Paper,88.1400,41.8186,8,1
2015-08-21,2015,3,8,August,West,California,San Francisco,Office Supplies,Storage,80.9800,3.2392,1,1
2015-08-22,2015,3,8,August,East,New York,New York City,Office Supplies,Art,16.5200,7.5992,4,1
2015-08-22,2015,3,8,August,East,New York,New York City,Office Supplies,Binders,50.1120,16.2864,6,1
2015-08-23,2015,3,8,August,Central,Illinois,Bolingbrook,Office Supplies,Appliances,5.7680,-13.5548,2,1
2015-08-23,2015,3,8,August,Central,Illinois,Bolingbrook,Office Supplies,Fasteners,12.0320,2.2560,8,1
2015-08-23,2015,3,8,August,Central,Illinois,Bolingbrook,Office Supplies,Paper,10.3680,3.6288,2,1
2015-08-23,2015,3,8,August,Central,Illinois,Bolingbrook,Office Supplies,Supplies,31.6800,2.7720,4,1
2015-08-23,2015,3,8,August,South,Georgia,Atlanta,Office Supplies,Appliances,568.8000,158.7468,6,1
2015-08-23,2015,3,8,August,South,Georgia,Atlanta,Office Supplies,Labels,8.6400,4.2336,3,1
2015-08-23,2015,3,8,August,South,Georgia,Atlanta,Office Supplies,Paper,313.0800,153.5320,12,1
2015-08-23,2015,3,8,August,South,Georgia,Atlanta,Technology,Accessories,251.9100,47.8629,9,1
2015-08-24,2015,3,8,August,Central,Texas,Arlington,Furniture,Tables,918.7850,-118.1295,5,1
2015-08-24,2015,3,8,August,Central,Texas,Arlington,Office Supplies,Binders,2.7240,-4.2222,3,1
2015-08-24,2015,3,8,August,Central,Texas,Arlington,Office Supplies,Storage,1723.5120,-10.8360,21,1
2015-08-24,2015,3,8,August,East,New York,New York City,Furniture,Furnishings,14.9100,4.6221,3,1
2015-08-24,2015,3,8,August,East,New York,New York City,Furniture,Tables,284.3640,-75.8304,2,1
2015-08-24,2015,3,8,August,East,New York,New York City,Technology,Accessories,26.0000,11.7000,2,1
2015-08-24,2015,3,8,August,East,Ohio,Bowling Green,Office Supplies,Labels,6.9120,2.5056,3,1
2015-08-24,2015,3,8,August,East,Ohio,Bowling Green,Office Supplies,Storage,435.5040,48.9942,3,1
2015-08-24,2015,3,8,August,East,Ohio,Bowling Green,Technology,Phones,26.9820,4.0473,3,1
2015-08-24,2015,3,8,August,South,Kentucky,Florence,Technology,Accessories,79.9600,18.3908,4,1
2015-08-24,2015,3,8,August,South,Kentucky,Florence,Technology,Machines,3080.0000,1416.8000,7,1
2015-08-24,2015,3,8,August,South,Kentucky,Florence,Technology,Phones,587.9700,170.5113,3,1
2015-08-24,2015,3,8,August,West,Oregon,Portland,Office Supplies,Art,7.1520,0.7152,3,1
2015-08-25,2015,3,8,August,Central,Texas,Houston,Furniture,Furnishings,27.9840,-20.5258,7,1
2015-08-25,2015,3,8,August,Central,Texas,Houston,Office Supplies,Binders,3.7980,-6.0768,1,1
2015-08-25,2015,3,8,August,West,California,Los Angeles,Furniture,Chairs,40.7840,4.5882,1,1
2015-08-25,2015,3,8,August,West,California,Los Angeles,Office Supplies,Appliances,105.9600,29.6688,4,1
2015-08-27,2015,3,8,August,West,California,Los Angeles,Office Supplies,Binders,5.1040,1.6588,1,1
2015-08-27,2015,3,8,August,West,California,Murrieta,Office Supplies,Storage,484.6500,92.0835,3,1
2015-08-27,2015,3,8,August,West,California,San Diego,Office Supplies,Labels,3.0800,1.4784,1,1
2015-08-27,2015,3,8,August,West,California,San Diego,Office Supplies,Paper,114.2000,52.5320,5,1
2015-08-27,2015,3,8,August,West,California,San Diego,Office Supplies,Supplies,32.9400,9.2232,3,1
2015-08-28,2015,3,8,August,Central,Illinois,Chicago,Technology,Copiers,2799.9600,874.9875,5,1
2015-08-28,2015,3,8,August,Central,Texas,Dallas,Furniture,Tables,103.4810,-16.2613,1,1
2015-08-28,2015,3,8,August,Central,Texas,Dallas,Technology,Phones,1099.9600,82.4970,5,1
2015-08-28,2015,3,8,August,East,Connecticut,Fairfield,Office Supplies,Storage,470.3600,122.2936,11,1
2015-08-28,2015,3,8,August,West,California,Los Angeles,Furniture,Bookcases,307.6660,28.9568,2,1
2015-08-28,2015,3,8,August,West,California,Los Angeles,Furniture,Furnishings,4.1600,1.7472,2,1
2015-08-28,2015,3,8,August,West,California,Los Angeles,Office Supplies,Binders,41.3600,13.9590,5,1
2015-08-28,2015,3,8,August,West,California,Los Angeles,Office Supplies,Storage,1621.1700,296.8578,14,1
2015-08-28,2015,3,8,August,West,California,Los Angeles,Technology,Phones,43.1760,15.1116,3,1
2015-08-29,2015,3,8,August,Central,Michigan,Detroit,Technology,Accessories,114.5200,11.4520,7,1
2015-08-29,2015,3,8,August,Central,Michigan,Detroit,Technology,Phones,131.9800,35.6346,2,1
2015-08-31,2015,3,8,August,Central,Texas,Bedford,Office Supplies,Paper,20.9600,6.8120,4,1
2015-08-31,2015,3,8,August,West,California,Los Angeles,Office Supplies,Paper,58.3200,27.9936,9,1
2015-08-31,2015,3,8,August,West,California,San Diego,Technology,Phones,555.9600,41.6970,5,1
2015-08-31,2015,3,8,August,West,California,San Francisco,Furniture,Bookcases,1552.8310,200.9546,7,1
2015-08-31,2015,3,8,August,West,California,San Francisco,Office Supplies,Binders,137.2400,46.3185,5,1
2015-08-31,2015,3,8,August,West,California,San Francisco,Technology,Accessories,36.5100,15.6993,1,1
2015-08-31,2015,3,8,August,West,California,San Francisco,Technology,Machines,239.9760,80.9919,3,1
2015-09-01,2015,3,9,September,East,Massachusetts,Franklin,Furniture,Chairs,60.7400,15.1850,1,1
2015-09-01,2015,3,9,September,East,Massachusetts,Franklin,Furniture,Furnishings,124.3600,27.3592,2,1
2015-09-01,2015,3,9,September,East,Massachusetts,Franklin,Office Supplies,Binders,114.6000,51.5700,5,1
2015-09-01,2015,3,9,September,East,Massachusetts,Franklin,Office Supplies,Storage,1088.7600,315.7404,6,1
2015-09-01,2015,3,9,September,West,California,Los Angeles,Office Supplies,Binders,19.1200,6.0938,5,1
2015-09-01,2015,3,9,September,West,California,Los Angeles,Technology,Copiers,959.9840,335.9944,2,1
2015-09-03,2015,3,9,September,Central,Michigan,Holland,Office Supplies,Labels,7.5000,3.6000,2,1
2015-09-03,2015,3,9,September,East,Connecticut,Bristol,Office Supplies,Appliances,137.6200,60.5528,2,1
2015-09-03,2015,3,9,September,East,Connecticut,Bristol,Technology,Phones,100.4900,25.1225,1,1
2015-09-03,2015,3,9,September,East,New York,New York City,Office Supplies,Storage,120.3300,31.2858,1,1
2015-09-03,2015,3,9,September,East,Pennsylvania,Philadelphia,Office Supplies,Envelopes,52.5120,19.6920,6,1
2015-09-03,2015,3,9,September,East,Pennsylvania,Philadelphia,Office Supplies,Storage,36.3360,-7.2672,3,1
2015-09-03,2015,3,9,September,East,Pennsylvania,Philadelphia,Office Supplies,Supplies,666.2480,-149.9058,1,1
2015-09-03,2015,3,9,September,South,North Carolina,Durham,Office Supplies,Envelopes,200.9840,62.8075,7,1
2015-09-03,2015,3,9,September,West,Arizona,Tucson,Furniture,Furnishings,238.1520,89.3070,3,1
2015-09-03,2015,3,9,September,West,California,San Francisco,Furniture,Chairs,129.5680,-12.9568,2,1
2015-09-03,2015,3,9,September,West,California,San Francisco,Office Supplies,Binders,6.3680,2.1492,2,1
2015-09-03,2015,3,9,September,West,California,San Francisco,Office Supplies,Storage,31.4400,8.4888,3,1
2015-09-03,2015,3,9,September,West,California,San Francisco,Technology,Accessories,147.3500,50.0030,7,1
2015-09-04,2015,3,9,September,Central,Texas,Houston,Technology,Accessories,134.3760,6.7188,3,1
2015-09-04,2015,3,9,September,East,Pennsylvania,Philadelphia,Office Supplies,Binders,7.6560,-6.1248,4,1
2015-09-04,2015,3,9,September,South,Georgia,Roswell,Office Supplies,Envelopes,15.2800,7.4872,2,1
2015-09-04,2015,3,9,September,South,Georgia,Roswell,Office Supplies,Paper,284.2600,139.2002,7,1
2015-09-04,2015,3,9,September,South,Georgia,Roswell,Technology,Accessories,619.9500,111.5910,5,1
2015-09-04,2015,3,9,September,West,Oregon,Medford,Office Supplies,Binders,9.7620,-6.8334,2,1
2015-09-05,2015,3,9,September,Central,Minnesota,Rochester,Furniture,Furnishings,6.1600,2.9568,2,1
2015-09-05,2015,3,9,September,Central,Minnesota,Rochester,Office Supplies,Paper,36.8400,17.3148,3,1
2015-09-05,2015,3,9,September,Central,Texas,Houston,Office Supplies,Binders,20.7400,-33.0410,8,1
2015-09-05,2015,3,9,September,Central,Texas,Houston,Office Supplies,Supplies,69.1200,-14.6880,9,1
2015-09-05,2015,3,9,September,South,Virginia,Charlottesville,Furniture,Furnishings,67.9600,12.2328,4,1
2015-09-05,2015,3,9,September,West,California,San Diego,Furniture,Bookcases,704.5310,-25.5356,7,1
2015-09-05,2015,3,9,September,West,California,San Diego,Office Supplies,Binders,28.7520,9.7038,6,1
2015-09-06,2015,3,9,September,East,New York,New York City,Furniture,Chairs,271.7640,60.3920,2,1
2015-09-06,2015,3,9,September,East,New York,New York City,Office Supplies,Appliances,8.3900,2.0975,1,1
2015-09-06,2015,3,9,September,East,New York,New York City,Technology,Phones,337.9800,101.3940,2,1
2015-09-06,2015,3,9,September,South,Florida,Tamarac,Office Supplies,Binders,3.4440,-2.5256,1,1
2015-09-06,2015,3,9,September,South,Louisiana,Lafayette,Furniture,Tables,85.9800,22.3548,1,1
2015-09-06,2015,3,9,September,South,Tennessee,Nashville,Office Supplies,Fasteners,7.2400,1.1765,5,1
2015-09-06,2015,3,9,September,South,Virginia,Richmond,Office Supplies,Binders,46.6200,21.4452,9,1
2015-09-06,2015,3,9,September,West,California,La Quinta,Technology,Accessories,46.3200,18.0648,4,1
2015-09-06,2015,3,9,September,West,Washington,Seattle,Furniture,Furnishings,191.8200,74.8098,3,1
2015-09-06,2015,3,9,September,West,Washington,Seattle,Office Supplies,Binders,6.0960,2.1336,2,1
2015-09-07,2015,3,9,September,Central,Texas,El Paso,Furniture,Chairs,47.5160,-2.0364,2,1
2015-09-07,2015,3,9,September,East,New York,New York City,Furniture,Tables,508.5900,-134.4579,5,2
2015-09-07,2015,3,9,September,East,New York,New York City,Office Supplies,Binders,6.0960,2.0574,2,1
2015-09-07,2015,3,9,September,East,New York,New York City,Office Supplies,Fasteners,7.2400,2.3892,4,1
2015-09-07,2015,3,9,September,East,New York,New York City,Office Supplies,Storage,84.2200,19.2494,5,2
2015-09-07,2015,3,9,September,East,New York,New York City,Technology,Accessories,649.9300,184.1790,12,2
2015-09-07,2015,3,9,September,East,Pennsylvania,Philadelphia,Office Supplies,Binders,14.4450,-10.9212,4,1
2015-09-07,2015,3,9,September,East,Pennsylvania,Philadelphia,Technology,Phones,791.9640,-131.9940,6,1
2015-09-07,2015,3,9,September,South,North Carolina,Durham,Office Supplies,Art,140.7360,12.3144,4,1
2015-09-07,2015,3,9,September,West,California,Pasadena,Office Supplies,Storage,671.9300,20.1579,7,1
2015-09-08,2015,3,9,September,South,Alabama,Montgomery,Furniture,Furnishings,21.3600,8.1168,8,1
2015-09-08,2015,3,9,September,West,California,Moreno Valley,Office Supplies,Paper,26.4000,11.8800,5,1
2015-09-08,2015,3,9,September,West,California,Moreno Valley,Office Supplies,Storage,41.8800,0.8376,6,1
2015-09-10,2015,3,9,September,Central,Oklahoma,Tulsa,Office Supplies,Paper,14.9400,7.0218,3,1
2015-09-10,2015,3,9,September,Central,Texas,Austin,Furniture,Chairs,179.8860,-2.5698,1,1
2015-09-10,2015,3,9,September,East,Massachusetts,Revere,Furniture,Bookcases,361.9600,83.2508,2,1
2015-09-10,2015,3,9,September,East,Massachusetts,Revere,Office Supplies,Appliances,61.9600,16.1096,2,1
2015-09-10,2015,3,9,September,East,Massachusetts,Revere,Office Supplies,Paper,278.8200,125.4690,9,1
2015-09-10,2015,3,9,September,East,New York,New York City,Office Supplies,Art,6.0800,2.0672,2,1
2015-09-10,2015,3,9,September,West,California,Los Angeles,Furniture,Furnishings,106.6800,33.0708,6,1
2015-09-10,2015,3,9,September,West,California,Los Angeles,Office Supplies,Supplies,51.5200,1.5456,4,1
2015-09-10,2015,3,9,September,West,Washington,Seattle,Office Supplies,Storage,353.8800,17.6940,6,1
2015-09-11,2015,3,9,September,East,New Jersey,Paterson,Furniture,Furnishings,8.9200,3.9248,4,1
2015-09-11,2015,3,9,September,East,New Jersey,Paterson,Office Supplies,Appliances,111.0400,29.9808,4,1
2015-09-11,2015,3,9,September,East,New Jersey,Paterson,Office Supplies,Binders,209.6000,96.4160,4,1
2015-09-11,2015,3,9,September,East,New Jersey,Paterson,Office Supplies,Labels,31.0500,14.9040,3,1
2015-09-11,2015,3,9,September,East,New Jersey,Paterson,Office Supplies,Paper,38.8800,18.6624,6,1
2015-09-11,2015,3,9,September,East,New York,New York City,Furniture,Furnishings,210.6800,50.5632,2,1
2015-09-11,2015,3,9,September,East,New York,New York City,Office Supplies,Storage,851.4800,109.7512,5,1
2015-09-11,2015,3,9,September,East,New York,New York City,Technology,Accessories,19.9900,6.7966,1,1
2015-09-11,2015,3,9,September,West,California,Redlands,Office Supplies,Art,181.3500,48.9645,9,1
2015-09-11,2015,3,9,September,West,California,Redlands,Office Supplies,Labels,8.6400,4.2336,3,1
2015-09-11,2015,3,9,September,West,California,San Diego,Office Supplies,Art,265.8600,79.7580,7,1
2015-09-11,2015,3,9,September,West,Colorado,Aurora,Furniture,Furnishings,24.6400,4.0040,4,1
2015-09-12,2015,3,9,September,East,New York,Auburn,Office Supplies,Art,9.2600,3.0558,2,1
2015-09-12,2015,3,9,September,East,New York,Auburn,Office Supplies,Envelopes,27.1800,12.7746,1,1
2015-09-12,2015,3,9,September,East,New York,Auburn,Office Supplies,Fasteners,1.2400,0.5828,1,1
2015-09-12,2015,3,9,September,East,New York,Auburn,Office Supplies,Labels,20.7000,9.9360,2,1
2015-09-12,2015,3,9,September,East,New York,Auburn,Office Supplies,Paper,28.9000,14.1610,5,1
2015-09-12,2015,3,9,September,East,New York,Auburn,Office Supplies,Storage,105.9800,4.2392,2,1
2015-09-12,2015,3,9,September,East,New York,New York City,Office Supplies,Labels,12.6000,6.0480,4,1
2015-09-12,2015,3,9,September,East,New York,New York City,Technology,Copiers,479.9840,59.9980,2,1
2015-09-12,2015,3,9,September,West,Washington,Seattle,Technology,Accessories,21.9800,8.5722,2,1
2015-09-13,2015,3,9,September,Central,Illinois,Chicago,Furniture,Chairs,170.0720,-12.1480,4,1
2015-09-13,2015,3,9,September,Central,Illinois,Chicago,Office Supplies,Envelopes,7.8240,2.9340,1,1
2015-09-13,2015,3,9,September,Central,Indiana,Columbus,Furniture,Chairs,1516.2000,394.2120,7,1
2015-09-13,2015,3,9,September,Central,Indiana,Columbus,Technology,Accessories,199.9600,15.9968,4,1
2015-09-13,2015,3,9,September,East,Pennsylvania,Philadelphia,Office Supplies,Binders,2.4120,-2.0100,1,1
2015-09-13,2015,3,9,September,South,Georgia,Atlanta,Furniture,Furnishings,129.9300,12.9930,3,1
2015-09-13,2015,3,9,September,South,Georgia,Atlanta,Office Supplies,Paper,69.9300,31.4685,7,1
2015-09-13,2015,3,9,September,South,North Carolina,Jacksonville,Office Supplies,Binders,13.0920,-10.0372,4,1
2015-09-13,2015,3,9,September,West,California,Anaheim,Furniture,Chairs,717.7200,71.7720,3,1
2015-09-13,2015,3,9,September,West,California,Anaheim,Furniture,Furnishings,383.9000,92.3325,15,1
2015-09-13,2015,3,9,September,West,California,Anaheim,Office Supplies,Binders,25.0320,7.8225,3,1
2015-09-13,2015,3,9,September,West,California,Anaheim,Office Supplies,Paper,209.7000,100.6560,2,1
2015-09-14,2015,3,9,September,Central,Iowa,Des Moines,Office Supplies,Binders,25.9000,12.6910,5,1
2015-09-14,2015,3,9,September,East,New York,New York City,Office Supplies,Binders,12.9600,4.5360,9,1
2015-09-14,2015,3,9,September,East,New York,New York City,Office Supplies,Storage,991.2000,257.7120,6,1
2015-09-14,2015,3,9,September,East,New York,New York City,Technology,Copiers,879.9840,329.9940,2,1
2015-09-14,2015,3,9,September,South,South Carolina,North Charleston,Office Supplies,Storage,269.4900,5.3898,3,1
2015-09-14,2015,3,9,September,West,California,Los Angeles,Furniture,Tables,170.1360,-8.5068,3,1
2015-09-14,2015,3,9,September,West,Utah,Provo,Furniture,Tables,912.7500,118.6575,5,1
2015-09-15,2015,3,9,September,Central,Indiana,Indianapolis,Office Supplies,Art,24.3200,8.2688,8,1
2015-09-15,2015,3,9,September,Central,Indiana,Indianapolis,Office Supplies,Storage,190.8600,11.4516,2,1
2015-09-15,2015,3,9,September,East,New York,New York City,Furniture,Bookcases,46.3840,1.1596,1,1
2015-09-15,2015,3,9,September,East,New York,New York City,Office Supplies,Binders,79.8720,29.9520,3,1
2015-09-15,2015,3,9,September,East,New York,New York City,Office Supplies,Paper,12.9600,6.2208,2,1
2015-09-15,2015,3,9,September,East,Pennsylvania,Philadelphia,Office Supplies,Binders,3.5760,-2.8608,4,1
2015-09-15,2015,3,9,September,East,Pennsylvania,Philadelphia,Office Supplies,Storage,147.1840,-29.4368,2,1
2015-09-15,2015,3,9,September,South,Alabama,Mobile,Furniture,Chairs,1056.8600,306.4894,7,1
2015-09-15,2015,3,9,September,South,Alabama,Mobile,Furniture,Tables,801.9600,200.4900,2,1
2015-09-15,2015,3,9,September,South,Alabama,Mobile,Technology,Phones,59.9700,0.0000,3,1
2015-09-15,2015,3,9,September,South,Florida,Coral Springs,Furniture,Furnishings,71.6800,0.4544,5,1
2015-09-15,2015,3,9,September,South,Florida,Coral Springs,Office Supplies,Paper,15.5520,5.4432,3,1
2015-09-15,2015,3,9,September,South,Florida,Coral Springs,Office Supplies,Storage,24.6720,2.1588,2,1
2015-09-16,2015,3,9,September,South,Virginia,Newport News,Office Supplies,Envelopes,31.1200,14.6264,4,1
2015-09-17,2015,3,9,September,Central,Texas,Houston,Furniture,Furnishings,21.9360,-10.4196,2,1
2015-09-17,2015,3,9,September,Central,Texas,Houston,Office Supplies,Binders,6.5880,-10.2114,3,1
2015-09-17,2015,3,9,September,East,New York,New York City,Furniture,Bookcases,6232.6240,133.5274,11,1
2015-09-17,2015,3,9,September,East,New York,New York City,Furniture,Chairs,199.7640,8.8784,2,1
2015-09-17,2015,3,9,September,East,New York,New York City,Furniture,Tables,344.2200,-103.2660,2,1
2015-09-17,2015,3,9,September,East,New York,New York City,Office Supplies,Labels,87.7100,41.2237,7,1
2015-09-17,2015,3,9,September,East,New York,New York City,Office Supplies,Paper,110.9600,53.2608,2,1
2015-09-17,2015,3,9,September,East,New York,New York City,Office Supplies,Storage,109.5000,28.4770,9,1
2015-09-17,2015,3,9,September,East,New York,New York City,Technology,Accessories,659.9000,217.7670,2,1
2015-09-17,2015,3,9,September,East,New York,New York City,Technology,Phones,277.7700,60.1476,7,1
2015-09-17,2015,3,9,September,East,Pennsylvania,Philadelphia,Furniture,Bookcases,3083.4300,-1665.0522,7,1
2015-09-17,2015,3,9,September,East,Pennsylvania,Philadelphia,Furniture,Furnishings,124.2000,15.5250,3,1
2015-09-17,2015,3,9,September,East,Pennsylvania,Philadelphia,Office Supplies,Art,102.0640,13.2552,8,1
2015-09-17,2015,3,9,September,East,Pennsylvania,Philadelphia,Office Supplies,Binders,16.4760,-12.7682,8,1
2015-09-17,2015,3,9,September,East,Pennsylvania,Philadelphia,Office Supplies,Envelopes,3.2640,1.1016,2,1
2015-09-17,2015,3,9,September,South,Florida,Orlando,Technology,Accessories,87.1680,10.8960,3,1
2015-09-17,2015,3,9,September,West,California,Los Angeles,Office Supplies,Paper,32.4000,15.5520,5,1
2015-09-17,2015,3,9,September,West,Washington,Seattle,Office Supplies,Binders,25.0320,7.8225,3,1
2015-09-18,2015,3,9,September,East,Maryland,Clinton,Office Supplies,Binders,65.0800,31.8892,4,1
2015-09-18,2015,3,9,September,East,Maryland,Clinton,Office Supplies,Storage,678.8200,7.9724,9,1
2015-09-18,2015,3,9,September,East,Maryland,Clinton,Technology,Phones,1759.9200,457.5792,8,1
2015-09-18,2015,3,9,September,South,Florida,Jacksonville,Technology,Accessories,717.1200,152.3880,9,1
2015-09-18,2015,3,9,September,West,California,Long Beach,Office Supplies,Paper,180.6400,88.5136,18,1
2015-09-18,2015,3,9,September,West,California,Long Beach,Office Supplies,Supplies,7.3000,2.1900,2,1
2015-09-18,2015,3,9,September,West,California,Los Angeles,Furniture,Furnishings,24.4000,10.2480,2,1
2015-09-18,2015,3,9,September,West,California,Los Angeles,Office Supplies,Art,11.6800,5.4896,2,1
2015-09-18,2015,3,9,September,West,California,Los Angeles,Office Supplies,Supplies,16.9000,5.0700,2,1
2015-09-18,2015,3,9,September,West,California,San Diego,Office Supplies,Storage,443.9200,8.8784,4,1
2015-09-18,2015,3,9,September,West,Washington,Des Moines,Office Supplies,Paper,18.5400,8.7138,2,1
2015-09-19,2015,3,9,September,East,New York,New York City,Technology,Phones,279.8600,134.3328,14,1
2015-09-19,2015,3,9,September,South,Georgia,Columbus,Technology,Accessories,66.3600,23.2260,4,1
2015-09-19,2015,3,9,September,South,Virginia,Arlington,Furniture,Bookcases,61.9600,4.3372,2,1
2015-09-19,2015,3,9,September,West,California,Los Angeles,Office Supplies,Paper,22.9600,11.2504,2,1
2015-09-19,2015,3,9,September,West,California,Sacramento,Furniture,Furnishings,60.8400,19.4688,3,1
2015-09-19,2015,3,9,September,West,New Mexico,Santa Fe,Office Supplies,Art,8.4000,2.1840,5,1
2015-09-20,2015,3,9,September,Central,Illinois,Naperville,Office Supplies,Binders,2.8080,-4.4928,3,1
2015-09-20,2015,3,9,September,East,Massachusetts,Lawrence,Office Supplies,Binders,37.6800,16.9560,6,1
2015-09-20,2015,3,9,September,East,New York,Long Beach,Office Supplies,Binders,24.4480,8.8624,2,1
2015-09-20,2015,3,9,September,East,New York,Long Beach,Office Supplies,Paper,61.4000,28.8580,5,1
2015-09-20,2015,3,9,September,South,Tennessee,Nashville,Office Supplies,Binders,1369.7640,-913.1760,6,1
2015-09-20,2015,3,9,September,South,Tennessee,Nashville,Office Supplies,Storage,294.3680,-58.8736,4,1
2015-09-20,2015,3,9,September,West,Nevada,Las Vegas,Office Supplies,Binders,45.5840,16.5242,11,1
2015-09-21,2015,3,9,September,Central,Michigan,Lincoln Park,Furniture,Bookcases,194.3200,31.0912,4,1
2015-09-21,2015,3,9,September,Central,Michigan,Lincoln Park,Office Supplies,Art,25.9900,7.5371,1,1
2015-09-21,2015,3,9,September,Central,Texas,Houston,Furniture,Furnishings,4.9280,-1.4784,4,1
2015-09-21,2015,3,9,September,Central,Texas,Houston,Technology,Accessories,151.2000,32.1300,3,1
2015-09-21,2015,3,9,September,Central,Texas,Houston,Technology,Phones,946.3440,118.2930,7,1
2015-09-21,2015,3,9,September,East,Massachusetts,Everett,Furniture,Chairs,542.9400,141.1644,3,1
2015-09-21,2015,3,9,September,East,Massachusetts,Everett,Technology,Phones,589.9000,147.4750,2,1
2015-09-21,2015,3,9,September,East,Massachusetts,Quincy,Furniture,Furnishings,85.3000,14.5010,2,1
2015-09-21,2015,3,9,September,South,South Carolina,Columbia,Furniture,Chairs,1690.0400,422.5100,4,1
2015-09-21,2015,3,9,September,South,South Carolina,Columbia,Office Supplies,Binders,14.6000,6.8620,2,1
2015-09-21,2015,3,9,September,South,South Carolina,Columbia,Office Supplies,Envelopes,121.9600,57.3212,2,1
2015-09-21,2015,3,9,September,South,South Carolina,Columbia,Office Supplies,Paper,23.9200,11.7208,4,1
2015-09-21,2015,3,9,September,South,South Carolina,Columbia,Office Supplies,Storage,1037.7600,48.2216,17,1
2015-09-21,2015,3,9,September,South,South Carolina,Columbia,Technology,Phones,743.6800,209.3677,8,1
2015-09-21,2015,3,9,September,West,California,Los Angeles,Furniture,Chairs,601.5360,0.0000,4,1
2015-09-21,2015,3,9,September,West,California,Los Angeles,Office Supplies,Fasteners,7.9000,2.5280,2,1
2015-09-21,2015,3,9,September,West,Washington,Seattle,Office Supplies,Storage,199.7400,47.9376,6,1
2015-09-22,2015,3,9,September,East,Pennsylvania,Philadelphia,Office Supplies,Supplies,55.6000,6.2550,5,1
2015-09-22,2015,3,9,September,East,Pennsylvania,Philadelphia,Technology,Accessories,617.9760,-7.7247,3,1
2015-09-22,2015,3,9,September,South,Tennessee,Franklin,Office Supplies,Art,2.8160,0.3168,2,1
2015-09-22,2015,3,9,September,South,Tennessee,Franklin,Office Supplies,Binders,3.2040,-2.5632,2,1
2015-09-22,2015,3,9,September,South,Tennessee,Franklin,Office Supplies,Labels,12.0000,4.2000,4,1
2015-09-22,2015,3,9,September,South,Tennessee,Franklin,Office Supplies,Storage,745.4880,-67.7726,5,1
2015-09-22,2015,3,9,September,South,Virginia,Arlington,Furniture,Furnishings,47.9800,11.0354,2,1
2015-09-22,2015,3,9,September,South,Virginia,Arlington,Office Supplies,Paper,32.4000,15.5520,5,1
2015-09-22,2015,3,9,September,West,California,Los Angeles,Office Supplies,Appliances,61.4400,16.5888,3,1
2015-09-22,2015,3,9,September,West,California,Oceanside,Furniture,Furnishings,204.6000,53.1960,2,1
2015-09-24,2015,3,9,September,Central,Iowa,Dubuque,Furniture,Chairs,1408.1000,394.2680,10,1
2015-09-24,2015,3,9,September,Central,Iowa,Dubuque,Office Supplies,Binders,15.2400,6.8580,4,1
2015-09-24,2015,3,9,September,Central,Oklahoma,Broken Arrow,Technology,Phones,821.9400,213.7044,6,1
2015-09-24,2015,3,9,September,East,New York,New York City,Office Supplies,Envelopes,39.9800,17.9910,1,1
2015-09-24,2015,3,9,September,East,Ohio,Columbus,Office Supplies,Art,17.1200,1.9260,5,1
2015-09-24,2015,3,9,September,East,Ohio,Columbus,Office Supplies,Binders,6.7320,-4.4880,6,1
2015-09-24,2015,3,9,September,East,Ohio,Columbus,Office Supplies,Envelopes,15.8400,5.5440,2,1
2015-09-24,2015,3,9,September,East,Ohio,Columbus,Office Supplies,Labels,24.4240,7.9378,1,1
2015-09-24,2015,3,9,September,East,Ohio,Columbus,Office Supplies,Storage,33.5680,1.6784,2,1
2015-09-24,2015,3,9,September,East,Pennsylvania,Philadelphia,Office Supplies,Art,6.8480,0.5992,2,1
2015-09-24,2015,3,9,September,South,Louisiana,Lafayette,Furniture,Chairs,517.5000,155.2500,6,1
2015-09-24,2015,3,9,September,West,Arizona,Avondale,Office Supplies,Art,31.0400,4.2208,9,1
2015-09-24,2015,3,9,September,West,Arizona,Avondale,Technology,Accessories,23.2000,1.4500,2,1
2015-09-24,2015,3,9,September,West,Arizona,Tucson,Technology,Phones,35.1200,13.1700,2,1
2015-09-24,2015,3,9,September,West,California,Los Angeles,Furniture,Furnishings,14.9100,4.6221,3,1
2015-09-24,2015,3,9,September,West,California,Los Angeles,Office Supplies,Appliances,1158.1200,335.8548,4,1
2015-09-24,2015,3,9,September,West,Washington,Seattle,Office Supplies,Art,35.9600,10.4284,2,1
2015-09-24,2015,3,9,September,West,Washington,Seattle,Office Supplies,Binders,14.9520,5.4201,3,1
2015-09-25,2015,3,9,September,Central,Illinois,Rockford,Office Supplies,Art,128.7440,12.8744,7,1
2015-09-25,2015,3,9,September,East,Connecticut,Meriden,Office Supplies,Art,6.7000,2.2110,1,1
2015-09-25,2015,3,9,September,East,Connecticut,Meriden,Office Supplies,Binders,10.7600,5.1648,2,1
2015-09-25,2015,3,9,September,East,Connecticut,Meriden,Office Supplies,Paper,45.6800,21.0128,2,1
2015-09-25,2015,3,9,September,East,New Hampshire,Concord,Office Supplies,Binders,68.6200,32.2514,2,1
2015-09-25,2015,3,9,September,East,New Jersey,Bayonne,Office Supplies,Binders,14.4600,7.0854,3,1
2015-09-25,2015,3,9,September,East,New Jersey,Bayonne,Technology,Accessories,63.9600,19.8276,4,1
2015-09-25,2015,3,9,September,East,New Jersey,Bayonne,Technology,Phones,104.9800,52.4900,2,1
2015-09-25,2015,3,9,September,East,New York,Freeport,Furniture,Chairs,102.5820,6.8388,1,1
2015-09-25,2015,3,9,September,East,New York,Freeport,Office Supplies,Paper,20.0400,9.6192,3,1
2015-09-25,2015,3,9,September,East,New York,New York City,Technology,Accessories,899.9100,395.9604,9,1
2015-09-25,2015,3,9,September,East,Pennsylvania,Philadelphia,Office Supplies,Binders,2.9460,-2.0622,2,1
2015-09-25,2015,3,9,September,South,Tennessee,Murfreesboro,Office Supplies,Binders,12.0690,-8.7418,7,1
2015-09-25,2015,3,9,September,South,Tennessee,Murfreesboro,Office Supplies,Paper,10.4800,3.7990,1,1
2015-09-25,2015,3,9,September,West,California,Los Angeles,Office Supplies,Envelopes,17.4800,8.2156,2,1
2015-09-25,2015,3,9,September,West,Utah,Orem,Furniture,Tables,1044.6300,240.2649,3,1
2015-09-25,2015,3,9,September,West,Washington,Seattle,Furniture,Chairs,307.1360,-11.5176,4,1
2015-09-25,2015,3,9,September,West,Washington,Seattle,Office Supplies,Labels,12.6000,5.7960,2,1
2015-09-25,2015,3,9,September,West,Washington,Seattle,Technology,Accessories,159.9800,57.5928,2,1
2015-09-26,2015,3,9,September,Central,Texas,Houston,Office Supplies,Binders,2.0800,-3.4320,5,1
2015-09-26,2015,3,9,September,Central,Texas,Houston,Technology,Phones,1114.4000,376.1100,7,1
2015-09-26,2015,3,9,September,East,New York,New York City,Technology,Accessories,50.0000,12.0000,2,1
2015-09-26,2015,3,9,September,East,New York,Oceanside,Office Supplies,Binders,79.0560,28.6578,9,1
2015-09-26,2015,3,9,September,East,New York,Oceanside,Office Supplies,Fasteners,34.4400,16.1868,3,1
2015-09-26,2015,3,9,September,East,New York,Oceanside,Technology,Machines,629.9300,296.0671,7,1
2015-09-26,2015,3,9,September,East,Pennsylvania,Philadelphia,Office Supplies,Binders,121.1040,-100.9200,6,1
2015-09-26,2015,3,9,September,East,Pennsylvania,Philadelphia,Technology,Phones,45.8940,-9.1788,1,1
2015-09-26,2015,3,9,September,West,Arizona,Mesa,Office Supplies,Appliances,60.6720,14.4096,2,1
2015-09-26,2015,3,9,September,West,Arizona,Mesa,Office Supplies,Binders,149.6190,-107.4491,11,1
2015-09-26,2015,3,9,September,West,Arizona,Mesa,Office Supplies,Paper,86.2720,31.2736,4,1
2015-09-26,2015,3,9,September,West,Arizona,Mesa,Office Supplies,Storage,483.5520,-87.8652,10,1
2015-09-26,2015,3,9,September,West,Arizona,Mesa,Technology,Phones,263.9600,23.0965,5,1
2015-09-26,2015,3,9,September,West,California,San Diego,Office Supplies,Envelopes,124.4600,58.4962,2,1
2015-09-26,2015,3,9,September,West,California,San Diego,Office Supplies,Storage,64.1700,18.6093,3,1
2015-09-26,2015,3,9,September,West,Oregon,Portland,Office Supplies,Paper,172.8640,58.7304,11,1
2015-09-26,2015,3,9,September,West,Oregon,Portland,Technology,Accessories,239.8000,47.9600,5,1
2015-09-27,2015,3,9,September,Central,Illinois,Chicago,Furniture,Furnishings,24.2880,-12.7512,3,1
2015-09-27,2015,3,9,September,Central,Illinois,Chicago,Office Supplies,Binders,15.0800,-22.6200,2,1
2015-09-27,2015,3,9,September,Central,Michigan,Detroit,Office Supplies,Art,16.4000,4.7560,5,1
2015-09-27,2015,3,9,September,Central,Michigan,Detroit,Office Supplies,Paper,25.9200,12.4416,4,1
2015-09-27,2015,3,9,September,South,Virginia,Arlington,Office Supplies,Paper,154.9000,69.7050,5,1
2015-09-27,2015,3,9,September,South,Virginia,Arlington,Technology,Phones,1871.8800,561.5640,12,1
2015-09-27,2015,3,9,September,West,California,San Francisco,Office Supplies,Paper,159.7800,79.6308,5,1
2015-09-27,2015,3,9,September,West,California,San Francisco,Office Supplies,Storage,15.5100,4.3428,1,1
2015-09-27,2015,3,9,September,West,Washington,Seattle,Office Supplies,Art,99.2000,25.7920,5,1
2015-09-28,2015,3,9,September,East,New York,New York City,Office Supplies,Appliances,293.5200,76.3152,6,1
2015-09-28,2015,3,9,September,East,New York,New York City,Technology,Phones,307.9800,89.3142,2,1
2015-09-28,2015,3,9,September,West,California,Los Angeles,Office Supplies,Appliances,186.1500,55.8450,3,1
2015-09-28,2015,3,9,September,West,California,Los Angeles,Office Supplies,Binders,81.7920,26.5824,6,1
2015-09-28,2015,3,9,September,West,California,Los Angeles,Office Supplies,Supplies,47.1900,13.6851,3,1
2015-09-28,2015,3,9,September,West,California,Los Angeles,Technology,Phones,36.7840,-8.2764,2,1
2015-09-28,2015,3,9,September,West,California,San Francisco,Office Supplies,Appliances,86.8200,29.5218,5,1
2015-09-28,2015,3,9,September,West,Colorado,Aurora,Office Supplies,Binders,1.0800,-0.7920,2,1
2015-09-28,2015,3,9,September,West,Colorado,Aurora,Office Supplies,Envelopes,12.5360,4.2309,1,1
2015-09-28,2015,3,9,September,West,Colorado,Aurora,Office Supplies,Fasteners,4.5120,0.8460,3,1
2015-10-01,2015,4,10,October,Central,Illinois,Quincy,Office Supplies,Binders,2.9920,-4.4880,4,1
2015-10-01,2015,4,10,October,Central,Illinois,Quincy,Technology,Accessories,108.7680,2.7192,4,1
2015-10-01,2015,4,10,October,East,Massachusetts,Cambridge,Office Supplies,Binders,22.4500,10.3270,5,1
2015-10-01,2015,4,10,October,East,Massachusetts,Cambridge,Technology,Phones,311.9800,93.5940,2,1
2015-10-01,2015,4,10,October,West,Colorado,Aurora,Office Supplies,Storage,139.4240,17.4280,4,1
2015-10-01,2015,4,10,October,West,Oregon,Portland,Technology,Phones,572.8000,50.1200,2,1
2015-10-02,2015,4,10,October,East,Connecticut,Middletown,Office Supplies,Binders,26.9000,13.1810,5,1
2015-10-02,2015,4,10,October,East,Maryland,Rockville,Office Supplies,Binders,7.3800,3.6162,1,1
2015-10-02,2015,4,10,October,East,Maryland,Rockville,Office Supplies,Paper,19.4400,9.3312,3,1
2015-10-02,2015,4,10,October,East,New Jersey,Lakewood,Office Supplies,Envelopes,51.1200,23.0040,4,1
2015-10-02,2015,4,10,October,East,New Jersey,Lakewood,Office Supplies,Paper,94.8500,45.5280,5,1
2015-10-02,2015,4,10,October,East,New Jersey,Lakewood,Technology,Accessories,90.0000,32.4000,1,1
2015-10-02,2015,4,10,October,South,North Carolina,Wilson,Office Supplies,Binders,7.3800,-5.4120,5,1
2015-10-02,2015,4,10,October,West,California,Los Angeles,Office Supplies,Binders,65.3760,23.5512,7,1
2015-10-02,2015,4,10,October,West,California,Los Angeles,Office Supplies,Storage,270.3400,75.6952,14,1
2015-10-02,2015,4,10,October,West,California,Los Angeles,Technology,Phones,503.9600,50.3960,5,1
2015-10-02,2015,4,10,October,West,California,San Diego,Office Supplies,Binders,57.5040,20.1264,6,1
2015-10-02,2015,4,10,October,West,Colorado,Thornton,Office Supplies,Supplies,10.9440,0.9576,2,1
2015-10-02,2015,4,10,October,West,Oregon,Hillsboro,Furniture,Furnishings,11.0320,3.0338,1,1
2015-10-02,2015,4,10,October,West,Oregon,Hillsboro,Technology,Accessories,53.0400,-4.6410,3,1
2015-10-03,2015,4,10,October,East,Ohio,Columbus,Furniture,Bookcases,35.4900,-15.6156,1,1
2015-10-03,2015,4,10,October,East,Ohio,Columbus,Office Supplies,Binders,32.0700,-22.4490,5,1
2015-10-03,2015,4,10,October,East,Ohio,Columbus,Technology,Accessories,71.9840,-2.1002,4,1
2015-10-03,2015,4,10,October,East,Pennsylvania,Reading,Office Supplies,Storage,15.0080,1.5008,2,1
2015-10-03,2015,4,10,October,West,California,Los Angeles,Furniture,Bookcases,120.6660,18.4548,2,1
2015-10-04,2015,4,10,October,East,Pennsylvania,Philadelphia,Furniture,Furnishings,64.9440,6.4944,3,1
2015-10-04,2015,4,10,October,East,Pennsylvania,Philadelphia,Office Supplies,Paper,20.7360,7.2576,4,1
2015-10-04,2015,4,10,October,South,Georgia,Warner Robins,Furniture,Chairs,392.9400,43.2234,3,1
2015-10-04,2015,4,10,October,West,California,San Francisco,Office Supplies,Storage,26.9600,7.0096,2,1
2015-10-05,2015,4,10,October,East,Delaware,Wilmington,Office Supplies,Storage,77.5500,21.7140,5,1
2015-10-05,2015,4,10,October,East,Ohio,Cincinnati,Technology,Accessories,53.0400,-4.6410,3,1
2015-10-05,2015,4,10,October,East,Ohio,Columbus,Technology,Accessories,288.0000,57.6000,4,1
2015-10-05,2015,4,10,October,South,Virginia,Springfield,Office Supplies,Appliances,28.8400,9.5172,2,1
2015-10-05,2015,4,10,October,South,Virginia,Springfield,Office Supplies,Art,46.2000,12.9360,4,1
2015-10-05,2015,4,10,October,West,Oregon,Portland,Furniture,Bookcases,66.2940,-103.8606,1,1
2015-10-05,2015,4,10,October,West,Oregon,Portland,Furniture,Chairs,291.1680,-14.5584,4,1
2015-10-08,2015,4,10,October,Central,Texas,Dallas,Furniture,Furnishings,72.7800,-70.9605,3,1
2015-10-08,2015,4,10,October,Central,Texas,Houston,Office Supplies,Art,3.4400,0.5590,2,1
2015-10-08,2015,4,10,October,West,California,San Francisco,Furniture,Furnishings,145.9000,62.7370,5,1
2015-10-09,2015,4,10,October,Central,Michigan,Ann Arbor,Office Supplies,Appliances,29.4030,5.2272,3,1
2015-10-09,2015,4,10,October,Central,Michigan,Ann Arbor,Office Supplies,Envelopes,57.9600,27.2412,7,1
2015-10-09,2015,4,10,October,Central,Michigan,Ann Arbor,Technology,Accessories,619.9500,111.5910,5,1
2015-10-09,2015,4,10,October,Central,Michigan,Ann Arbor,Technology,Phones,29.1600,8.4564,3,1
2015-10-09,2015,4,10,October,Central,Michigan,Detroit,Furniture,Chairs,389.9700,35.0973,3,1
2015-10-09,2015,4,10,October,Central,Michigan,Detroit,Office Supplies,Appliances,269.9100,53.9820,5,1
2015-10-09,2015,4,10,October,East,New York,New York City,Office Supplies,Paper,23.9200,10.7640,4,1
2015-10-09,2015,4,10,October,East,New York,New York City,Technology,Phones,631.9600,303.3408,4,1
2015-10-09,2015,4,10,October,South,Florida,Miami,Office Supplies,Art,37.3760,7.4752,8,1
2015-10-09,2015,4,10,October,South,Florida,Miami,Office Supplies,Binders,13.0860,-9.9078,4,1
2015-10-09,2015,4,10,October,South,Virginia,Springfield,Office Supplies,Storage,30.8400,8.3268,2,1
2015-10-10,2015,4,10,October,Central,Illinois,Chicago,Office Supplies,Art,8.0160,1.0020,3,1
2015-10-10,2015,4,10,October,South,Florida,Jacksonville,Office Supplies,Storage,1801.6320,-337.8060,6,1
2015-10-10,2015,4,10,October,West,California,San Francisco,Office Supplies,Paper,45.3600,21.7728,7,1
2015-10-10,2015,4,10,October,West,California,Santa Barbara,Furniture,Chairs,362.1360,-54.3204,3,1
2015-10-10,2015,4,10,October,West,California,Santa Barbara,Office Supplies,Labels,31.0500,14.9040,3,1
2015-10-11,2015,4,10,October,East,New York,Rochester,Technology,Accessories,31.9500,2.2365,1,1
2015-10-11,2015,4,10,October,South,Florida,Fort Lauderdale,Furniture,Tables,957.5775,-383.0310,5,1
2015-10-11,2015,4,10,October,South,Florida,Fort Lauderdale,Office Supplies,Storage,22.3680,2.5164,2,1
2015-10-12,2015,4,10,October,Central,Indiana,Noblesville,Office Supplies,Binders,12.5600,5.6520,2,1
2015-10-12,2015,4,10,October,Central,Indiana,Noblesville,Technology,Phones,399.6800,106.5564,7,1
2015-10-12,2015,4,10,October,East,New York,New York City,Furniture,Bookcases,1525.4880,159.3684,7,1
2015-10-12,2015,4,10,October,East,New York,New York City,Office Supplies,Art,19.9000,6.5670,5,1
2015-10-12,2015,4,10,October,East,New York,New York City,Office Supplies,Paper,51.8400,24.8832,8,1
2015-10-12,2015,4,10,October,East,New York,New York City,Technology,Phones,71.7600,20.0928,6,1
2015-10-12,2015,4,10,October,East,New York,Rochester,Furniture,Tables,209.6700,-13.9780,1,1
2015-10-12,2015,4,10,October,West,Washington,Seattle,Office Supplies,Storage,81.9600,0.0000,2,1
2015-10-12,2015,4,10,October,West,Washington,Seattle,Technology,Accessories,17.9000,3.4010,2,1
2015-10-13,2015,4,10,October,South,Kentucky,Louisville,Furniture,Chairs,287.9400,77.7438,3,1
2015-10-13,2015,4,10,October,South,Kentucky,Louisville,Technology,Phones,83.7200,23.4416,7,1
2015-10-15,2015,4,10,October,Central,Illinois,Orland Park,Technology,Accessories,339.9600,67.9920,5,1
2015-10-15,2015,4,10,October,Central,Michigan,Mount Pleasant,Furniture,Furnishings,17.1400,6.1704,2,1
2015-10-15,2015,4,10,October,Central,Texas,Amarillo,Furniture,Chairs,2453.4300,-350.4900,5,1
2015-10-15,2015,4,10,October,Central,Texas,Amarillo,Technology,Accessories,263.8800,42.8805,3,1
2015-10-15,2015,4,10,October,Central,Texas,Dallas,Furniture,Furnishings,131.3760,-95.2476,6,1
2015-10-15,2015,4,10,October,Central,Texas,Dallas,Office Supplies,Binders,3.9600,-6.9300,10,1
2015-10-15,2015,4,10,October,Central,Texas,Dallas,Office Supplies,Envelopes,4.4640,1.6740,1,1
2015-10-15,2015,4,10,October,Central,Texas,Dallas,Office Supplies,Paper,5.3440,1.8704,1,1
2015-10-16,2015,4,10,October,East,New York,New York City,Technology,Phones,824.9700,214.4922,3,1
2015-10-17,2015,4,10,October,West,California,Los Angeles,Office Supplies,Storage,77.8800,3.8940,2,1
2015-10-18,2015,4,10,October,Central,Texas,Mcallen,Office Supplies,Appliances,73.1640,-186.5682,6,1
2015-10-18,2015,4,10,October,Central,Texas,Mcallen,Technology,Accessories,27.6960,3.4620,3,1
2015-10-18,2015,4,10,October,West,Washington,Seattle,Furniture,Furnishings,10.1100,3.2352,3,1
2015-10-18,2015,4,10,October,West,Washington,Seattle,Office Supplies,Paper,17.9400,8.7906,3,1
2015-10-18,2015,4,10,October,West,Washington,Seattle,Technology,Phones,249.5840,15.5990,2,1
2015-10-19,2015,4,10,October,Central,Michigan,Detroit,Office Supplies,Binders,38.2800,17.6088,6,1
2015-10-19,2015,4,10,October,Central,Michigan,Detroit,Technology,Phones,149.9500,44.9850,5,1
2015-10-19,2015,4,10,October,Central,Texas,Dallas,Office Supplies,Binders,1.7200,-2.8380,1,1
2015-10-19,2015,4,10,October,East,New Hampshire,Concord,Office Supplies,Paper,34.4400,17.2200,3,1
2015-10-19,2015,4,10,October,West,California,Los Angeles,Office Supplies,Appliances,1640.7000,459.3960,5,1
2015-10-19,2015,4,10,October,West,California,Los Angeles,Technology,Accessories,270.0000,97.2000,3,1
2015-10-20,2015,4,10,October,East,New York,New York City,Office Supplies,Paper,24.5600,11.5432,2,1
2015-10-20,2015,4,10,October,West,California,Los Angeles,Furniture,Furnishings,74.7600,23.9232,7,1
2015-10-20,2015,4,10,October,West,California,Los Angeles,Furniture,Tables,364.7760,27.3582,3,1
2015-10-20,2015,4,10,October,West,California,San Francisco,Furniture,Furnishings,16.0200,6.0876,6,1
2015-10-20,2015,4,10,October,West,California,San Francisco,Technology,Accessories,239.9700,86.3892,3,1
2015-10-22,2015,4,10,October,Central,Illinois,Bloomington,Office Supplies,Binders,5.1760,-7.7640,4,1
2015-10-22,2015,4,10,October,South,Florida,Hollywood,Office Supplies,Storage,9.9520,0.9952,1,1
2015-10-23,2015,4,10,October,Central,Texas,Houston,Office Supplies,Paper,36.2880,12.7008,7,1
2015-10-23,2015,4,10,October,Central,Texas,Houston,Technology,Phones,150.3840,15.0384,2,1
2015-10-23,2015,4,10,October,Central,Texas,Lubbock,Office Supplies,Binders,6.0800,-10.3360,1,1
2015-10-23,2015,4,10,October,Central,Texas,Lubbock,Office Supplies,Paper,60.7360,20.4984,8,1
2015-10-23,2015,4,10,October,Central,Texas,Lubbock,Technology,Copiers,479.9760,161.9919,3,1
2015-10-23,2015,4,10,October,South,Florida,Lakeland,Office Supplies,Art,10.6880,2.2712,2,1
2015-10-23,2015,4,10,October,South,Florida,Lakeland,Technology,Phones,67.7680,-12.2521,9,1
2015-10-23,2015,4,10,October,West,California,San Diego,Furniture,Chairs,1275.1040,86.0030,11,1
2015-10-23,2015,4,10,October,West,California,San Diego,Office Supplies,Envelopes,11.8000,5.6640,4,1
2015-10-23,2015,4,10,October,West,California,San Diego,Office Supplies,Paper,11.5600,5.6644,2,1
2015-10-23,2015,4,10,October,West,California,San Diego,Technology,Accessories,148.3200,63.7776,9,1
2015-10-23,2015,4,10,October,West,Washington,Seattle,Office Supplies,Binders,3.5920,1.1225,1,1
2015-10-24,2015,4,10,October,Central,Texas,Houston,Furniture,Tables,347.3610,-69.4722,7,1
2015-10-24,2015,4,10,October,Central,Texas,Houston,Office Supplies,Paper,25.9200,9.0720,5,1
2015-10-24,2015,4,10,October,Central,Texas,San Antonio,Office Supplies,Binders,3.5920,-6.2860,4,1
2015-10-24,2015,4,10,October,West,California,Oakland,Furniture,Chairs,454.2720,-73.8192,8,1
2015-10-25,2015,4,10,October,East,Delaware,Newark,Furniture,Chairs,291.1000,75.6860,5,1
2015-10-25,2015,4,10,October,East,Delaware,Newark,Technology,Phones,158.9900,41.3374,1,1
2015-10-25,2015,4,10,October,West,California,San Francisco,Furniture,Tables,253.1760,-31.6470,3,1
2015-10-25,2015,4,10,October,West,California,San Francisco,Office Supplies,Art,60.4500,16.3215,3,1
2015-10-25,2015,4,10,October,West,Colorado,Denver,Furniture,Chairs,582.3360,-29.1168,8,1
2015-10-25,2015,4,10,October,West,Nevada,Sparks,Office Supplies,Art,79.3600,23.8080,4,1
2015-10-26,2015,4,10,October,West,Arizona,Peoria,Technology,Phones,174.3040,-5.3644,4,1
2015-10-26,2015,4,10,October,West,California,Rancho Cucamonga,Office Supplies,Labels,5.7600,2.6496,2,1
2015-10-26,2015,4,10,October,West,Oregon,Springfield,Office Supplies,Appliances,203.8800,20.3880,5,1
2015-10-26,2015,4,10,October,West,Oregon,Springfield,Office Supplies,Binders,14.3010,-10.4874,7,1
2015-10-26,2015,4,10,October,West,Oregon,Springfield,Office Supplies,Labels,146.5440,47.6268,6,1
2015-10-26,2015,4,10,October,West,Oregon,Springfield,Office Supplies,Paper,131.9040,47.8152,3,1
2015-10-26,2015,4,10,October,West,Oregon,Springfield,Office Supplies,Storage,718.6400,-161.6940,10,1
2015-10-28,2015,4,10,October,South,Kentucky,Henderson,Furniture,Furnishings,57.2100,22.0709,12,1
2015-10-28,2015,4,10,October,South,Kentucky,Henderson,Office Supplies,Envelopes,10.6700,4.9082,1,1
2015-10-28,2015,4,10,October,South,Kentucky,Henderson,Office Supplies,Storage,36.6300,9.8901,3,1
2015-10-29,2015,4,10,October,West,California,San Francisco,Office Supplies,Envelopes,210.8400,103.3116,4,1
2015-10-29,2015,4,10,October,West,California,San Francisco,Office Supplies,Paper,33.4000,16.0320,5,1
2015-10-30,2015,4,10,October,Central,Michigan,Detroit,Technology,Phones,299.9000,74.9750,2,1
2015-10-30,2015,4,10,October,East,New York,New York City,Technology,Machines,1035.8000,269.3080,4,1
2015-10-30,2015,4,10,October,South,Virginia,Virginia Beach,Office Supplies,Appliances,182.9100,53.0439,3,1
2015-10-30,2015,4,10,October,West,Colorado,Denver,Furniture,Furnishings,15.4880,3.6784,4,1
2015-10-30,2015,4,10,October,West,Colorado,Denver,Technology,Copiers,439.9920,164.9970,1,1
2015-10-30,2015,4,10,October,West,Colorado,Denver,Technology,Machines,59.9940,-45.9954,2,1
2015-10-30,2015,4,10,October,West,Colorado,Denver,Technology,Phones,87.9600,30.7860,5,1
2015-10-31,2015,4,10,October,Central,Michigan,Jackson,Office Supplies,Supplies,70.1200,21.0360,4,1
2015-10-31,2015,4,10,October,East,New York,Buffalo,Office Supplies,Art,2.7800,0.7228,2,1
2015-10-31,2015,4,10,October,East,New York,Buffalo,Office Supplies,Envelopes,79.9600,35.9820,2,1
2015-10-31,2015,4,10,October,West,California,Redlands,Furniture,Bookcases,425.8330,20.0392,1,1
2015-10-31,2015,4,10,October,West,California,Redlands,Furniture,Chairs,323.1360,20.1960,4,1
2015-10-31,2015,4,10,October,West,California,Redlands,Office Supplies,Art,5.0400,1.2600,3,1
2015-10-31,2015,4,10,October,West,California,Redlands,Office Supplies,Binders,398.3520,124.4850,3,1
2015-10-31,2015,4,10,October,West,California,Redlands,Office Supplies,Envelopes,14.2800,6.7116,7,1
2015-10-31,2015,4,10,October,West,California,Redlands,Office Supplies,Fasteners,17.4500,8.0270,5,1
2015-10-31,2015,4,10,October,West,California,Redlands,Office Supplies,Paper,19.9800,9.3906,1,1
2015-10-31,2015,4,10,October,West,California,Redlands,Office Supplies,Storage,46.8400,12.6468,2,1
2015-10-31,2015,4,10,October,West,California,Redlands,Office Supplies,Supplies,29.7000,8.0190,3,1
2015-10-31,2015,4,10,October,West,California,Redlands,Technology,Phones,1295.8400,145.7820,4,1
2015-10-31,2015,4,10,October,West,California,Salinas,Office Supplies,Binders,39.5280,12.5957,7,1
2015-10-31,2015,4,10,October,West,California,Salinas,Office Supplies,Envelopes,14.7500,7.0800,5,1
2015-10-31,2015,4,10,October,West,California,Salinas,Office Supplies,Labels,427.4200,196.6132,14,1
2015-11-01,2015,4,11,November,East,New York,New York City,Furniture,Chairs,532.7280,35.5152,6,2
2015-11-01,2015,4,11,November,East,New York,New York City,Furniture,Furnishings,259.7000,106.4770,5,1
2015-11-01,2015,4,11,November,East,New York,New York City,Office Supplies,Paper,13.5200,6.2192,4,1
2015-11-01,2015,4,11,November,East,New York,New York City,Technology,Accessories,1399.9300,601.9699,7,1
2015-11-01,2015,4,11,November,East,New York,New York City,Technology,Phones,551.8600,128.6150,6,2
2015-11-01,2015,4,11,November,East,Pennsylvania,Philadelphia,Office Supplies,Fasteners,3.1680,-0.7128,2,1
2015-11-01,2015,4,11,November,East,Pennsylvania,Philadelphia,Technology,Accessories,35.3600,-3.0940,2,1
2015-11-01,2015,4,11,November,South,Arkansas,Conway,Furniture,Tables,301.9600,45.2940,2,1
2015-11-01,2015,4,11,November,West,Oregon,Salem,Office Supplies,Art,7.8800,1.7730,1,1
2015-11-02,2015,4,11,November,Central,Texas,San Antonio,Office Supplies,Binders,29.3720,-46.9952,7,1
2015-11-02,2015,4,11,November,Central,Texas,San Antonio,Technology,Phones,344.7040,38.7792,2,1
2015-11-02,2015,4,11,November,East,New York,New York City,Furniture,Chairs,2621.3220,553.3902,11,1
2015-11-02,2015,4,11,November,East,New York,Troy,Furniture,Chairs,109.7640,8.5372,2,1
2015-11-02,2015,4,11,November,South,Virginia,Chesapeake,Office Supplies,Appliances,197.7200,55.3616,4,1
2015-11-02,2015,4,11,November,West,California,Los Angeles,Furniture,Tables,1038.8400,51.9420,5,1
2015-11-02,2015,4,11,November,West,California,San Diego,Furniture,Bookcases,512.4990,-30.1470,3,1
2015-11-02,2015,4,11,November,West,California,San Diego,Furniture,Furnishings,96.9600,33.9360,6,1
2015-11-02,2015,4,11,November,West,California,San Diego,Office Supplies,Binders,129.4400,45.3040,10,1
2015-11-02,2015,4,11,November,West,Washington,Seattle,Technology,Accessories,447.9300,49.2723,9,1
2015-11-03,2015,4,11,November,Central,Texas,Haltom City,Office Supplies,Envelopes,6.6080,2.1476,2,1
2015-11-03,2015,4,11,November,East,New York,Long Beach,Furniture,Chairs,1448.8200,209.2740,10,1
2015-11-03,2015,4,11,November,West,California,Los Angeles,Furniture,Furnishings,42.6000,16.6140,3,1
2015-11-03,2015,4,11,November,West,California,Los Angeles,Technology,Accessories,89.9700,37.7874,3,1
2015-11-03,2015,4,11,November,West,California,Los Angeles,Technology,Phones,1212.8480,106.1242,7,1
2015-11-05,2015,4,11,November,Central,Illinois,Quincy,Office Supplies,Labels,19.8240,6.4428,6,1
2015-11-05,2015,4,11,November,East,New York,New York City,Office Supplies,Binders,25.3440,8.8704,6,1
2015-11-05,2015,4,11,November,East,Ohio,Lakewood,Office Supplies,Binders,7.2180,-5.5338,3,1
2015-11-05,2015,4,11,November,East,Ohio,Lakewood,Office Supplies,Supplies,27.2000,2.0400,4,1
2015-11-05,2015,4,11,November,South,Florida,Coral Springs,Office Supplies,Appliances,387.1360,24.1960,4,1
2015-11-05,2015,4,11,November,South,North Carolina,Monroe,Furniture,Chairs,207.0000,25.8750,3,1
2015-11-05,2015,4,11,November,West,California,San Francisco,Office Supplies,Storage,62.8000,15.7000,4,1
2015-11-05,2015,4,11,November,West,Washington,Seattle,Office Supplies,Binders,98.3520,35.6526,3,1
2015-11-06,2015,4,11,November,West,Arizona,Scottsdale,Office Supplies,Binders,4.4010,-3.5208,3,1
2015-11-06,2015,4,11,November,West,Arizona,Scottsdale,Office Supplies,Envelopes,7.0800,2.4780,3,1
2015-11-07,2015,4,11,November,Central,Texas,Houston,Furniture,Furnishings,64.9600,-84.4480,5,1
2015-11-07,2015,4,11,November,Central,Texas,Houston,Office Supplies,Art,23.6400,5.3190,3,1
2015-11-07,2015,4,11,November,Central,Texas,Houston,Office Supplies,Binders,32.0600,-51.2960,10,1
2015-11-07,2015,4,11,November,Central,Texas,Houston,Office Supplies,Paper,76.6400,26.8240,2,1
2015-11-07,2015,4,11,November,Central,Texas,Houston,Office Supplies,Storage,262.4320,-45.8246,4,1
2015-11-07,2015,4,11,November,Central,Texas,Houston,Technology,Machines,287.9100,33.5895,3,1
2015-11-07,2015,4,11,November,East,Delaware,Newark,Office Supplies,Fasteners,26.1800,0.5236,7,1
2015-11-07,2015,4,11,November,East,Delaware,Newark,Office Supplies,Paper,7.3000,3.4310,2,1
2015-11-07,2015,4,11,November,East,Pennsylvania,Philadelphia,Office Supplies,Envelopes,24.4000,7.9300,2,1
2015-11-07,2015,4,11,November,East,Vermont,Burlington,Furniture,Chairs,715.2000,178.8000,3,1
2015-11-07,2015,4,11,November,South,Florida,Miami,Office Supplies,Binders,1361.6310,-1044.4553,14,1
2015-11-07,2015,4,11,November,West,California,Los Angeles,Furniture,Chairs,190.7200,11.9200,1,1
2015-11-08,2015,4,11,November,Central,Iowa,Dubuque,Technology,Phones,263.9600,76.5484,4,1
2015-11-08,2015,4,11,November,Central,Texas,Houston,Office Supplies,Binders,10.4760,-17.2854,6,1
2015-11-08,2015,4,11,November,East,Massachusetts,Franklin,Office Supplies,Art,11.6500,3.3785,5,1
2015-11-08,2015,4,11,November,East,New York,New York City,Furniture,Chairs,577.7640,115.5528,2,1
2015-11-08,2015,4,11,November,East,New York,New York City,Furniture,Furnishings,11.8200,4.7280,3,1
2015-11-08,2015,4,11,November,East,New York,New York City,Office Supplies,Binders,52.2720,17.6418,11,1
2015-11-08,2015,4,11,November,East,New York,New York City,Office Supplies,Paper,17.9400,8.0730,3,1
2015-11-08,2015,4,11,November,East,New York,New York City,Office Supplies,Storage,67.1500,16.7875,5,1
2015-11-08,2015,4,11,November,East,New York,New York City,Technology,Machines,4643.8000,2229.0240,4,1
2015-11-08,2015,4,11,November,East,New York,New York City,Technology,Phones,549.9800,142.9948,2,1
2015-11-08,2015,4,11,November,East,Vermont,Burlington,Furniture,Bookcases,4404.9000,1013.1270,5,1
2015-11-08,2015,4,11,November,South,North Carolina,Jacksonville,Furniture,Furnishings,4.7120,1.4136,1,1
2015-11-08,2015,4,11,November,South,North Carolina,Jacksonville,Office Supplies,Binders,39.8790,-29.2446,7,1
2015-11-08,2015,4,11,November,South,North Carolina,Jacksonville,Office Supplies,Fasteners,31.5040,11.8140,11,1
2015-11-08,2015,4,11,November,South,North Carolina,Jacksonville,Office Supplies,Labels,5.0400,1.6380,1,1
2015-11-08,2015,4,11,November,South,Virginia,Hampton,Furniture,Furnishings,186.5400,41.0388,3,1
2015-11-08,2015,4,11,November,South,Virginia,Hampton,Office Supplies,Appliances,44.4300,18.6606,3,1
2015-11-08,2015,4,11,November,South,Virginia,Hampton,Office Supplies,Art,293.7600,86.7330,12,1
2015-11-08,2015,4,11,November,South,Virginia,Hampton,Technology,Phones,226.2000,58.8120,5,1
2015-11-08,2015,4,11,November,West,California,San Diego,Office Supplies,Fasteners,5.0000,2.4000,1,1
2015-11-08,2015,4,11,November,West,California,San Diego,Technology,Accessories,371.9700,66.9546,3,1
2015-11-08,2015,4,11,November,West,California,San Francisco,Technology,Accessories,119.9000,43.1640,2,1
2015-11-08,2015,4,11,November,West,Utah,West Jordan,Furniture,Furnishings,66.6900,22.0077,3,1
2015-11-08,2015,4,11,November,West,Utah,West Jordan,Office Supplies,Binders,91.6800,28.6500,5,1
2015-11-08,2015,4,11,November,West,Utah,West Jordan,Office Supplies,Fasteners,5.0400,0.2016,3,1
2015-11-08,2015,4,11,November,West,Utah,West Jordan,Office Supplies,Paper,92.9400,41.8230,3,1
2015-11-09,2015,4,11,November,Central,Indiana,Lawrence,Office Supplies,Binders,10.7400,5.1552,3,1
2015-11-09,2015,4,11,November,Central,Missouri,Springfield,Furniture,Tables,1024.3800,215.1198,7,1
2015-11-09,2015,4,11,November,Central,Missouri,Springfield,Office Supplies,Binders,17.2200,7.9212,3,1
2015-11-09,2015,4,11,November,Central,Missouri,Springfield,Office Supplies,Envelopes,26.2200,12.3234,3,1
2015-11-09,2015,4,11,November,Central,Missouri,Springfield,Office Supplies,Paper,17.3400,8.4966,3,1
2015-11-09,2015,4,11,November,East,New York,New York City,Office Supplies,Storage,17.9400,3.0498,3,1
2015-11-09,2015,4,11,November,East,New York,New York City,Technology,Machines,2321.9000,1114.5120,2,1
2015-11-09,2015,4,11,November,East,New York,Oceanside,Office Supplies,Envelopes,12.2400,5.7528,6,1
2015-11-09,2015,4,11,November,East,New York,Oceanside,Office Supplies,Storage,244.5500,4.8910,5,1
2015-11-09,2015,4,11,November,East,New York,Oceanside,Technology,Accessories,913.9300,60.0084,7,1
2015-11-09,2015,4,11,November,East,Pennsylvania,Philadelphia,Office Supplies,Paper,11.3520,4.1151,3,1
2015-11-09,2015,4,11,November,West,California,Roseville,Office Supplies,Fasteners,2.4800,1.1656,2,1
2015-11-10,2015,4,11,November,Central,Indiana,Richmond,Office Supplies,Storage,714.3000,207.1470,5,1
2015-11-10,2015,4,11,November,Central,Minnesota,Roseville,Furniture,Furnishings,29.2200,12.8568,3,1
2015-11-10,2015,4,11,November,Central,Minnesota,Roseville,Office Supplies,Appliances,715.6400,178.9100,2,1
2015-11-10,2015,4,11,November,Central,Minnesota,Roseville,Office Supplies,Binders,74.7600,34.3896,3,1
2015-11-10,2015,4,11,November,Central,Minnesota,Roseville,Office Supplies,Storage,795.5100,143.1918,3,1
2015-11-10,2015,4,11,November,Central,Minnesota,Roseville,Technology,Copiers,549.9900,274.9950,1,1
2015-11-10,2015,4,11,November,East,Pennsylvania,Philadelphia,Office Supplies,Storage,577.5840,43.3188,6,1
2015-11-10,2015,4,11,November,West,California,Brentwood,Technology,Accessories,79.9000,35.1560,2,1
2015-11-11,2015,4,11,November,Central,Michigan,Detroit,Office Supplies,Appliances,123.8580,46.7908,2,1
2015-11-11,2015,4,11,November,Central,Michigan,Detroit,Office Supplies,Storage,418.3200,117.1296,7,1
2015-11-12,2015,4,11,November,Central,Texas,Houston,Office Supplies,Envelopes,223.8880,69.9650,7,1
2015-11-12,2015,4,11,November,Central,Texas,Houston,Office Supplies,Paper,15.5520,5.6376,3,1
2015-11-12,2015,4,11,November,Central,Texas,Houston,Office Supplies,Storage,64.7840,-14.5764,1,1
2015-11-12,2015,4,11,November,East,New York,New York City,Office Supplies,Envelopes,15.5600,7.3132,2,1
2015-11-12,2015,4,11,November,South,Florida,Plantation,Furniture,Chairs,670.0560,-55.5987,8,1
2015-11-12,2015,4,11,November,South,Florida,Plantation,Office Supplies,Art,11.7600,1.3230,5,1
2015-11-12,2015,4,11,November,South,Florida,Plantation,Office Supplies,Binders,9.9000,-7.7454,5,1
2015-11-12,2015,4,11,November,South,Florida,Plantation,Technology,Phones,100.7920,10.0792,1,1
2015-11-12,2015,4,11,November,West,California,Los Angeles,Office Supplies,Paper,15.7000,7.0650,5,1
2015-11-13,2015,4,11,November,Central,Illinois,Chicago,Furniture,Furnishings,17.4960,-7.4358,9,1
2015-11-13,2015,4,11,November,Central,Indiana,Columbus,Office Supplies,Paper,159.8500,74.8149,9,1
2015-11-13,2015,4,11,November,Central,Indiana,Columbus,Technology,Phones,50.9700,13.2522,3,1
2015-11-13,2015,4,11,November,Central,Texas,Houston,Furniture,Bookcases,613.9992,-18.0588,3,1
2015-11-13,2015,4,11,November,East,Delaware,Newark,Furniture,Bookcases,299.9700,56.9943,3,1
2015-11-13,2015,4,11,November,East,Delaware,Newark,Office Supplies,Paper,42.2800,19.8716,7,1
2015-11-13,2015,4,11,November,East,Delaware,Newark,Technology,Phones,467.9500,137.6829,5,1
2015-11-13,2015,4,11,November,South,Florida,Miami,Office Supplies,Binders,121.1040,-100.9200,6,1
2015-11-13,2015,4,11,November,South,Florida,Miami,Technology,Accessories,111.9600,-1.3995,5,1
2015-11-13,2015,4,11,November,South,North Carolina,Jacksonville,Office Supplies,Paper,115.2960,40.3536,3,1
2015-11-13,2015,4,11,November,South,Tennessee,Lebanon,Office Supplies,Storage,84.9600,6.3720,6,1
2015-11-13,2015,4,11,November,West,California,San Bernardino,Furniture,Bookcases,683.3320,-40.1960,4,1
2015-11-13,2015,4,11,November,West,California,San Bernardino,Office Supplies,Binders,9.8720,3.4552,2,1
2015-11-13,2015,4,11,November,West,California,San Bernardino,Office Supplies,Paper,29.9600,13.4820,7,1
2015-11-13,2015,4,11,November,West,Colorado,Aurora,Furniture,Furnishings,102.3600,-3.8385,3,1
2015-11-13,2015,4,11,November,West,Colorado,Aurora,Office Supplies,Binders,36.8820,-25.8174,3,1
2015-11-13,2015,4,11,November,West,Colorado,Aurora,Technology,Accessories,238.8960,-26.8758,6,1
2015-11-13,2015,4,11,November,West,Montana,Helena,Furniture,Furnishings,63.9800,21.7532,7,1
2015-11-13,2015,4,11,November,West,Montana,Helena,Technology,Phones,339.9600,42.4950,5,1
2015-11-14,2015,4,11,November,East,Delaware,Dover,Furniture,Furnishings,76.1400,26.6490,3,1
2015-11-14,2015,4,11,November,East,Delaware,Dover,Office Supplies,Binders,19.9600,9.3812,2,1
2015-11-14,2015,4,11,November,East,New York,New York City,Office Supplies,Paper,37.0000,16.6500,5,1
2015-11-14,2015,4,11,November,East,New York,New York City,Technology,Accessories,97.5000,26.2160,4,1
2015-11-14,2015,4,11,November,East,Pennsylvania,Philadelphia,Technology,Accessories,47.9840,-1.1996,2,1
2015-11-14,2015,4,11,November,South,Virginia,Springfield,Office Supplies,Appliances,826.1100,322.1829,3,1
2015-11-14,2015,4,11,November,South,Virginia,Springfield,Office Supplies,Envelopes,33.9600,16.9800,2,1
2015-11-14,2015,4,11,November,West,New Mexico,Rio Rancho,Furniture,Chairs,1114.1920,119.5878,7,1
2015-11-14,2015,4,11,November,West,Oregon,Springfield,Office Supplies,Fasteners,8.7200,2.2890,5,1
2015-11-14,2015,4,11,November,West,Oregon,Springfield,Technology,Accessories,251.1440,34.5528,7,1
2015-11-15,2015,4,11,November,Central,Illinois,Chicago,Office Supplies,Binders,11.3640,-17.0460,3,1
2015-11-15,2015,4,11,November,Central,Illinois,Chicago,Office Supplies,Storage,250.2720,15.6420,9,1
2015-11-15,2015,4,11,November,Central,Illinois,Chicago,Office Supplies,Supplies,8.7200,-1.7440,5,1
2015-11-15,2015,4,11,November,East,New York,New York City,Office Supplies,Art,119.0400,35.7120,6,1
2015-11-15,2015,4,11,November,East,New York,New York City,Office Supplies,Binders,34.9440,11.7936,6,1
2015-11-15,2015,4,11,November,East,New York,New York City,Office Supplies,Storage,70.9500,20.5755,3,1
2015-11-15,2015,4,11,November,East,Ohio,Toledo,Office Supplies,Binders,166.9200,-116.8440,13,1
2015-11-15,2015,4,11,November,South,Virginia,Harrisonburg,Furniture,Furnishings,39.9600,14.3856,2,1
2015-11-16,2015,4,11,November,Central,Illinois,Chicago,Furniture,Furnishings,34.5040,-15.5268,2,1
2015-11-16,2015,4,11,November,Central,Illinois,Chicago,Office Supplies,Storage,21.4880,1.6116,2,1
2015-11-16,2015,4,11,November,Central,Illinois,Chicago,Technology,Phones,239.9760,26.9973,3,1
2015-11-16,2015,4,11,November,Central,Wisconsin,Milwaukee,Furniture,Furnishings,185.5800,76.0878,6,1
2015-11-16,2015,4,11,November,Central,Wisconsin,Milwaukee,Furniture,Tables,867.6600,147.5022,6,1
2015-11-16,2015,4,11,November,Central,Wisconsin,Milwaukee,Office Supplies,Paper,179.8200,84.5154,9,1
2015-11-16,2015,4,11,November,Central,Wisconsin,Milwaukee,Technology,Accessories,999.9600,229.9908,4,1
2015-11-16,2015,4,11,November,East,New York,New York City,Office Supplies,Appliances,523.2500,141.2775,5,1
2015-11-16,2015,4,11,November,West,California,San Diego,Office Supplies,Labels,18.9000,8.6940,3,1
2015-11-16,2015,4,11,November,West,Idaho,Boise,Furniture,Tables,696.4200,160.1766,2,1
2015-11-16,2015,4,11,November,West,Idaho,Boise,Technology,Phones,304.7760,22.8582,3,1
2015-11-17,2015,4,11,November,Central,Illinois,Chicago,Office Supplies,Supplies,40.9200,3.0690,5,1
2015-11-17,2015,4,11,November,Central,Oklahoma,Oklahoma City,Furniture,Chairs,1323.9000,383.9310,5,1
2015-11-17,2015,4,11,November,Central,Oklahoma,Oklahoma City,Office Supplies,Paper,106.3200,49.9704,3,1
2015-11-17,2015,4,11,November,Central,Oklahoma,Oklahoma City,Office Supplies,Storage,541.2400,5.4124,4,1
2015-11-17,2015,4,11,November,West,California,San Diego,Furniture,Chairs,225.5680,2.8196,2,1
2015-11-17,2015,4,11,November,West,California,San Diego,Furniture,Furnishings,117.5600,44.5176,7,1
2015-11-17,2015,4,11,November,West,California,San Diego,Office Supplies,Paper,32.4000,15.5520,5,1
2015-11-17,2015,4,11,November,West,California,San Diego,Office Supplies,Storage,1082.1100,60.5027,12,1
2015-11-17,2015,4,11,November,West,California,San Diego,Technology,Phones,415.9680,51.9960,4,1
2015-11-19,2015,4,11,November,East,New York,New York City,Office Supplies,Binders,5.9840,2.2440,2,1
2015-11-19,2015,4,11,November,East,New York,New York City,Technology,Phones,861.7600,249.9104,4,1
2015-11-19,2015,4,11,November,West,Nevada,Las Vegas,Office Supplies,Appliances,31.0800,8.3916,4,1
2015-11-19,2015,4,11,November,West,Washington,Seattle,Furniture,Furnishings,141.9600,22.7136,2,1
2015-11-20,2015,4,11,November,Central,Texas,Dallas,Technology,Machines,479.9880,55.9986,2,1
2015-11-20,2015,4,11,November,East,New York,New York City,Furniture,Bookcases,186.0480,9.3024,4,1
2015-11-20,2015,4,11,November,East,New York,New York City,Office Supplies,Art,71.9700,19.6623,7,1
2015-11-20,2015,4,11,November,East,New York,New York City,Office Supplies,Paper,19.6500,9.0390,3,1
2015-11-20,2015,4,11,November,East,Ohio,Marion,Furniture,Furnishings,63.8240,9.5736,2,1
2015-11-20,2015,4,11,November,East,Ohio,Marion,Office Supplies,Storage,141.5520,-26.5410,3,1
2015-11-20,2015,4,11,November,East,Pennsylvania,Philadelphia,Furniture,Chairs,344.3720,-93.4724,4,1
2015-11-20,2015,4,11,November,South,Florida,Miami,Furniture,Bookcases,290.3520,-36.2940,3,1
2015-11-20,2015,4,11,November,South,Florida,Miami,Office Supplies,Binders,70.1100,-56.0880,9,1
2015-11-20,2015,4,11,November,South,Florida,Miami,Office Supplies,Storage,17.4400,1.3080,2,1
2015-11-20,2015,4,11,November,West,California,Los Angeles,Office Supplies,Art,19.4600,5.0596,7,1
2015-11-20,2015,4,11,November,West,California,Oakland,Furniture,Chairs,572.1600,35.7600,3,1
2015-11-20,2015,4,11,November,West,California,Oakland,Technology,Phones,72.7440,-15.4581,7,1
2015-11-20,2015,4,11,November,West,California,San Diego,Office Supplies,Binders,89.6960,33.6360,4,1
2015-11-20,2015,4,11,November,West,California,San Diego,Office Supplies,Labels,50.1200,23.5564,4,1
2015-11-20,2015,4,11,November,West,California,San Francisco,Furniture,Furnishings,32.0400,8.0100,3,1
2015-11-20,2015,4,11,November,West,California,San Francisco,Office Supplies,Binders,24.1920,7.5600,9,1
2015-11-20,2015,4,11,November,West,Colorado,Aurora,Furniture,Bookcases,145.7640,-247.7988,6,1
2015-11-20,2015,4,11,November,West,Colorado,Aurora,Office Supplies,Binders,14.5080,-10.7964,9,1
2015-11-20,2015,4,11,November,West,Washington,Seattle,Furniture,Furnishings,22.1400,6.4206,3,1
2015-11-20,2015,4,11,November,West,Washington,Seattle,Office Supplies,Art,119.0400,30.9504,6,1
2015-11-20,2015,4,11,November,West,Washington,Seattle,Technology,Accessories,13.9800,6.0114,2,1
2015-11-21,2015,4,11,November,Central,Indiana,Lawrence,Office Supplies,Appliances,19.7500,5.1350,5,1
2015-11-21,2015,4,11,November,Central,Indiana,Lawrence,Office Supplies,Art,10.9200,4.9140,6,1
2015-11-21,2015,4,11,November,Central,Indiana,Lawrence,Technology,Accessories,393.5400,165.2868,3,1
2015-11-21,2015,4,11,November,Central,Indiana,Lawrence,Technology,Machines,83.9000,22.6530,2,1
2015-11-21,2015,4,11,November,Central,Texas,Fort Worth,Office Supplies,Appliances,24.5880,-67.6170,3,1
2015-11-21,2015,4,11,November,Central,Texas,Fort Worth,Office Supplies,Art,5.3440,0.7348,2,1
2015-11-21,2015,4,11,November,Central,Texas,Fort Worth,Office Supplies,Binders,9.6760,-15.7110,7,1
2015-11-21,2015,4,11,November,Central,Texas,Port Arthur,Furniture,Bookcases,246.1328,-76.0116,2,1
2015-11-21,2015,4,11,November,Central,Texas,Port Arthur,Office Supplies,Labels,11.6960,3.9474,2,1
2015-11-21,2015,4,11,November,Central,Texas,Port Arthur,Technology,Copiers,439.9920,164.9970,1,1
2015-11-21,2015,4,11,November,East,Ohio,Newark,Furniture,Chairs,396.8020,-11.3372,7,1
2015-11-21,2015,4,11,November,East,Ohio,Newark,Office Supplies,Supplies,15.8800,-3.7715,5,1
2015-11-21,2015,4,11,November,East,Pennsylvania,Philadelphia,Furniture,Tables,1252.7040,-480.2032,8,1
2015-11-21,2015,4,11,November,East,Pennsylvania,Philadelphia,Technology,Phones,110.9700,-24.0435,5,1
2015-11-21,2015,4,11,November,South,North Carolina,Monroe,Furniture,Furnishings,18.1760,4.7712,1,1
2015-11-21,2015,4,11,November,West,Arizona,Phoenix,Office Supplies,Appliances,325.6320,28.4928,6,1
2015-11-21,2015,4,11,November,West,Arizona,Phoenix,Office Supplies,Labels,16.5200,5.3690,5,1
2015-11-21,2015,4,11,November,West,Arizona,Phoenix,Technology,Accessories,23.3440,-1.4590,2,1
2015-11-21,2015,4,11,November,West,Nevada,Las Vegas,Furniture,Bookcases,141.9600,41.1684,2,1
2015-11-21,2015,4,11,November,West,Nevada,Las Vegas,Office Supplies,Binders,66.0480,23.1168,4,1
2015-11-22,2015,4,11,November,Central,Texas,Fort Worth,Office Supplies,Appliances,68.8100,-123.8580,5,1
2015-11-22,2015,4,11,November,Central,Texas,Fort Worth,Office Supplies,Binders,2.5440,-3.8160,3,1
2015-11-22,2015,4,11,November,Central,Texas,Frisco,Technology,Accessories,27.1680,-1.3584,4,1
2015-11-22,2015,4,11,November,Central,Texas,San Antonio,Furniture,Tables,206.9620,-32.5226,2,1
2015-11-22,2015,4,11,November,East,Massachusetts,Cambridge,Office Supplies,Art,17.1200,4.9648,4,1
2015-11-22,2015,4,11,November,East,Massachusetts,Cambridge,Office Supplies,Paper,59.9400,28.1718,3,1
2015-11-22,2015,4,11,November,East,Massachusetts,Quincy,Office Supplies,Paper,14.9400,7.0218,3,1
2015-11-22,2015,4,11,November,East,Pennsylvania,Philadelphia,Office Supplies,Binders,11.6100,-9.2880,2,1
2015-11-22,2015,4,11,November,South,Florida,Hialeah,Technology,Machines,32.9850,-1.9791,3,1
2015-11-22,2015,4,11,November,South,Tennessee,Memphis,Office Supplies,Binders,2.9460,-2.0622,2,1
2015-11-22,2015,4,11,November,South,Tennessee,Memphis,Office Supplies,Fasteners,55.1040,18.5976,6,1
2015-11-22,2015,4,11,November,West,California,Los Angeles,Office Supplies,Paper,80.7400,37.4712,12,1
2015-11-22,2015,4,11,November,West,California,Los Angeles,Office Supplies,Storage,33.6300,10.0890,3,1
2015-11-23,2015,4,11,November,Central,Texas,San Antonio,Office Supplies,Binders,23.9120,-40.6504,2,1
2015-11-23,2015,4,11,November,Central,Texas,San Antonio,Office Supplies,Paper,335.5200,117.4320,4,1
2015-11-23,2015,4,11,November,Central,Texas,San Antonio,Office Supplies,Storage,27.0560,2.3674,2,1
2015-11-23,2015,4,11,November,East,Delaware,Wilmington,Office Supplies,Art,13.1200,5.6416,4,1
2015-11-23,2015,4,11,November,East,Delaware,Wilmington,Office Supplies,Envelopes,16.5600,7.7832,2,1
2015-11-23,2015,4,11,November,East,Delaware,Wilmington,Office Supplies,Paper,82.9800,39.3894,12,1
2015-11-23,2015,4,11,November,East,Delaware,Wilmington,Technology,Phones,307.9800,89.3142,2,1
2015-11-23,2015,4,11,November,East,New Jersey,Morristown,Office Supplies,Appliances,2625.1200,735.0336,8,1
2015-11-23,2015,4,11,November,East,New Jersey,Morristown,Office Supplies,Art,17.9400,4.4850,3,1
2015-11-24,2015,4,11,November,West,California,Los Angeles,Furniture,Furnishings,79.7600,22.3328,4,1
2015-11-24,2015,4,11,November,West,California,Los Angeles,Office Supplies,Art,14.7000,6.6150,5,1
2015-11-24,2015,4,11,November,West,California,Los Angeles,Office Supplies,Binders,120.3840,40.0536,16,2
2015-11-24,2015,4,11,November,West,California,Los Angeles,Office Supplies,Paper,535.0800,259.0602,15,3
2015-11-24,2015,4,11,November,West,California,Los Angeles,Office Supplies,Storage,454.8600,54.5832,7,1
2015-11-24,2015,4,11,November,West,California,Los Angeles,Technology,Accessories,13.9800,6.1512,2,1
2015-11-25,2015,4,11,November,South,North Carolina,Wilmington,Office Supplies,Art,13.1200,1.4760,5,1
2015-11-26,2015,4,11,November,Central,Missouri,Springfield,Technology,Copiers,599.9900,233.9961,1,1
2015-11-26,2015,4,11,November,East,Massachusetts,Leominster,Office Supplies,Binders,75.7700,37.4431,7,1
2015-11-26,2015,4,11,November,East,Massachusetts,Leominster,Office Supplies,Paper,10.9500,5.1465,3,1
2015-11-26,2015,4,11,November,East,Massachusetts,Leominster,Office Supplies,Storage,104.9000,25.1760,5,1
2015-11-26,2015,4,11,November,South,Tennessee,Jackson,Furniture,Furnishings,692.4720,190.4298,11,1
2015-11-27,2015,4,11,November,East,Delaware,Newark,Technology,Accessories,104.9700,7.3479,3,1
2015-11-27,2015,4,11,November,East,Delaware,Newark,Technology,Phones,83.9700,23.5116,3,1
2015-11-27,2015,4,11,November,East,Massachusetts,Everett,Furniture,Bookcases,170.9800,32.4862,1,1
2015-11-27,2015,4,11,November,East,Massachusetts,Everett,Furniture,Furnishings,38.9700,4.6764,3,1
2015-11-27,2015,4,11,November,East,Massachusetts,Everett,Furniture,Tables,446.0680,0.0000,4,1
2015-11-27,2015,4,11,November,East,Massachusetts,Everett,Office Supplies,Paper,254.9200,117.1152,14,1
2015-11-27,2015,4,11,November,East,Massachusetts,Everett,Technology,Accessories,259.9800,88.3932,2,1
2015-11-27,2015,4,11,November,East,New York,New York City,Office Supplies,Art,29.7900,12.5118,3,1
2015-11-27,2015,4,11,November,East,Pennsylvania,Philadelphia,Technology,Phones,748.7520,-162.2296,8,1
2015-11-27,2015,4,11,November,South,Arkansas,Fayetteville,Office Supplies,Binders,6.2400,3.0576,2,1
2015-11-27,2015,4,11,November,South,Florida,Pembroke Pines,Furniture,Tables,375.4575,-157.0095,3,1
2015-11-27,2015,4,11,November,South,Florida,Pembroke Pines,Technology,Accessories,83.9760,-1.0497,3,1
2015-11-27,2015,4,11,November,West,California,Lake Elsinore,Furniture,Chairs,283.9200,17.7450,5,1
2015-11-27,2015,4,11,November,West,California,Los Angeles,Office Supplies,Paper,113.8200,53.4954,3,1
2015-11-27,2015,4,11,November,West,California,Los Angeles,Technology,Accessories,107.9700,22.6737,3,1
2015-11-28,2015,4,11,November,Central,Illinois,Champaign,Furniture,Furnishings,151.9600,-182.3520,5,1
2015-11-28,2015,4,11,November,Central,Illinois,Chicago,Furniture,Furnishings,12.1320,-8.4924,9,1
2015-11-28,2015,4,11,November,Central,Illinois,Chicago,Office Supplies,Storage,136.2880,-15.5184,7,1
2015-11-28,2015,4,11,November,Central,Illinois,Chicago,Technology,Phones,647.9040,56.6916,6,1
2015-11-28,2015,4,11,November,Central,Texas,Austin,Office Supplies,Paper,335.5200,117.4320,4,1
2015-11-28,2015,4,11,November,East,New York,Freeport,Furniture,Furnishings,322.5900,64.5180,3,1
2015-11-28,2015,4,11,November,East,New York,New York City,Furniture,Furnishings,68.1600,27.9456,3,1
2015-11-28,2015,4,11,November,East,New York,New York City,Office Supplies,Envelopes,62.2400,29.2528,8,1
2015-11-28,2015,4,11,November,East,Ohio,Columbus,Furniture,Furnishings,71.1200,9.7790,5,1
2015-11-28,2015,4,11,November,East,Ohio,Columbus,Office Supplies,Fasteners,3.0080,0.5640,2,1
2015-11-28,2015,4,11,November,West,California,San Francisco,Office Supplies,Appliances,45.2800,15.3952,4,1
2015-11-28,2015,4,11,November,West,New Mexico,Las Cruces,Office Supplies,Art,8.2800,3.4776,2,1
2015-11-29,2015,4,11,November,Central,Michigan,Dearborn,Furniture,Chairs,301.9600,87.5684,2,1
2015-11-29,2015,4,11,November,Central,Michigan,Dearborn,Office Supplies,Appliances,555.2100,178.9010,5,1
2015-11-29,2015,4,11,November,Central,Michigan,Dearborn,Office Supplies,Art,161.8200,46.9278,9,1
2015-11-29,2015,4,11,November,Central,Michigan,Dearborn,Office Supplies,Storage,523.4800,130.8700,4,1
2015-11-29,2015,4,11,November,Central,Michigan,Detroit,Furniture,Chairs,1106.9100,121.7601,9,1
2015-11-29,2015,4,11,November,Central,Michigan,Detroit,Office Supplies,Paper,19.9200,9.3624,4,1
2015-11-29,2015,4,11,November,Central,Texas,Allen,Office Supplies,Binders,8.7840,-13.6152,4,1
2015-11-29,2015,4,11,November,Central,Texas,Allen,Technology,Accessories,21.4800,-0.2685,3,1
2015-11-29,2015,4,11,November,West,California,San Francisco,Office Supplies,Binders,4.3040,1.5602,1,1
2015-11-29,2015,4,11,November,West,California,Santa Ana,Office Supplies,Art,56.3000,15.7640,2,1
2015-11-30,2015,4,11,November,Central,Texas,Austin,Office Supplies,Binders,3.8820,-5.8230,3,1
2015-11-30,2015,4,11,November,East,New York,New York City,Furniture,Bookcases,681.4080,42.5880,12,1
2015-11-30,2015,4,11,November,East,New York,New York City,Office Supplies,Paper,23.6600,10.8836,7,1
2015-11-30,2015,4,11,November,East,Pennsylvania,Philadelphia,Office Supplies,Binders,152.9910,-122.3928,3,1
2015-11-30,2015,4,11,November,East,Pennsylvania,Philadelphia,Office Supplies,Fasteners,10.5840,-2.3814,7,1
2015-11-30,2015,4,11,November,East,Pennsylvania,Philadelphia,Technology,Phones,94.9200,15.8200,4,1
2015-11-30,2015,4,11,November,South,Kentucky,Henderson,Office Supplies,Envelopes,89.3600,40.5616,4,1
2015-11-30,2015,4,11,November,South,North Carolina,Durham,Furniture,Furnishings,335.7440,25.1808,2,1
2015-11-30,2015,4,11,November,South,North Carolina,Durham,Office Supplies,Appliances,98.3520,9.8352,3,1
2015-11-30,2015,4,11,November,South,North Carolina,Durham,Office Supplies,Binders,6.0480,-4.2336,7,1
2015-11-30,2015,4,11,November,South,North Carolina,Jacksonville,Furniture,Furnishings,17.0880,1.0680,2,1
2015-11-30,2015,4,11,November,South,North Carolina,Raleigh,Technology,Phones,177.4800,19.9665,3,1
2015-11-30,2015,4,11,November,West,Nevada,Las Vegas,Furniture,Furnishings,80.9600,29.1456,4,1
2015-11-30,2015,4,11,November,West,Nevada,Las Vegas,Office Supplies,Paper,25.9200,12.4416,4,1
2015-12-01,2015,4,12,December,Central,Michigan,Jackson,Office Supplies,Art,3.6400,1.0192,2,1
2015-12-01,2015,4,12,December,Central,Michigan,Jackson,Office Supplies,Paper,37.9800,18.0450,5,1
2015-12-01,2015,4,12,December,Central,Texas,Houston,Furniture,Furnishings,6.6880,-4.0128,4,1
2015-12-01,2015,4,12,December,South,Virginia,Chesapeake,Office Supplies,Binders,63.9600,30.7008,4,1
2015-12-01,2015,4,12,December,South,Virginia,Chesapeake,Office Supplies,Storage,61.6800,16.6536,4,1
2015-12-01,2015,4,12,December,West,California,San Diego,Furniture,Chairs,2676.6720,267.6672,9,1
2015-12-01,2015,4,12,December,West,Washington,Seattle,Furniture,Chairs,2003.9200,125.2450,5,1
2015-12-01,2015,4,12,December,West,Washington,Seattle,Furniture,Tables,1913.4000,401.8140,9,1
2015-12-01,2015,4,12,December,West,Washington,Seattle,Office Supplies,Art,13.9000,5.5600,5,1
2015-12-01,2015,4,12,December,West,Washington,Seattle,Office Supplies,Binders,55.4240,19.3984,2,1
2015-12-01,2015,4,12,December,West,Washington,Seattle,Office Supplies,Paper,146.6000,68.0840,10,1
2015-12-01,2015,4,12,December,West,Washington,Seattle,Office Supplies,Storage,146.7300,2.9346,3,1
2015-12-03,2015,4,12,December,East,New Hampshire,Concord,Office Supplies,Paper,184.6600,84.9436,7,1
2015-12-03,2015,4,12,December,East,New York,New York City,Office Supplies,Binders,601.1040,209.9832,10,2
2015-12-03,2015,4,12,December,East,Pennsylvania,Philadelphia,Furniture,Furnishings,2.9600,0.7770,1,1
2015-12-03,2015,4,12,December,East,Pennsylvania,Philadelphia,Office Supplies,Paper,16.4480,5.5512,2,1
2015-12-03,2015,4,12,December,East,Pennsylvania,Philadelphia,Technology,Accessories,36.7840,10.5754,2,1
2015-12-03,2015,4,12,December,East,Pennsylvania,Philadelphia,Technology,Machines,482.3400,-337.6380,4,1
2015-12-03,2015,4,12,December,South,North Carolina,Jacksonville,Furniture,Furnishings,77.9520,12.6672,3,1
2015-12-03,2015,4,12,December,South,North Carolina,Jacksonville,Office Supplies,Art,9.3440,1.1680,2,1
2015-12-03,2015,4,12,December,South,North Carolina,Jacksonville,Office Supplies,Binders,95.9700,-73.5770,5,1
2015-12-03,2015,4,12,December,South,North Carolina,Jacksonville,Technology,Phones,105.5840,9.2386,2,1
2015-12-03,2015,4,12,December,West,California,San Francisco,Furniture,Bookcases,359.4990,-29.6058,3,1
2015-12-04,2015,4,12,December,Central,Missouri,Springfield,Office Supplies,Paper,85.9600,40.4012,7,1
2015-12-04,2015,4,12,December,East,New York,Hempstead,Furniture,Chairs,726.1740,76.4312,7,1
2015-12-04,2015,4,12,December,East,New York,Hempstead,Furniture,Furnishings,28.4400,11.3760,3,1
2015-12-04,2015,4,12,December,East,New York,Hempstead,Technology,Phones,39.9600,10.3896,4,1
2015-12-04,2015,4,12,December,East,New York,New York City,Furniture,Chairs,384.1740,29.8802,7,1
2015-12-04,2015,4,12,December,East,New York,New York City,Office Supplies,Envelopes,17.9400,8.7906,3,1
2015-12-04,2015,4,12,December,East,New York,New York City,Technology,Phones,1799.7500,539.9250,5,1
2015-12-04,2015,4,12,December,South,Florida,Tallahassee,Office Supplies,Binders,8.2260,-6.0324,3,1
2015-12-04,2015,4,12,December,South,Tennessee,Clarksville,Office Supplies,Art,36.9600,12.0120,4,1
2015-12-04,2015,4,12,December,South,Tennessee,Clarksville,Office Supplies,Binders,1598.0580,-1065.3720,7,1
2015-12-04,2015,4,12,December,West,California,Lakewood,Furniture,Furnishings,25.0800,9.0288,6,1
2015-12-04,2015,4,12,December,West,California,Lakewood,Office Supplies,Art,16.9000,6.2530,5,1
2015-12-04,2015,4,12,December,West,California,Los Angeles,Furniture,Furnishings,36.4000,13.8320,5,1
2015-12-04,2015,4,12,December,West,California,Los Angeles,Office Supplies,Envelopes,271.4400,122.1480,3,1
2015-12-04,2015,4,12,December,West,California,Los Angeles,Technology,Phones,110.3520,8.2764,3,1
2015-12-05,2015,4,12,December,Central,Illinois,Bloomington,Office Supplies,Envelopes,12.2240,4.4312,2,1
2015-12-05,2015,4,12,December,Central,Michigan,Ann Arbor,Office Supplies,Binders,152.8000,76.4000,5,1
2015-12-05,2015,4,12,December,Central,Texas,Dallas,Office Supplies,Art,45.0400,4.5040,2,1
2015-12-05,2015,4,12,December,East,New York,New York City,Furniture,Chairs,164.6460,12.8058,3,1
2015-12-05,2015,4,12,December,East,New York,New York City,Office Supplies,Binders,232.4000,78.4350,5,1
2015-12-05,2015,4,12,December,East,New York,New York City,Office Supplies,Paper,22.6800,11.1132,2,1
2015-12-05,2015,4,12,December,East,Pennsylvania,Philadelphia,Office Supplies,Binders,26.0640,-19.9824,6,1
2015-12-05,2015,4,12,December,East,Pennsylvania,Philadelphia,Technology,Accessories,47.9840,0.5998,2,1
2015-12-05,2015,4,12,December,South,Tennessee,Nashville,Furniture,Chairs,97.4240,10.9602,2,1
2015-12-05,2015,4,12,December,West,California,Los Angeles,Office Supplies,Labels,12.6000,6.0480,4,1
2015-12-05,2015,4,12,December,West,California,Los Angeles,Technology,Accessories,39.0000,17.5500,3,1
2015-12-05,2015,4,12,December,West,California,San Diego,Furniture,Furnishings,44.4600,14.6718,2,1
2015-12-06,2015,4,12,December,Central,Indiana,Indianapolis,Technology,Copiers,999.9800,449.9910,2,1
2015-12-06,2015,4,12,December,Central,Texas,Austin,Office Supplies,Binders,2.7720,-4.8510,7,1
2015-12-06,2015,4,12,December,East,New York,New York City,Furniture,Furnishings,113.9200,42.1504,4,1
2015-12-06,2015,4,12,December,East,New York,New York City,Office Supplies,Paper,48.3400,23.6218,8,1
2015-12-06,2015,4,12,December,East,New York,New York City,Technology,Accessories,1619.9100,97.1946,9,1
2015-12-06,2015,4,12,December,East,Ohio,Marion,Furniture,Chairs,70.6860,-24.2352,1,1
2015-12-06,2015,4,12,December,East,Ohio,Marion,Office Supplies,Art,37.3760,4.6720,8,1
2015-12-06,2015,4,12,December,East,Ohio,Marion,Technology,Phones,485.9400,-89.0890,2,1
2015-12-06,2015,4,12,December,East,Ohio,Troy,Office Supplies,Binders,14.8320,-10.3824,3,1
2015-12-06,2015,4,12,December,South,Virginia,Arlington,Technology,Phones,173.9400,50.4426,6,1
2015-12-06,2015,4,12,December,West,Arizona,Tucson,Furniture,Furnishings,206.1120,48.9516,6,1
2015-12-06,2015,4,12,December,West,Arizona,Tucson,Office Supplies,Art,86.3040,9.7092,6,1
2015-12-06,2015,4,12,December,West,Arizona,Tucson,Office Supplies,Paper,218.1920,68.6830,13,1
2015-12-06,2015,4,12,December,West,Arizona,Tucson,Office Supplies,Storage,247.1040,-58.6872,6,1
2015-12-06,2015,4,12,December,West,California,San Diego,Office Supplies,Art,120.1500,33.6420,9,1
2015-12-06,2015,4,12,December,West,California,San Diego,Technology,Phones,219.1840,19.1786,2,1
2015-12-06,2015,4,12,December,West,California,San Francisco,Office Supplies,Appliances,7.7800,2.0228,2,1
2015-12-06,2015,4,12,December,West,California,Santa Barbara,Office Supplies,Paper,8.9600,4.3904,2,1
2015-12-06,2015,4,12,December,West,California,Thousand Oaks,Office Supplies,Paper,32.7500,15.0650,5,1
2015-12-06,2015,4,12,December,West,Nevada,North Las Vegas,Office Supplies,Labels,14.9400,6.8724,3,1
2015-12-06,2015,4,12,December,West,Nevada,North Las Vegas,Office Supplies,Paper,6.4800,3.1104,1,1
2015-12-06,2015,4,12,December,West,Nevada,North Las Vegas,Office Supplies,Storage,1325.8500,238.6530,5,1
2015-12-07,2015,4,12,December,East,New York,New York City,Office Supplies,Binders,28.0480,9.5498,7,1
2015-12-07,2015,4,12,December,East,New York,New York City,Technology,Phones,773.9400,224.4426,6,1
2015-12-07,2015,4,12,December,South,Kentucky,Henderson,Furniture,Chairs,283.9200,70.9800,4,1
2015-12-07,2015,4,12,December,South,Kentucky,Henderson,Office Supplies,Appliances,152.9400,41.2938,3,1
2015-12-07,2015,4,12,December,West,California,Los Angeles,Furniture,Furnishings,79.9200,28.7712,4,1
2015-12-07,2015,4,12,December,West,California,Riverside,Office Supplies,Paper,12.9600,6.2208,2,1
2015-12-07,2015,4,12,December,West,Washington,Seattle,Office Supplies,Fasteners,3.9600,0.0000,2,1
2015-12-07,2015,4,12,December,West,Washington,Seattle,Office Supplies,Labels,2.6100,1.2006,1,1
2015-12-08,2015,4,12,December,Central,Texas,Fort Worth,Office Supplies,Paper,360.7120,130.7581,11,1
2015-12-08,2015,4,12,December,Central,Texas,Fort Worth,Technology,Phones,1718.4000,150.3600,6,1
2015-12-08,2015,4,12,December,Central,Texas,Houston,Technology,Phones,119.9600,11.9960,5,1
2015-12-08,2015,4,12,December,West,California,Los Angeles,Office Supplies,Storage,221.9600,4.4392,2,1
2015-12-08,2015,4,12,December,West,California,Los Angeles,Technology,Accessories,236.0000,40.1200,4,1
2015-12-08,2015,4,12,December,West,Colorado,Colorado Springs,Office Supplies,Paper,15.6960,5.1012,3,1
2015-12-09,2015,4,12,December,Central,Indiana,Columbus,Office Supplies,Paper,34.0200,16.6698,3,1
2015-12-10,2015,4,12,December,Central,Illinois,Chicago,Office Supplies,Appliances,53.0880,-108.8304,7,1
2015-12-10,2015,4,12,December,Central,Michigan,Jackson,Furniture,Chairs,191.9600,32.6332,2,1
2015-12-10,2015,4,12,December,Central,Michigan,Jackson,Furniture,Tables,801.9600,200.4900,2,1
2015-12-10,2015,4,12,December,Central,Michigan,Jackson,Office Supplies,Art,3.9000,1.5210,2,1
2015-12-10,2015,4,12,December,Central,Michigan,Jackson,Office Supplies,Labels,2.6100,1.2006,1,1
2015-12-10,2015,4,12,December,East,Maryland,Baltimore,Furniture,Chairs,542.9400,141.1644,3,1
2015-12-10,2015,4,12,December,East,Maryland,Baltimore,Office Supplies,Art,27.3600,9.3024,9,1
2015-12-10,2015,4,12,December,East,Maryland,Baltimore,Office Supplies,Paper,71.1500,33.2570,10,1
2015-12-10,2015,4,12,December,East,Maryland,Baltimore,Technology,Phones,134.9900,36.4473,1,1
2015-12-10,2015,4,12,December,East,New York,New York City,Office Supplies,Labels,7.3100,3.4357,1,1
2015-12-10,2015,4,12,December,East,New York,New York City,Office Supplies,Paper,225.9400,103.9324,13,1
2015-12-10,2015,4,12,December,East,New York,New York City,Technology,Copiers,799.9840,249.9950,2,1
2015-12-10,2015,4,12,December,East,Ohio,Cleveland,Technology,Accessories,25.4880,4.4604,2,1
2015-12-10,2015,4,12,December,South,Georgia,Roswell,Office Supplies,Art,1.7800,0.4984,1,1
2015-12-10,2015,4,12,December,South,Georgia,Roswell,Office Supplies,Paper,25.9200,12.4416,4,1
2015-12-10,2015,4,12,December,South,Georgia,Roswell,Technology,Accessories,101.9400,21.4074,6,1
2015-12-10,2015,4,12,December,West,California,Los Angeles,Office Supplies,Art,56.3000,15.7640,2,1
2015-12-10,2015,4,12,December,West,California,San Francisco,Office Supplies,Labels,5.7600,2.8224,2,1
2015-12-11,2015,4,12,December,Central,Michigan,Detroit,Office Supplies,Binders,23.0000,10.3500,2,1
2015-12-11,2015,4,12,December,Central,Michigan,Detroit,Technology,Accessories,175.2300,61.3305,11,1
2015-12-11,2015,4,12,December,Central,Michigan,Detroit,Technology,Phones,125.9900,31.4975,1,1
2015-12-11,2015,4,12,December,Central,Texas,Houston,Office Supplies,Storage,46.3440,4.6344,3,1
2015-12-11,2015,4,12,December,Central,Texas,Houston,Technology,Accessories,159.9840,35.9964,2,1
2015-12-11,2015,4,12,December,East,Ohio,Troy,Office Supplies,Binders,10.3320,-7.5768,3,1
2015-12-11,2015,4,12,December,South,Florida,Jacksonville,Office Supplies,Binders,12.8280,-8.9796,2,1
2015-12-11,2015,4,12,December,South,Virginia,Suffolk,Office Supplies,Labels,196.6200,96.3438,2,1
2015-12-11,2015,4,12,December,West,California,San Bernardino,Office Supplies,Binders,110.5280,38.6848,4,1
2015-12-11,2015,4,12,December,West,Colorado,Colorado Springs,Furniture,Bookcases,69.5760,-143.7904,4,1
2015-12-11,2015,4,12,December,West,Colorado,Colorado Springs,Furniture,Furnishings,107.3360,26.0536,14,1
2015-12-11,2015,4,12,December,West,Colorado,Colorado Springs,Furniture,Tables,364.9500,-248.1660,5,1
2015-12-11,2015,4,12,December,West,Colorado,Colorado Springs,Office Supplies,Art,17.3440,1.6232,8,1
2015-12-11,2015,4,12,December,West,Colorado,Colorado Springs,Office Supplies,Paper,112.7520,38.4000,6,1
2015-12-11,2015,4,12,December,West,Colorado,Colorado Springs,Technology,Accessories,58.0800,-6.5340,4,1
2015-12-12,2015,4,12,December,Central,Texas,Austin,Technology,Accessories,22.3680,6.4308,4,1
2015-12-12,2015,4,12,December,East,Maryland,Baltimore,Office Supplies,Art,8.2200,2.2194,3,1
2015-12-12,2015,4,12,December,West,California,Chico,Office Supplies,Art,2.2100,0.5967,1,1
2015-12-12,2015,4,12,December,West,California,Chico,Office Supplies,Envelopes,15.5200,7.4496,4,1
2015-12-12,2015,4,12,December,West,California,Chico,Office Supplies,Paper,36.4400,16.3980,4,1
2015-12-12,2015,4,12,December,West,California,Lancaster,Furniture,Chairs,348.9280,34.8928,2,1
2015-12-12,2015,4,12,December,West,California,Los Angeles,Office Supplies,Supplies,25.7600,0.5152,7,1
2015-12-12,2015,4,12,December,West,California,Los Angeles,Technology,Accessories,299.9400,128.9742,6,1
2015-12-12,2015,4,12,December,West,California,San Diego,Office Supplies,Binders,24.4480,8.8624,2,1
2015-12-12,2015,4,12,December,West,California,San Diego,Office Supplies,Fasteners,7.8600,3.6156,2,1
2015-12-12,2015,4,12,December,West,California,San Jose,Furniture,Furnishings,166.5000,21.6450,3,1
2015-12-12,2015,4,12,December,West,California,San Jose,Office Supplies,Storage,360.3800,93.6988,2,1
2015-12-12,2015,4,12,December,West,Nevada,Las Vegas,Office Supplies,Paper,130.2800,64.8160,7,1
2015-12-13,2015,4,12,December,East,Massachusetts,Revere,Office Supplies,Binders,37.8800,18.9400,2,1
2015-12-13,2015,4,12,December,East,Massachusetts,Revere,Office Supplies,Paper,19.4400,9.3312,3,1
2015-12-13,2015,4,12,December,West,California,Los Angeles,Office Supplies,Labels,9.9600,4.5816,2,1
2015-12-13,2015,4,12,December,West,California,Riverside,Office Supplies,Appliances,134.4800,34.9648,4,1
2015-12-13,2015,4,12,December,West,California,Riverside,Office Supplies,Paper,12.9600,6.2208,2,1
2015-12-13,2015,4,12,December,West,California,Temecula,Office Supplies,Binders,29.2000,9.8550,5,1
2015-12-13,2015,4,12,December,West,California,Temecula,Technology,Accessories,285.0900,42.5943,6,1
2015-12-13,2015,4,12,December,West,California,Temecula,Technology,Phones,494.3760,49.4376,3,1
2015-12-14,2015,4,12,December,South,Georgia,Columbus,Office Supplies,Binders,3.7600,1.8048,2,1
2015-12-14,2015,4,12,December,South,Mississippi,Jackson,Furniture,Furnishings,6.1600,1.9712,2,1
2015-12-14,2015,4,12,December,South,Mississippi,Jackson,Office Supplies,Art,56.3000,15.7640,2,1
2015-12-14,2015,4,12,December,West,California,Costa Mesa,Furniture,Furnishings,29.2200,12.8568,3,1
2015-12-14,2015,4,12,December,West,California,Los Angeles,Furniture,Furnishings,15.2400,5.1816,3,1
2015-12-14,2015,4,12,December,West,California,Los Angeles,Furniture,Tables,273.5680,10.2588,2,1
2015-12-14,2015,4,12,December,West,California,Los Angeles,Office Supplies,Binders,89.5120,32.2827,5,1
2015-12-14,2015,4,12,December,West,California,Los Angeles,Office Supplies,Paper,6.4800,3.1104,1,1
2015-12-14,2015,4,12,December,West,California,Los Angeles,Technology,Accessories,50.0000,10.5000,2,1
2015-12-14,2015,4,12,December,West,California,San Diego,Office Supplies,Binders,8.0960,2.7324,2,1
2015-12-14,2015,4,12,December,West,Oregon,Portland,Technology,Phones,319.9680,35.9964,4,1
2015-12-15,2015,4,12,December,East,New York,New York City,Office Supplies,Art,3.2800,1.4104,1,1
2015-12-15,2015,4,12,December,East,Ohio,Newark,Furniture,Furnishings,262.8640,69.0018,7,1
2015-12-15,2015,4,12,December,East,Ohio,Newark,Technology,Accessories,2025.3600,607.6080,6,1
2015-12-15,2015,4,12,December,East,Ohio,Newark,Technology,Machines,1799.9940,-2639.9912,2,1
2015-12-15,2015,4,12,December,East,Ohio,Newark,Technology,Phones,101.9880,-16.9980,2,1
2015-12-15,2015,4,12,December,South,North Carolina,Cary,Technology,Phones,246.1680,21.5397,3,1
2015-12-15,2015,4,12,December,West,Washington,Seattle,Office Supplies,Appliances,103.9200,36.3720,4,1
2015-12-15,2015,4,12,December,West,Washington,Seattle,Office Supplies,Binders,51.3120,18.6006,3,1
2015-12-15,2015,4,12,December,West,Washington,Seattle,Technology,Accessories,899.9100,377.9622,9,1
2015-12-16,2015,4,12,December,West,Washington,Seattle,Office Supplies,Paper,4.9800,2.3406,1,1
2015-12-17,2015,4,12,December,Central,Illinois,Bloomington,Furniture,Furnishings,41.5520,-19.7372,2,1
2015-12-17,2015,4,12,December,Central,Illinois,Bloomington,Office Supplies,Art,13.1200,1.4760,5,1
2015-12-17,2015,4,12,December,Central,Illinois,Bloomington,Office Supplies,Storage,180.0160,-15.7514,1,1
2015-12-17,2015,4,12,December,Central,Michigan,Detroit,Furniture,Chairs,991.9600,223.5726,14,1
2015-12-17,2015,4,12,December,Central,Michigan,Detroit,Furniture,Furnishings,212.1300,14.8491,3,1
2015-12-17,2015,4,12,December,Central,Michigan,Detroit,Office Supplies,Binders,29.5200,14.4648,4,1
2015-12-17,2015,4,12,December,West,California,Los Angeles,Office Supplies,Art,221.2500,60.3130,10,1
2015-12-17,2015,4,12,December,West,California,Los Angeles,Office Supplies,Binders,92.9600,31.3740,2,1
2015-12-17,2015,4,12,December,West,California,Los Angeles,Technology,Phones,135.9840,16.9980,2,1
2015-12-18,2015,4,12,December,East,New York,New York City,Technology,Accessories,166.2400,24.9360,1,1
2015-12-18,2015,4,12,December,East,Ohio,Cleveland,Office Supplies,Paper,20.7360,7.2576,4,1
2015-12-18,2015,4,12,December,East,Ohio,Springfield,Office Supplies,Storage,646.7760,-145.5246,9,1
2015-12-18,2015,4,12,December,South,Tennessee,Memphis,Furniture,Furnishings,20.3200,3.5560,5,1
2015-12-18,2015,4,12,December,South,Tennessee,Memphis,Office Supplies,Envelopes,55.9360,18.8784,8,1
2015-12-18,2015,4,12,December,South,Tennessee,Memphis,Office Supplies,Labels,18.4320,5.9904,8,1
2015-12-18,2015,4,12,December,West,Colorado,Louisville,Office Supplies,Art,6.8480,0.5992,2,1
2015-12-19,2015,4,12,December,Central,Illinois,Chicago,Technology,Accessories,25.4880,4.7790,2,1
2015-12-19,2015,4,12,December,Central,Illinois,Glenview,Technology,Phones,158.3760,13.8579,3,1
2015-12-19,2015,4,12,December,Central,Nebraska,Omaha,Office Supplies,Binders,7.0400,3.3088,2,1
2015-12-19,2015,4,12,December,Central,Nebraska,Omaha,Office Supplies,Fasteners,5.0400,0.2016,4,1
2015-12-19,2015,4,12,December,Central,Nebraska,Omaha,Office Supplies,Paper,116.2800,56.9772,3,1
2015-12-19,2015,4,12,December,East,New Hampshire,Dover,Furniture,Tables,1053.1640,-105.3164,4,1
2015-12-19,2015,4,12,December,East,New Hampshire,Dover,Office Supplies,Paper,29.9000,14.6510,5,1
2015-12-19,2015,4,12,December,East,New Hampshire,Dover,Technology,Accessories,2249.9100,517.4793,9,1
2015-12-19,2015,4,12,December,East,Pennsylvania,Philadelphia,Office Supplies,Appliances,526.7360,51.6520,9,1
2015-12-19,2015,4,12,December,East,Pennsylvania,Philadelphia,Office Supplies,Labels,6.9120,2.5056,3,1
2015-12-19,2015,4,12,December,West,California,Los Angeles,Technology,Accessories,1265.8500,556.9740,3,1
2015-12-19,2015,4,12,December,West,California,Los Angeles,Technology,Phones,675.9600,84.4950,5,1
2015-12-20,2015,4,12,December,Central,Illinois,Chicago,Furniture,Bookcases,359.0580,-71.8116,3,1
2015-12-20,2015,4,12,December,Central,Illinois,Chicago,Technology,Accessories,255.9680,51.1936,4,1
2015-12-20,2015,4,12,December,Central,Illinois,Chicago,Technology,Phones,159.9840,11.9988,2,1
2015-12-20,2015,4,12,December,Central,Texas,Austin,Office Supplies,Storage,88.8000,-2.2200,4,1
2015-12-20,2015,4,12,December,Central,Texas,Houston,Technology,Accessories,100.8000,21.4200,2,1
2015-12-20,2015,4,12,December,East,New York,Lindenhurst,Office Supplies,Paper,55.4800,26.6304,1,1
2015-12-20,2015,4,12,December,South,Florida,Miami,Office Supplies,Labels,11.6960,3.9474,2,1
2015-12-20,2015,4,12,December,South,Virginia,Arlington,Office Supplies,Appliances,36.2700,10.8810,3,1
2015-12-20,2015,4,12,December,West,Arizona,Bullhead City,Furniture,Furnishings,14.3680,3.9512,2,1
2015-12-20,2015,4,12,December,West,Arizona,Bullhead City,Office Supplies,Envelopes,7.9200,2.7720,1,1
2015-12-20,2015,4,12,December,West,California,Los Angeles,Office Supplies,Paper,17.1200,7.7040,4,1
2015-12-21,2015,4,12,December,Central,Illinois,Saint Charles,Furniture,Furnishings,51.7560,-33.6414,3,1
2015-12-21,2015,4,12,December,Central,Illinois,Saint Charles,Office Supplies,Art,59.9040,14.2272,2,1
2015-12-21,2015,4,12,December,Central,Illinois,Saint Charles,Technology,Accessories,637.4400,135.4560,8,1
2015-12-21,2015,4,12,December,Central,Illinois,Saint Charles,Technology,Machines,600.5300,137.2640,2,1
2015-12-21,2015,4,12,December,East,Ohio,Columbus,Office Supplies,Art,3.0080,0.3384,2,1
2015-12-21,2015,4,12,December,South,Florida,Daytona Beach,Office Supplies,Envelopes,27.3120,9.2178,2,1
2015-12-21,2015,4,12,December,South,Florida,Daytona Beach,Technology,Accessories,50.8800,14.6280,6,1
2015-12-21,2015,4,12,December,South,North Carolina,Jacksonville,Technology,Phones,47.9760,4.7976,3,1
2015-12-21,2015,4,12,December,West,Colorado,Colorado Springs,Office Supplies,Appliances,60.9840,4.5738,7,1
2015-12-21,2015,4,12,December,West,Washington,Seattle,Furniture,Tables,1618.3700,356.0414,13,1
2015-12-21,2015,4,12,December,West,Washington,Seattle,Technology,Accessories,99.6000,36.8520,1,1
2015-12-22,2015,4,12,December,Central,Wisconsin,Superior,Office Supplies,Art,17.1200,4.9648,4,1
2015-12-22,2015,4,12,December,East,Pennsylvania,Philadelphia,Furniture,Chairs,422.6250,0.0000,7,1
2015-12-22,2015,4,12,December,East,Pennsylvania,Philadelphia,Office Supplies,Storage,33.5680,1.6784,2,1
2015-12-23,2015,4,12,December,South,Virginia,Richmond,Office Supplies,Appliances,194.3200,56.3528,4,1
2015-12-24,2015,4,12,December,Central,Missouri,Springfield,Furniture,Furnishings,9.6800,3.7752,2,1
2015-12-24,2015,4,12,December,Central,Missouri,Springfield,Technology,Copiers,4899.9300,2302.9671,7,1
2015-12-24,2015,4,12,December,East,New York,Rochester,Office Supplies,Labels,21.5600,10.3488,7,1
2015-12-24,2015,4,12,December,East,New York,Rochester,Office Supplies,Paper,145.7500,69.9600,9,1
2015-12-24,2015,4,12,December,East,Ohio,Dublin,Furniture,Furnishings,72.7040,19.0848,4,1
2015-12-24,2015,4,12,December,East,Ohio,Dublin,Office Supplies,Art,27.1680,2.7168,2,1
2015-12-24,2015,4,12,December,East,Ohio,Dublin,Office Supplies,Binders,19.7760,-13.8432,4,1
2015-12-24,2015,4,12,December,East,Ohio,Dublin,Office Supplies,Fasteners,5.5840,1.8148,2,1
2015-12-24,2015,4,12,December,East,Ohio,Dublin,Office Supplies,Paper,22.7040,8.2302,6,1
2015-12-24,2015,4,12,December,East,Ohio,Dublin,Technology,Machines,479.9880,-383.9904,4,1
2015-12-24,2015,4,12,December,West,Arizona,Gilbert,Furniture,Chairs,883.8400,99.4320,4,1
2015-12-24,2015,4,12,December,West,Arizona,Phoenix,Furniture,Furnishings,7.7120,1.7352,2,1
2015-12-24,2015,4,12,December,West,Arizona,Phoenix,Office Supplies,Paper,106.2320,37.1812,7,1
2015-12-24,2015,4,12,December,West,Arizona,Phoenix,Technology,Phones,111.9840,11.1984,2,1
2015-12-24,2015,4,12,December,West,California,Los Angeles,Office Supplies,Binders,19.9360,7.2268,4,1
2015-12-24,2015,4,12,December,West,California,Los Angeles,Office Supplies,Fasteners,45.9200,21.5824,4,1
2015-12-24,2015,4,12,December,West,Colorado,Colorado Springs,Furniture,Bookcases,590.0580,-786.7440,7,1
2015-12-24,2015,4,12,December,West,Colorado,Colorado Springs,Office Supplies,Art,14.0400,1.5795,3,1
2015-12-25,2015,4,12,December,Central,Michigan,Detroit,Furniture,Bookcases,160.9800,20.9274,1,1
2015-12-25,2015,4,12,December,Central,Michigan,Detroit,Office Supplies,Art,3.2800,0.9512,1,1
2015-12-25,2015,4,12,December,Central,Michigan,Detroit,Office Supplies,Paper,17.3400,8.4966,3,1
2015-12-25,2015,4,12,December,Central,Michigan,Detroit,Technology,Phones,73.9800,19.9746,2,1
2015-12-25,2015,4,12,December,East,New York,New York City,Furniture,Bookcases,449.5680,56.1960,2,1
2015-12-25,2015,4,12,December,East,New York,New York City,Office Supplies,Appliances,414.9600,124.4880,2,1
2015-12-25,2015,4,12,December,East,New York,New York City,Technology,Accessories,843.9000,371.3160,2,1
2015-12-25,2015,4,12,December,East,Pennsylvania,Philadelphia,Furniture,Furnishings,547.1360,-68.3920,4,1
2015-12-25,2015,4,12,December,South,Georgia,Columbus,Furniture,Furnishings,275.8800,46.8996,6,1
2015-12-25,2015,4,12,December,South,Georgia,Columbus,Office Supplies,Binders,157.9000,74.2130,5,1
2015-12-25,2015,4,12,December,South,Tennessee,Nashville,Office Supplies,Labels,9.2160,3.3408,4,1
2015-12-25,2015,4,12,December,South,Tennessee,Nashville,Office Supplies,Paper,10.3680,3.6288,2,1
2015-12-25,2015,4,12,December,West,California,Los Angeles,Office Supplies,Paper,9.9600,4.8804,2,1
2015-12-25,2015,4,12,December,West,California,San Diego,Office Supplies,Paper,30.5400,14.2470,6,1
2015-12-25,2015,4,12,December,West,California,San Diego,Technology,Copiers,1199.9600,224.9925,5,1
2015-12-26,2015,4,12,December,Central,Texas,Houston,Furniture,Chairs,275.0580,-90.3762,3,1
2015-12-26,2015,4,12,December,East,Massachusetts,Lawrence,Office Supplies,Fasteners,22.2000,10.4340,5,1
2015-12-26,2015,4,12,December,East,New York,New York City,Office Supplies,Paper,212.6400,99.9408,6,1
2015-12-26,2015,4,12,December,East,Ohio,Medina,Furniture,Tables,51.5880,-15.4764,1,1
2015-12-27,2015,4,12,December,Central,Illinois,Chicago,Office Supplies,Storage,12.6720,-3.1680,3,1
2015-12-27,2015,4,12,December,Central,Texas,Houston,Furniture,Bookcases,532.3992,-46.9764,3,1
2015-12-27,2015,4,12,December,Central,Texas,Houston,Furniture,Chairs,212.0580,-15.1470,3,1
2015-12-27,2015,4,12,December,Central,Texas,Houston,Office Supplies,Envelopes,113.3280,35.4150,9,1
2015-12-27,2015,4,12,December,Central,Texas,Houston,Technology,Phones,371.1680,41.7564,4,1
2015-12-27,2015,4,12,December,Central,Wisconsin,Eau Claire,Office Supplies,Paper,195.6400,91.9508,4,1
2015-12-27,2015,4,12,December,Central,Wisconsin,Eau Claire,Technology,Phones,239.9000,71.9700,2,1
2015-12-27,2015,4,12,December,East,Maryland,Clinton,Office Supplies,Appliances,355.9600,103.2284,2,1
2015-12-27,2015,4,12,December,East,Maryland,Clinton,Office Supplies,Paper,28.9000,14.1610,5,1
2015-12-27,2015,4,12,December,East,Ohio,Marion,Furniture,Tables,1548.9900,-464.6970,9,1
2015-12-27,2015,4,12,December,East,Ohio,Marion,Office Supplies,Envelopes,19.8720,6.7068,3,1
2015-12-27,2015,4,12,December,South,Arkansas,Fayetteville,Office Supplies,Envelopes,105.4200,51.6558,2,1
2015-12-27,2015,4,12,December,South,Tennessee,Murfreesboro,Furniture,Bookcases,131.1040,8.1940,2,1
2015-12-27,2015,4,12,December,South,Tennessee,Murfreesboro,Furniture,Furnishings,53.3520,16.0056,3,1
2015-12-27,2015,4,12,December,South,Tennessee,Murfreesboro,Office Supplies,Storage,22.5120,2.2512,3,1
2015-12-27,2015,4,12,December,South,Tennessee,Murfreesboro,Technology,Accessories,77.4720,-12.0210,10,1
2015-12-27,2015,4,12,December,West,California,Los Angeles,Office Supplies,Appliances,106.9600,31.0184,2,1
2015-12-27,2015,4,12,December,West,California,Los Angeles,Office Supplies,Labels,21.5600,10.3488,7,1
2015-12-27,2015,4,12,December,West,California,San Francisco,Office Supplies,Storage,323.1000,61.3890,2,1
2015-12-27,2015,4,12,December,West,California,San Francisco,Technology,Phones,668.1600,75.1680,9,1
2015-12-27,2015,4,12,December,West,California,Visalia,Technology,Accessories,7.9200,3.4848,8,1
2015-12-28,2015,4,12,December,Central,Illinois,Chicago,Office Supplies,Storage,24.8160,1.5510,2,1
2015-12-28,2015,4,12,December,East,Pennsylvania,Philadelphia,Technology,Accessories,54.3840,1.3596,2,1
2015-12-29,2015,4,12,December,East,New York,New York City,Office Supplies,Supplies,6.3600,0.0636,2,1
2015-12-30,2015,4,12,December,West,California,Los Angeles,Office Supplies,Envelopes,271.4400,122.1480,3,1
2015-12-30,2015,4,12,December,West,California,Los Angeles,Office Supplies,Paper,68.5200,31.5192,3,1
2015-12-30,2015,4,12,December,West,California,Los Angeles,Office Supplies,Storage,74.9400,14.2386,3,1
2015-12-30,2015,4,12,December,West,California,Los Angeles,Technology,Machines,2548.5600,286.7130,6,1
2015-12-30,2015,4,12,December,West,California,Los Angeles,Technology,Phones,287.8800,35.9850,3,1
2015-12-31,2015,4,12,December,Central,Michigan,Detroit,Office Supplies,Binders,116.4000,52.3800,8,1
2015-12-31,2015,4,12,December,Central,Texas,Austin,Office Supplies,Fasteners,3.4880,0.5668,2,1
2015-12-31,2015,4,12,December,Central,Texas,Austin,Office Supplies,Storage,152.6880,-26.7204,2,1
2015-12-31,2015,4,12,December,Central,Texas,Austin,Office Supplies,Supplies,5.8880,-1.3248,2,1
2015-12-31,2015,4,12,December,Central,Texas,Grand Prairie,Furniture,Furnishings,14.7600,-11.4390,5,1
2015-12-31,2015,4,12,December,Central,Texas,Grand Prairie,Office Supplies,Binders,3.6560,-5.8496,4,1
2015-12-31,2015,4,12,December,South,Kentucky,Henderson,Office Supplies,Binders,596.4800,278.3802,24,1
2015-12-31,2015,4,12,December,West,Montana,Missoula,Office Supplies,Binders,487.9840,152.4950,2,1
2016-01-02,2016,1,1,January,East,Maryland,Gaithersburg,Furniture,Bookcases,173.9400,38.2668,3,1
2016-01-02,2016,1,1,January,East,Maryland,Gaithersburg,Technology,Phones,231.9800,67.2742,2,1
2016-01-03,2016,1,1,January,Central,Oklahoma,Broken Arrow,Furniture,Tables,1592.8500,350.4270,7,1
2016-01-03,2016,1,1,January,Central,Oklahoma,Broken Arrow,Office Supplies,Binders,11.8800,5.3460,2,1
2016-01-03,2016,1,1,January,Central,Texas,San Antonio,Technology,Accessories,195.6800,-11.4740,5,1
2016-01-03,2016,1,1,January,Central,Texas,San Antonio,Technology,Phones,180.9600,13.5720,5,1
2016-01-03,2016,1,1,January,West,California,Los Angeles,Office Supplies,Storage,114.4600,28.6150,2,1
2016-01-04,2016,1,1,January,East,Pennsylvania,Philadelphia,Office Supplies,Art,4.6720,0.5840,1,1
2016-01-04,2016,1,1,January,East,Pennsylvania,Philadelphia,Office Supplies,Binders,104.5800,-80.1780,6,1
2016-01-04,2016,1,1,January,South,North Carolina,Charlotte,Technology,Copiers,959.9680,119.9960,4,1
2016-01-05,2016,1,1,January,South,Florida,Jacksonville,Office Supplies,Art,5.2480,0.5904,2,1
2016-01-05,2016,1,1,January,South,Florida,Jacksonville,Technology,Accessories,191.4720,40.6878,6,1
2016-01-05,2016,1,1,January,South,Florida,Jacksonville,Technology,Phones,59.1840,5.1786,2,1
2016-01-07,2016,1,1,January,Central,Texas,Amarillo,Furniture,Furnishings,23.0760,-10.9611,3,1
2016-01-07,2016,1,1,January,Central,Texas,Amarillo,Office Supplies,Paper,25.9200,9.0720,5,1
2016-01-07,2016,1,1,January,West,California,Oakland,Office Supplies,Art,34.5800,10.0282,1,1
2016-01-08,2016,1,1,January,Central,Wisconsin,Franklin,Furniture,Bookcases,1565.8800,407.1288,6,1
2016-01-08,2016,1,1,January,Central,Wisconsin,Franklin,Office Supplies,Binders,106.0500,49.8435,7,1
2016-01-08,2016,1,1,January,South,North Carolina,Raleigh,Office Supplies,Art,47.6160,5.9520,3,1
2016-01-08,2016,1,1,January,South,North Carolina,Raleigh,Office Supplies,Binders,30.8280,-24.6624,7,1
2016-01-08,2016,1,1,January,South,North Carolina,Raleigh,Technology,Phones,108.7840,10.8784,2,1
2016-01-09,2016,1,1,January,East,Ohio,Toledo,Furniture,Furnishings,15.1680,3.7920,2,1
2016-01-09,2016,1,1,January,West,California,Fresno,Technology,Accessories,349.9500,118.9830,5,1
2016-01-09,2016,1,1,January,West,California,Fresno,Technology,Phones,377.9280,141.7230,9,1
2016-01-10,2016,1,1,January,West,Washington,Longview,Furniture,Furnishings,24.8500,7.7035,5,1
2016-01-10,2016,1,1,January,West,Washington,Seattle,Furniture,Furnishings,79.9200,34.3656,4,1
2016-01-10,2016,1,1,January,West,Washington,Seattle,Technology,Accessories,69.9800,13.2962,2,1
2016-01-11,2016,1,1,January,East,Ohio,Columbus,Furniture,Furnishings,54.9920,8.9362,14,1
2016-01-11,2016,1,1,January,East,Ohio,Springfield,Office Supplies,Paper,78.8640,26.0196,6,1
2016-01-11,2016,1,1,January,East,Ohio,Springfield,Technology,Phones,15.5880,-9.8724,2,1
2016-01-14,2016,1,1,January,South,North Carolina,Concord,Furniture,Furnishings,315.7760,31.5776,8,1
2016-01-14,2016,1,1,January,South,North Carolina,Concord,Office Supplies,Paper,89.5680,32.4684,2,1
2016-01-15,2016,1,1,January,East,Connecticut,Fairfield,Furniture,Tables,181.7970,-15.5826,1,1
2016-01-15,2016,1,1,January,East,New Jersey,Westfield,Office Supplies,Art,4.6600,1.3514,2,1
2016-01-15,2016,1,1,January,East,New Jersey,Westfield,Office Supplies,Envelopes,52.3400,24.5998,2,1
2016-01-15,2016,1,1,January,East,New Jersey,Westfield,Technology,Accessories,254.9700,91.7892,3,1
2016-01-15,2016,1,1,January,East,New York,New York City,Office Supplies,Binders,49.5360,17.3376,3,1
2016-01-15,2016,1,1,January,East,New York,New York City,Office Supplies,Envelopes,16.5200,7.5992,4,1
2016-01-15,2016,1,1,January,East,New York,New York City,Office Supplies,Paper,142.1000,69.0278,11,2
2016-01-16,2016,1,1,January,West,California,Los Angeles,Office Supplies,Binders,11.6480,4.2224,2,1
2016-01-16,2016,1,1,January,West,California,Los Angeles,Technology,Accessories,90.5700,11.7741,3,1
2016-01-17,2016,1,1,January,East,New Hampshire,Concord,Furniture,Furnishings,322.5900,64.5180,3,1
2016-01-17,2016,1,1,January,East,New Hampshire,Concord,Technology,Accessories,401.9600,80.1502,4,1
2016-01-17,2016,1,1,January,South,Georgia,Columbus,Technology,Accessories,316.0000,31.6000,4,1
2016-01-21,2016,1,1,January,West,California,San Diego,Furniture,Chairs,1167.0560,70.2528,9,1
2016-01-22,2016,1,1,January,East,New Jersey,Morristown,Office Supplies,Fasteners,7.5600,0.3024,6,1
2016-01-22,2016,1,1,January,East,New York,New York City,Office Supplies,Binders,26.3360,9.2176,4,1
2016-01-22,2016,1,1,January,East,Ohio,Cleveland,Technology,Accessories,55.1760,15.8631,3,1
2016-01-22,2016,1,1,January,East,Ohio,Cleveland,Technology,Phones,110.3760,-20.2356,4,1
2016-01-22,2016,1,1,January,South,North Carolina,Fayetteville,Furniture,Bookcases,451.1360,-67.6704,4,1
2016-01-22,2016,1,1,January,South,North Carolina,Fayetteville,Furniture,Furnishings,14.2720,4.2816,8,1
2016-01-22,2016,1,1,January,South,North Carolina,Fayetteville,Office Supplies,Appliances,64.8640,6.4864,4,1
2016-01-22,2016,1,1,January,West,California,San Diego,Office Supplies,Labels,65.0500,31.6990,8,1
2016-01-22,2016,1,1,January,West,Washington,Seattle,Furniture,Furnishings,109.9000,37.3660,5,1
2016-01-22,2016,1,1,January,West,Washington,Seattle,Office Supplies,Paper,12.9600,6.2208,2,1
2016-01-23,2016,1,1,January,East,Vermont,Burlington,Office Supplies,Art,8.0400,2.7336,6,1
2016-01-23,2016,1,1,January,East,Vermont,Burlington,Office Supplies,Storage,1564.2900,406.7154,13,1
2016-01-23,2016,1,1,January,East,Vermont,Burlington,Technology,Accessories,99.9800,42.9914,2,1
2016-01-23,2016,1,1,January,West,California,Los Angeles,Furniture,Furnishings,59.9900,21.5964,7,1
2016-01-24,2016,1,1,January,South,Mississippi,Gulfport,Office Supplies,Binders,31.3600,15.6800,4,1
2016-01-25,2016,1,1,January,East,New Jersey,Plainfield,Office Supplies,Art,9.2100,2.3025,3,1
2016-01-25,2016,1,1,January,East,New Jersey,Plainfield,Office Supplies,Paper,18.0000,8.2800,5,1
2016-01-25,2016,1,1,January,East,New York,New York City,Furniture,Furnishings,45.9800,7.8166,1,1
2016-01-25,2016,1,1,January,East,New York,New York City,Furniture,Tables,313.7220,-99.3453,3,1
2016-01-25,2016,1,1,January,East,New York,New York City,Office Supplies,Binders,43.1200,15.0920,5,1
2016-01-25,2016,1,1,January,East,New York,New York City,Office Supplies,Storage,428.6800,0.0000,7,1
2016-01-28,2016,1,1,January,West,California,Los Angeles,Office Supplies,Art,39.6800,10.3168,2,1
2016-01-30,2016,1,1,January,Central,Illinois,Chicago,Office Supplies,Paper,156.5120,52.8228,4,1
2016-01-30,2016,1,1,January,Central,Illinois,Rockford,Furniture,Tables,626.1000,-538.4460,3,1
2016-01-30,2016,1,1,January,Central,Illinois,Rockford,Office Supplies,Binders,1.7280,-2.6784,3,1
2016-01-30,2016,1,1,January,Central,Illinois,Rockford,Technology,Phones,1439.9680,143.9968,4,1
2016-01-30,2016,1,1,January,West,California,San Francisco,Office Supplies,Binders,68.2400,23.6658,4,2
2016-01-30,2016,1,1,January,West,California,San Francisco,Office Supplies,Labels,26.0100,12.2247,9,1
2016-01-30,2016,1,1,January,West,California,San Francisco,Office Supplies,Storage,305.0100,76.2525,9,1
2016-01-30,2016,1,1,January,West,Washington,Seattle,Furniture,Bookcases,48.5800,7.7728,1,1
2016-01-30,2016,1,1,January,West,Washington,Seattle,Furniture,Chairs,435.1680,-59.8356,4,1
2016-01-31,2016,1,1,January,Central,Texas,Dallas,Office Supplies,Paper,15.5520,5.4432,3,1
2016-01-31,2016,1,1,January,East,New Jersey,Atlantic City,Office Supplies,Envelopes,23.3600,11.6800,2,1
2016-01-31,2016,1,1,January,South,Georgia,Atlanta,Office Supplies,Binders,1270.9900,635.4950,1,1
2016-01-31,2016,1,1,January,South,Georgia,Atlanta,Office Supplies,Envelopes,125.3600,58.9192,8,1
2016-01-31,2016,1,1,January,West,California,Los Angeles,Office Supplies,Paper,56.7000,27.7830,5,1
2016-01-31,2016,1,1,January,West,California,Los Angeles,Technology,Phones,109.5920,8.2194,1,1
2016-02-01,2016,1,2,February,South,Virginia,Arlington,Office Supplies,Storage,56.4500,14.6770,5,1
2016-02-01,2016,1,2,February,West,California,Los Angeles,Office Supplies,Paper,105.5200,48.5392,4,1
2016-02-02,2016,1,2,February,Central,Texas,Houston,Furniture,Furnishings,73.7840,-77.4732,2,1
2016-02-02,2016,1,2,February,East,New York,New York City,Office Supplies,Storage,117.9600,5.8980,2,1
2016-02-02,2016,1,2,February,South,Virginia,Arlington,Furniture,Furnishings,18.6900,7.1022,7,1
2016-02-02,2016,1,2,February,South,Virginia,Arlington,Office Supplies,Binders,36.4000,18.2000,8,1
2016-02-02,2016,1,2,February,South,Virginia,Arlington,Technology,Machines,8749.9500,2799.9840,5,1
2016-02-03,2016,1,2,February,South,Kentucky,Richmond,Furniture,Chairs,866.4000,225.2640,4,1
2016-02-04,2016,1,2,February,East,Maryland,Rockville,Technology,Phones,90.4800,23.5248,2,1
2016-02-04,2016,1,2,February,West,Arizona,Sierra Vista,Furniture,Furnishings,14.3680,3.9512,2,1
2016-02-04,2016,1,2,February,West,California,Los Angeles,Office Supplies,Storage,93.0200,3.7208,2,1
2016-02-05,2016,1,2,February,South,Georgia,Smyrna,Furniture,Bookcases,239.9800,52.7956,2,1
2016-02-05,2016,1,2,February,South,Georgia,Smyrna,Furniture,Furnishings,18.8400,7.1592,3,1
2016-02-05,2016,1,2,February,South,Georgia,Smyrna,Office Supplies,Envelopes,167.9600,78.9412,2,1
2016-02-05,2016,1,2,February,South,Georgia,Smyrna,Office Supplies,Fasteners,9.4500,0.1890,5,1
2016-02-05,2016,1,2,February,South,Georgia,Smyrna,Office Supplies,Paper,814.1800,392.1008,19,1
2016-02-05,2016,1,2,February,South,Georgia,Smyrna,Office Supplies,Storage,235.4200,3.1640,4,1
2016-02-05,2016,1,2,February,South,Georgia,Smyrna,Technology,Phones,589.6800,154.3653,6,1
2016-02-05,2016,1,2,February,West,California,San Diego,Furniture,Tables,557.7280,6.9716,4,1
2016-02-05,2016,1,2,February,West,California,San Diego,Office Supplies,Labels,14.7300,7.2177,3,1
2016-02-05,2016,1,2,February,West,California,San Diego,Office Supplies,Storage,186.5400,50.3658,3,1
2016-02-05,2016,1,2,February,West,California,San Diego,Technology,Phones,159.9680,-31.9936,4,1
2016-02-06,2016,1,2,February,South,Tennessee,Chattanooga,Furniture,Furnishings,132.2240,-18.1808,4,1
2016-02-07,2016,1,2,February,East,Ohio,Lancaster,Office Supplies,Paper,30.3520,10.6232,2,1
2016-02-07,2016,1,2,February,South,Virginia,Springfield,Office Supplies,Labels,7.8300,3.6018,3,1
2016-02-07,2016,1,2,February,South,Virginia,Springfield,Technology,Accessories,100.0000,21.0000,4,1
2016-02-07,2016,1,2,February,West,California,Los Angeles,Technology,Phones,623.9600,38.9975,5,1
2016-02-08,2016,1,2,February,Central,Texas,Houston,Furniture,Chairs,241.5000,0.0000,4,1
2016-02-08,2016,1,2,February,South,North Carolina,Raleigh,Technology,Phones,1127.9760,126.8973,3,1
2016-02-09,2016,1,2,February,West,California,San Francisco,Technology,Accessories,121.8300,50.7378,5,1
2016-02-11,2016,1,2,February,Central,Oklahoma,Tulsa,Technology,Phones,69.9300,0.6993,7,1
2016-02-12,2016,1,2,February,South,Georgia,Atlanta,Office Supplies,Binders,15.9200,7.4824,4,1
2016-02-12,2016,1,2,February,South,Georgia,Atlanta,Office Supplies,Storage,1350.1200,175.5156,6,1
2016-02-13,2016,1,2,February,West,California,Los Angeles,Office Supplies,Paper,146.8200,73.4100,3,1
2016-02-14,2016,1,2,February,East,Maryland,Clinton,Furniture,Furnishings,10.5600,4.6464,6,1
2016-02-14,2016,1,2,February,East,Maryland,Clinton,Furniture,Tables,550.4310,-47.1798,3,1
2016-02-14,2016,1,2,February,East,Maryland,Clinton,Office Supplies,Art,7.9800,2.0748,3,1
2016-02-14,2016,1,2,February,East,Maryland,Clinton,Office Supplies,Paper,4.7700,2.1465,1,1
2016-02-14,2016,1,2,February,South,Mississippi,Jackson,Office Supplies,Art,264.1800,68.6868,7,1
2016-02-15,2016,1,2,February,East,New York,New York City,Office Supplies,Binders,398.3520,124.4850,3,1
2016-02-15,2016,1,2,February,East,New York,New York City,Office Supplies,Fasteners,8.7200,3.5752,4,1
2016-02-16,2016,1,2,February,Central,Illinois,Chicago,Furniture,Chairs,62.9580,-2.6982,3,1
2016-02-16,2016,1,2,February,Central,Illinois,Chicago,Office Supplies,Appliances,92.0640,-225.5568,6,1
2016-02-16,2016,1,2,February,Central,Illinois,Chicago,Office Supplies,Fasteners,6.9760,1.8312,4,1
2016-02-16,2016,1,2,February,Central,Illinois,Chicago,Office Supplies,Paper,5.1840,1.8144,1,1
2016-02-16,2016,1,2,February,East,New Jersey,Belleville,Furniture,Chairs,227.9600,36.4736,2,1
2016-02-16,2016,1,2,February,East,New York,New York City,Furniture,Chairs,326.6460,39.9234,3,1
2016-02-16,2016,1,2,February,East,New York,New York City,Technology,Accessories,89.9700,39.5868,3,1
2016-02-16,2016,1,2,February,South,Kentucky,Henderson,Furniture,Furnishings,318.0800,34.9888,4,1
2016-02-16,2016,1,2,February,South,Kentucky,Henderson,Office Supplies,Binders,5.8000,2.6100,1,1
2016-02-19,2016,1,2,February,East,New York,Long Beach,Office Supplies,Labels,8.6700,4.0749,3,1
2016-02-19,2016,1,2,February,East,New York,Long Beach,Office Supplies,Supplies,25.7100,6.6846,3,1
2016-02-19,2016,1,2,February,East,New York,New York City,Furniture,Furnishings,44.4600,14.6718,2,1
2016-02-19,2016,1,2,February,East,New York,New York City,Office Supplies,Storage,242.9400,9.7176,3,1
2016-02-19,2016,1,2,February,West,California,San Francisco,Office Supplies,Paper,70.8800,33.3136,2,1
2016-02-20,2016,1,2,February,South,Tennessee,Nashville,Office Supplies,Paper,16.4960,5.5674,2,1
2016-02-21,2016,1,2,February,East,New York,New York City,Furniture,Furnishings,135.8000,66.5420,7,1
2016-02-21,2016,1,2,February,East,New York,Oceanside,Furniture,Furnishings,68.9500,28.9590,5,1
2016-02-21,2016,1,2,February,East,New York,Oceanside,Office Supplies,Storage,296.3700,80.0199,3,1
2016-02-21,2016,1,2,February,East,New York,Oceanside,Technology,Phones,39.9800,1.9990,2,1
2016-02-21,2016,1,2,February,South,Florida,Tampa,Office Supplies,Binders,38.6220,-29.4848,5,1
2016-02-21,2016,1,2,February,South,Florida,Tampa,Office Supplies,Storage,432.4560,32.4342,3,1
2016-02-21,2016,1,2,February,West,California,Los Angeles,Office Supplies,Binders,49.8080,17.4328,11,1
2016-02-21,2016,1,2,February,West,California,Los Angeles,Office Supplies,Storage,449.1500,8.9830,5,1
2016-02-21,2016,1,2,February,West,California,Los Angeles,Technology,Accessories,12.9900,0.7794,1,1
2016-02-22,2016,1,2,February,Central,Wisconsin,Milwaukee,Office Supplies,Appliances,490.3200,137.2896,9,1
2016-02-22,2016,1,2,February,West,California,Los Angeles,Office Supplies,Fasteners,10.6500,5.0055,3,1
2016-02-22,2016,1,2,February,West,California,Los Angeles,Technology,Accessories,36.2400,15.2208,1,1
2016-02-22,2016,1,2,February,West,California,Los Angeles,Technology,Phones,445.9600,55.7450,5,1
2016-02-23,2016,1,2,February,East,Pennsylvania,Philadelphia,Office Supplies,Envelopes,57.5760,21.5910,3,1
2016-02-25,2016,1,2,February,East,Ohio,Newark,Office Supplies,Envelopes,46.7200,17.5200,5,1
2016-02-27,2016,1,2,February,Central,Texas,Houston,Furniture,Furnishings,16.1920,-6.8816,2,1
2016-02-27,2016,1,2,February,Central,Wisconsin,La Crosse,Office Supplies,Binders,56.8200,28.4100,3,1
2016-02-27,2016,1,2,February,East,New York,New York City,Office Supplies,Appliances,170.8800,49.5552,3,1
2016-02-28,2016,1,2,February,East,New York,New York City,Office Supplies,Fasteners,36.4800,18.2400,6,1
2016-02-29,2016,1,2,February,East,Ohio,Newark,Office Supplies,Art,111.1040,8.3328,7,1
2016-03-01,2016,1,3,March,East,New York,Yonkers,Furniture,Tables,836.5920,-264.9208,8,1
2016-03-01,2016,1,3,March,East,New York,Yonkers,Office Supplies,Paper,26.3800,12.1348,1,1
2016-03-01,2016,1,3,March,East,New York,Yonkers,Office Supplies,Storage,362.9200,105.2468,2,1
2016-03-01,2016,1,3,March,East,New York,Yonkers,Technology,Machines,4899.9300,2400.9657,7,1
2016-03-01,2016,1,3,March,West,Colorado,Denver,Technology,Phones,159.9840,13.9986,2,1
2016-03-03,2016,1,3,March,Central,Indiana,Bloomington,Technology,Phones,134.8500,37.7580,3,1
2016-03-03,2016,1,3,March,Central,Texas,Odessa,Furniture,Chairs,563.4300,-56.3430,5,1
2016-03-03,2016,1,3,March,Central,Texas,Odessa,Office Supplies,Paper,42.7840,15.5092,7,1
2016-03-03,2016,1,3,March,Central,Texas,Round Rock,Office Supplies,Fasteners,2.3040,0.7776,1,1
2016-03-03,2016,1,3,March,Central,Texas,Round Rock,Office Supplies,Supplies,3930.0720,-786.0144,3,1
2016-03-03,2016,1,3,March,Central,Texas,Round Rock,Technology,Accessories,41.7200,5.7365,7,1
2016-03-03,2016,1,3,March,Central,Texas,Round Rock,Technology,Phones,431.9760,32.3982,3,1
2016-03-03,2016,1,3,March,Central,Texas,San Antonio,Furniture,Tables,637.8960,-127.5792,3,1
2016-03-03,2016,1,3,March,Central,Texas,San Antonio,Office Supplies,Envelopes,36.6000,11.8950,3,1
2016-03-03,2016,1,3,March,Central,Texas,San Antonio,Technology,Machines,287.9100,33.5895,3,1
2016-03-03,2016,1,3,March,East,Delaware,Newark,Office Supplies,Binders,447.8600,219.4514,7,1
2016-03-03,2016,1,3,March,East,Delaware,Newark,Office Supplies,Paper,166.4400,79.8912,3,1
2016-03-03,2016,1,3,March,East,Delaware,Newark,Technology,Phones,479.9500,129.5865,5,1
2016-03-03,2016,1,3,March,West,California,San Francisco,Furniture,Furnishings,35.2800,11.9952,3,1
2016-03-03,2016,1,3,March,West,California,San Francisco,Office Supplies,Supplies,25.3500,7.6050,3,1
2016-03-04,2016,1,3,March,Central,Indiana,Mishawaka,Office Supplies,Binders,128.4000,64.2000,3,1
2016-03-04,2016,1,3,March,East,New Hampshire,Dover,Technology,Accessories,159.9800,57.5928,2,1
2016-03-04,2016,1,3,March,South,Florida,Miami,Office Supplies,Labels,10.0800,3.5280,4,1
2016-03-04,2016,1,3,March,West,California,San Diego,Office Supplies,Art,16.9900,4.9271,1,1
2016-03-05,2016,1,3,March,Central,Texas,Dallas,Office Supplies,Envelopes,149.3520,50.4063,3,1
2016-03-05,2016,1,3,March,Central,Texas,Dallas,Office Supplies,Storage,12.9920,-0.8120,1,1
2016-03-06,2016,1,3,March,Central,Illinois,Chicago,Furniture,Furnishings,159.0400,-194.8240,5,1
2016-03-06,2016,1,3,March,Central,Illinois,Chicago,Furniture,Tables,145.9800,-99.2664,2,1
2016-03-06,2016,1,3,March,Central,Illinois,Chicago,Office Supplies,Appliances,2.3340,-6.3018,3,1
2016-03-06,2016,1,3,March,Central,Illinois,Chicago,Office Supplies,Binders,1.7280,-2.7648,4,1
2016-03-06,2016,1,3,March,East,Pennsylvania,Philadelphia,Office Supplies,Binders,2.0430,-1.4982,1,1
2016-03-06,2016,1,3,March,East,Pennsylvania,Philadelphia,Technology,Phones,500.1780,-84.5003,5,1
2016-03-07,2016,1,3,March,Central,Texas,Fort Worth,Technology,Phones,21.0720,1.5804,3,1
2016-03-08,2016,1,3,March,Central,Michigan,Jackson,Office Supplies,Appliances,207.1440,48.3336,3,1
2016-03-08,2016,1,3,March,Central,Michigan,Jackson,Office Supplies,Art,13.9000,3.7530,5,1
2016-03-08,2016,1,3,March,Central,Texas,Dallas,Office Supplies,Binders,8.8560,-14.1696,9,1
2016-03-08,2016,1,3,March,Central,Texas,Dallas,Office Supplies,Envelopes,146.3520,49.3938,3,1
2016-03-08,2016,1,3,March,Central,Texas,Dallas,Technology,Accessories,27.9600,8.3880,5,1
2016-03-08,2016,1,3,March,East,New York,New York City,Furniture,Furnishings,113.6000,44.3040,8,1
2016-03-08,2016,1,3,March,East,New York,New York City,Office Supplies,Binders,69.4560,22.5732,2,1
2016-03-08,2016,1,3,March,East,New York,New York City,Office Supplies,Paper,12.9600,6.3504,2,1
2016-03-08,2016,1,3,March,East,Pennsylvania,Philadelphia,Office Supplies,Fasteners,5.9840,-1.3464,2,1
2016-03-08,2016,1,3,March,East,Pennsylvania,Philadelphia,Technology,Phones,108.5760,-25.3344,4,1
2016-03-08,2016,1,3,March,South,Florida,Miami,Furniture,Furnishings,102.3600,-3.8385,3,1
2016-03-08,2016,1,3,March,South,Florida,Miami,Technology,Phones,1363.9600,85.2475,5,1
2016-03-08,2016,1,3,March,West,Arizona,Glendale,Office Supplies,Binders,9.7020,-7.1148,3,1
2016-03-09,2016,1,3,March,East,Connecticut,Milford,Technology,Accessories,199.7500,87.8900,5,1
2016-03-09,2016,1,3,March,East,Massachusetts,Andover,Furniture,Chairs,354.9000,88.7250,5,1
2016-03-09,2016,1,3,March,East,Massachusetts,Andover,Office Supplies,Binders,51.8000,23.3100,4,1
2016-03-09,2016,1,3,March,East,Massachusetts,Andover,Office Supplies,Paper,17.9400,8.7906,3,1
2016-03-09,2016,1,3,March,East,Massachusetts,Andover,Office Supplies,Storage,11.2100,3.3630,1,1
2016-03-10,2016,1,3,March,East,New York,Long Beach,Furniture,Bookcases,176.7840,-22.0980,1,1
2016-03-10,2016,1,3,March,East,Pennsylvania,Philadelphia,Technology,Accessories,39.9920,7.4985,1,1
2016-03-10,2016,1,3,March,West,Arizona,Glendale,Office Supplies,Storage,104.6960,6.5435,1,1
2016-03-10,2016,1,3,March,West,California,Los Angeles,Office Supplies,Paper,14.9000,7.1520,5,1
2016-03-10,2016,1,3,March,West,California,Los Angeles,Technology,Accessories,26.8500,5.1015,3,1
2016-03-10,2016,1,3,March,West,California,Los Angeles,Technology,Machines,3357.6000,377.7300,3,1
2016-03-10,2016,1,3,March,West,California,Los Angeles,Technology,Phones,4158.9120,363.9048,8,1
2016-03-11,2016,1,3,March,Central,Minnesota,Eagan,Office Supplies,Binders,17.4600,8.2062,2,1
2016-03-11,2016,1,3,March,Central,Minnesota,Eagan,Technology,Accessories,45.9800,19.7714,2,1
2016-03-11,2016,1,3,March,East,New Jersey,Vineland,Furniture,Tables,244.0060,-31.3722,2,1
2016-03-11,2016,1,3,March,East,Pennsylvania,Philadelphia,Furniture,Furnishings,30.3360,9.4800,4,1
2016-03-11,2016,1,3,March,South,Georgia,Columbus,Furniture,Furnishings,76.9200,31.5372,4,1
2016-03-11,2016,1,3,March,South,Georgia,Columbus,Office Supplies,Storage,481.3200,125.1432,4,1
2016-03-12,2016,1,3,March,East,New York,New York City,Office Supplies,Envelopes,29.3400,13.4964,3,1
2016-03-12,2016,1,3,March,South,Louisiana,Monroe,Office Supplies,Paper,12.9600,6.2208,2,1
2016-03-12,2016,1,3,March,West,California,Los Angeles,Office Supplies,Paper,19.9800,8.9910,2,1
2016-03-12,2016,1,3,March,West,California,San Francisco,Furniture,Chairs,770.3520,77.0352,3,1
2016-03-12,2016,1,3,March,West,California,San Francisco,Office Supplies,Appliances,154.9000,40.2740,5,1
2016-03-12,2016,1,3,March,West,California,San Francisco,Office Supplies,Envelopes,30.5600,14.9744,4,1
2016-03-12,2016,1,3,March,West,California,San Francisco,Office Supplies,Storage,676.5500,6.7655,5,1
2016-03-13,2016,1,3,March,Central,Texas,San Antonio,Furniture,Tables,557.5850,0.0000,5,1
2016-03-13,2016,1,3,March,Central,Texas,San Antonio,Office Supplies,Binders,1.2720,-2.1624,2,1
2016-03-13,2016,1,3,March,Central,Texas,San Antonio,Office Supplies,Paper,70.0800,24.5280,5,1
2016-03-13,2016,1,3,March,East,Pennsylvania,Philadelphia,Furniture,Chairs,386.6800,-5.5240,2,1
2016-03-13,2016,1,3,March,East,Pennsylvania,Philadelphia,Office Supplies,Binders,75.0570,-56.9576,6,1
2016-03-13,2016,1,3,March,East,Pennsylvania,Philadelphia,Office Supplies,Paper,41.2400,13.9185,5,1
2016-03-13,2016,1,3,March,East,Pennsylvania,Philadelphia,Office Supplies,Storage,678.6400,-166.5080,7,1
2016-03-13,2016,1,3,March,East,Pennsylvania,Philadelphia,Technology,Accessories,379.9600,47.4950,5,1
2016-03-13,2016,1,3,March,East,Pennsylvania,Philadelphia,Technology,Machines,449.1000,-643.7100,3,1
2016-03-13,2016,1,3,March,East,Pennsylvania,Philadelphia,Technology,Phones,539.9100,-116.9805,3,1
2016-03-13,2016,1,3,March,South,Virginia,Waynesboro,Furniture,Furnishings,127.8800,40.9216,2,1
2016-03-13,2016,1,3,March,South,Virginia,Waynesboro,Office Supplies,Appliances,160.3200,44.8896,2,1
2016-03-13,2016,1,3,March,South,Virginia,Waynesboro,Office Supplies,Binders,46.0000,20.7000,4,1
2016-03-13,2016,1,3,March,West,Arizona,Scottsdale,Office Supplies,Appliances,157.9200,17.7660,5,1
2016-03-13,2016,1,3,March,West,Arizona,Scottsdale,Technology,Phones,203.1840,15.2388,2,1
2016-03-13,2016,1,3,March,West,California,Riverside,Office Supplies,Binders,51.1840,19.1940,7,1
2016-03-13,2016,1,3,March,West,California,San Francisco,Furniture,Furnishings,28.2800,7.3528,2,1
2016-03-13,2016,1,3,March,West,California,San Francisco,Office Supplies,Supplies,4912.5900,196.5036,3,1
2016-03-14,2016,1,3,March,Central,Texas,Harlingen,Furniture,Bookcases,241.3320,-14.1960,5,1
2016-03-14,2016,1,3,March,Central,Texas,Harlingen,Office Supplies,Art,145.5440,16.3737,7,1
2016-03-14,2016,1,3,March,Central,Texas,Harlingen,Office Supplies,Paper,5.1840,1.8792,1,1
2016-03-14,2016,1,3,March,Central,Wisconsin,Green Bay,Furniture,Furnishings,16.7400,4.3524,2,1
2016-03-14,2016,1,3,March,East,Ohio,Columbus,Furniture,Furnishings,21.8800,6.2905,5,1
2016-03-14,2016,1,3,March,West,California,Redwood City,Office Supplies,Binders,41.9040,14.1426,6,1
2016-03-14,2016,1,3,March,West,Washington,Seattle,Furniture,Chairs,196.7840,-22.1382,2,1
2016-03-15,2016,1,3,March,Central,Texas,Bryan,Furniture,Chairs,528.4300,-143.4310,5,1
2016-03-15,2016,1,3,March,Central,Texas,Bryan,Office Supplies,Binders,22.3860,-35.8176,7,1
2016-03-15,2016,1,3,March,East,Pennsylvania,Philadelphia,Technology,Accessories,83.9760,-13.6461,3,1
2016-03-15,2016,1,3,March,South,Mississippi,Jackson,Office Supplies,Paper,365.4400,168.1024,16,1
2016-03-15,2016,1,3,March,West,California,San Francisco,Furniture,Chairs,1352.0320,84.5020,4,1
2016-03-15,2016,1,3,March,West,California,San Francisco,Office Supplies,Binders,4.5440,1.6472,2,1
2016-03-17,2016,1,3,March,East,Delaware,Newark,Office Supplies,Binders,32.5400,15.9446,2,1
2016-03-17,2016,1,3,March,East,Delaware,Newark,Technology,Phones,129.9800,62.3904,2,1
2016-03-17,2016,1,3,March,East,Maryland,Columbia,Furniture,Furnishings,971.5000,252.5900,5,1
2016-03-17,2016,1,3,March,East,Maryland,Columbia,Office Supplies,Appliances,901.9500,297.6435,3,1
2016-03-17,2016,1,3,March,East,Maryland,Columbia,Office Supplies,Envelopes,199.9000,89.9550,5,1
2016-03-17,2016,1,3,March,East,Massachusetts,Malden,Office Supplies,Art,39.6800,10.3168,2,1
2016-03-17,2016,1,3,March,West,California,San Francisco,Technology,Phones,84.7840,-20.1362,2,1
2016-03-18,2016,1,3,March,South,Tennessee,Columbia,Office Supplies,Appliances,871.8000,87.1800,3,1
2016-03-18,2016,1,3,March,South,Tennessee,Memphis,Furniture,Tables,189.8820,-94.9410,3,1
2016-03-19,2016,1,3,March,East,New York,Oceanside,Furniture,Furnishings,35.3000,13.7996,5,1
2016-03-19,2016,1,3,March,South,Tennessee,Nashville,Office Supplies,Binders,31.0860,-20.7240,3,1
2016-03-19,2016,1,3,March,West,Colorado,Littleton,Furniture,Bookcases,72.2940,-98.8018,1,1
2016-03-20,2016,1,3,March,Central,Illinois,Evanston,Technology,Phones,11.9920,0.8994,1,1
2016-03-20,2016,1,3,March,Central,Missouri,Saint Peters,Furniture,Tables,697.1600,146.4036,4,1
2016-03-20,2016,1,3,March,South,Mississippi,Gulfport,Furniture,Furnishings,86.4500,38.0380,7,1
2016-03-20,2016,1,3,March,West,Oregon,Salem,Office Supplies,Binders,16.8210,-12.8961,3,1
2016-03-20,2016,1,3,March,West,Oregon,Salem,Office Supplies,Paper,31.1040,10.8864,6,1
2016-03-20,2016,1,3,March,West,Oregon,Salem,Technology,Phones,84.7840,-20.1362,2,1
2016-03-21,2016,1,3,March,Central,Illinois,Chicago,Furniture,Chairs,528.4300,0.0000,5,1
2016-03-21,2016,1,3,March,Central,Illinois,Chicago,Office Supplies,Art,13.3920,1.5066,3,1
2016-03-21,2016,1,3,March,Central,Illinois,Chicago,Office Supplies,Binders,3.1680,-4.7520,2,1
2016-03-21,2016,1,3,March,Central,Texas,Houston,Furniture,Tables,99.3720,-1.4196,2,1
2016-03-21,2016,1,3,March,Central,Texas,Houston,Office Supplies,Art,1.3440,0.5040,1,1
2016-03-22,2016,1,3,March,West,Nevada,North Las Vegas,Technology,Accessories,58.5800,19.3314,2,1
2016-03-22,2016,1,3,March,West,Washington,Seattle,Furniture,Chairs,167.8880,14.6902,7,1
2016-03-24,2016,1,3,March,Central,Indiana,Richmond,Office Supplies,Paper,22.4800,10.3408,1,1
2016-03-24,2016,1,3,March,East,Ohio,Cleveland,Furniture,Bookcases,301.4700,-241.1760,3,1
2016-03-24,2016,1,3,March,East,Ohio,Cleveland,Office Supplies,Art,18.6560,1.6324,2,1
2016-03-24,2016,1,3,March,West,Oregon,Gresham,Technology,Phones,403.1680,25.1980,4,1
2016-03-25,2016,1,3,March,Central,Oklahoma,Norman,Technology,Accessories,1287.4500,244.6155,5,1
2016-03-25,2016,1,3,March,East,New York,New York City,Office Supplies,Art,59.5200,17.8560,3,1
2016-03-26,2016,1,3,March,East,New York,New York City,Office Supplies,Storage,459.9500,18.3980,5,1
2016-03-26,2016,1,3,March,South,North Carolina,Jacksonville,Office Supplies,Storage,67.6400,5.9185,5,1
2016-03-26,2016,1,3,March,South,North Carolina,Jacksonville,Technology,Accessories,119.9760,-17.9964,3,1
2016-03-26,2016,1,3,March,West,Idaho,Pocatello,Office Supplies,Binders,17.0400,5.5380,3,1
2016-03-26,2016,1,3,March,West,Idaho,Pocatello,Office Supplies,Paper,17.6400,8.6436,3,1
2016-03-27,2016,1,3,March,South,Georgia,Columbus,Furniture,Furnishings,60.1600,19.8808,5,1
2016-03-27,2016,1,3,March,South,Georgia,Columbus,Office Supplies,Binders,32.5400,15.9446,2,1
2016-03-28,2016,1,3,March,South,Virginia,Arlington,Office Supplies,Storage,31.4000,7.8500,2,1
2016-03-28,2016,1,3,March,West,California,Los Angeles,Office Supplies,Paper,5.9800,2.9302,1,1
2016-03-28,2016,1,3,March,West,California,Los Angeles,Office Supplies,Storage,87.9200,0.8792,4,1
2016-03-29,2016,1,3,March,Central,Illinois,Chicago,Furniture,Chairs,844.1160,-36.1764,6,1
2016-03-29,2016,1,3,March,Central,Illinois,Chicago,Office Supplies,Paper,45.5280,15.9348,3,1
2016-03-29,2016,1,3,March,Central,Illinois,Chicago,Technology,Phones,812.7360,60.9552,8,1
2016-03-29,2016,1,3,March,East,New York,New York City,Furniture,Furnishings,414.0000,124.2000,8,1
2016-03-29,2016,1,3,March,East,New York,New York City,Office Supplies,Binders,71.1280,24.2939,12,1
2016-03-29,2016,1,3,March,East,New York,New York City,Office Supplies,Paper,13.4800,6.7400,2,1
2016-03-29,2016,1,3,March,East,Ohio,Springfield,Furniture,Bookcases,299.9750,-167.9860,5,1
2016-03-29,2016,1,3,March,East,Ohio,Springfield,Technology,Phones,158.3760,-36.9544,4,1
2016-03-30,2016,1,3,March,East,Connecticut,Norwich,Office Supplies,Paper,11.3400,5.5566,1,1
2016-03-31,2016,1,3,March,East,New York,New York City,Furniture,Chairs,327.9960,54.6660,6,1
2016-03-31,2016,1,3,March,East,Pennsylvania,Philadelphia,Technology,Accessories,31.9840,1.1994,2,1
2016-03-31,2016,1,3,March,East,Pennsylvania,Philadelphia,Technology,Phones,280.7820,-60.8361,3,1
2016-04-01,2016,2,4,April,Central,Wisconsin,Milwaukee,Technology,Phones,12.9900,0.2598,1,1
2016-04-01,2016,2,4,April,East,New York,Auburn,Office Supplies,Art,363.7200,97.5012,15,1
2016-04-01,2016,2,4,April,East,New York,Auburn,Office Supplies,Storage,161.9400,9.7164,3,1
2016-04-01,2016,2,4,April,East,New York,Auburn,Technology,Phones,35.1200,9.1312,4,1
2016-04-01,2016,2,4,April,East,New York,New York City,Furniture,Chairs,1317.4920,292.7760,6,1
2016-04-01,2016,2,4,April,East,New York,New York City,Office Supplies,Art,88.0400,22.8904,4,1
2016-04-01,2016,2,4,April,East,New York,New York City,Office Supplies,Binders,17.9440,5.7869,4,2
2016-04-01,2016,2,4,April,East,New York,New York City,Office Supplies,Labels,20.7000,9.9360,2,1
2016-04-01,2016,2,4,April,East,New York,New York City,Office Supplies,Supplies,74.7900,21.7986,11,2
2016-04-01,2016,2,4,April,South,Georgia,Columbus,Furniture,Furnishings,7.0400,3.0976,4,1
2016-04-01,2016,2,4,April,West,Arizona,Sierra Vista,Office Supplies,Appliances,30.1440,3.0144,2,1
2016-04-01,2016,2,4,April,West,Arizona,Sierra Vista,Office Supplies,Fasteners,31.5600,9.8625,5,1
2016-04-02,2016,2,4,April,Central,Wisconsin,Milwaukee,Furniture,Chairs,1454.9000,378.2740,5,1
2016-04-03,2016,2,4,April,Central,Indiana,Richmond,Furniture,Furnishings,71.1200,22.0472,4,1
2016-04-03,2016,2,4,April,Central,Indiana,Richmond,Technology,Phones,259.9600,124.7808,4,1
2016-04-03,2016,2,4,April,Central,Texas,Dallas,Office Supplies,Paper,10.2720,3.2100,3,1
2016-04-03,2016,2,4,April,East,Pennsylvania,Philadelphia,Office Supplies,Binders,99.8460,-83.2050,9,1
2016-04-04,2016,2,4,April,East,New York,New York City,Office Supplies,Binders,588.7840,183.9950,2,1
2016-04-04,2016,2,4,April,East,New York,Troy,Furniture,Furnishings,82.6400,7.4376,2,1
2016-04-04,2016,2,4,April,East,New York,Troy,Office Supplies,Storage,31.0200,8.0652,2,1
2016-04-04,2016,2,4,April,East,New York,Troy,Technology,Accessories,89.9700,37.7874,3,1
2016-04-04,2016,2,4,April,South,Virginia,Springfield,Office Supplies,Paper,27.8100,13.0707,3,1
2016-04-04,2016,2,4,April,South,Virginia,Springfield,Technology,Phones,149.9700,5.9988,3,1
2016-04-05,2016,2,4,April,Central,Texas,Houston,Office Supplies,Storage,158.3680,13.8572,7,1
2016-04-05,2016,2,4,April,East,Pennsylvania,Philadelphia,Office Supplies,Supplies,769.1840,-163.4516,4,1
2016-04-05,2016,2,4,April,East,Pennsylvania,Philadelphia,Technology,Phones,118.7820,-27.7158,3,1
2016-04-06,2016,2,4,April,East,Vermont,Burlington,Technology,Phones,1294.7500,336.6350,5,1
2016-04-07,2016,2,4,April,East,New Jersey,Lakewood,Office Supplies,Paper,37.9400,18.2112,2,1
2016-04-07,2016,2,4,April,East,New York,New York City,Furniture,Chairs,658.7460,146.3880,3,1
2016-04-07,2016,2,4,April,East,New York,New York City,Office Supplies,Art,3.6400,0.9828,2,1
2016-04-07,2016,2,4,April,East,Pennsylvania,Philadelphia,Office Supplies,Appliances,33.5280,2.5146,3,1
2016-04-07,2016,2,4,April,East,Pennsylvania,Philadelphia,Office Supplies,Storage,36.7440,3.6744,3,1
2016-04-07,2016,2,4,April,West,California,San Francisco,Technology,Copiers,1199.9760,374.9925,3,1
2016-04-08,2016,2,4,April,Central,Texas,Houston,Furniture,Chairs,95.9840,-4.1136,4,1
2016-04-08,2016,2,4,April,Central,Texas,Houston,Office Supplies,Binders,1088.7920,-1850.9464,4,1
2016-04-08,2016,2,4,April,Central,Texas,Houston,Technology,Accessories,431.9280,64.7892,9,1
2016-04-08,2016,2,4,April,East,New York,New York City,Furniture,Bookcases,388.7040,-4.8588,6,1
2016-04-08,2016,2,4,April,East,New York,New York City,Office Supplies,Art,17.0400,6.9864,4,1
2016-04-08,2016,2,4,April,East,New York,New York City,Office Supplies,Envelopes,8.2600,3.7996,2,1
2016-04-08,2016,2,4,April,East,New York,New York City,Office Supplies,Paper,34.4000,15.8240,5,1
2016-04-08,2016,2,4,April,East,Ohio,Troy,Office Supplies,Binders,121.1040,-100.9200,6,1
2016-04-08,2016,2,4,April,East,Ohio,Troy,Office Supplies,Envelopes,8.8720,3.2161,1,1
2016-04-08,2016,2,4,April,South,Arkansas,Hot Springs,Furniture,Furnishings,159.9200,31.9840,4,1
2016-04-08,2016,2,4,April,South,Arkansas,Hot Springs,Office Supplies,Fasteners,30.0000,14.4000,6,1
2016-04-08,2016,2,4,April,South,Arkansas,Hot Springs,Office Supplies,Paper,25.9200,12.7008,4,1
2016-04-08,2016,2,4,April,South,Georgia,Columbus,Furniture,Bookcases,354.9000,88.7250,5,1
2016-04-08,2016,2,4,April,South,Georgia,Smyrna,Office Supplies,Envelopes,17.9200,8.6016,4,1
2016-04-08,2016,2,4,April,West,California,Los Angeles,Furniture,Furnishings,24.7000,10.3740,5,1
2016-04-08,2016,2,4,April,West,California,Los Angeles,Office Supplies,Paper,33.0000,15.8400,5,1
2016-04-08,2016,2,4,April,West,California,Los Angeles,Office Supplies,Storage,64.9600,2.5984,2,1
2016-04-09,2016,2,4,April,Central,Michigan,Detroit,Office Supplies,Binders,5.2800,2.4288,2,1
2016-04-09,2016,2,4,April,Central,Michigan,Detroit,Technology,Phones,517.9000,134.6540,2,1
2016-04-09,2016,2,4,April,West,California,Los Angeles,Furniture,Bookcases,556.6650,6.5490,5,1
2016-04-09,2016,2,4,April,West,Washington,Seattle,Office Supplies,Binders,35.3520,12.8151,9,1
2016-04-10,2016,2,4,April,Central,Illinois,Chicago,Office Supplies,Art,13.5680,3.2224,4,1
2016-04-10,2016,2,4,April,East,Ohio,Springfield,Office Supplies,Binders,8.9040,-6.5296,2,1
2016-04-10,2016,2,4,April,West,California,Bakersfield,Office Supplies,Binders,23.2000,8.1200,5,1
2016-04-10,2016,2,4,April,West,California,Bakersfield,Office Supplies,Paper,12.9600,6.2208,2,1
2016-04-10,2016,2,4,April,West,California,San Francisco,Office Supplies,Appliances,113.7600,44.3664,3,1
2016-04-10,2016,2,4,April,West,California,San Francisco,Office Supplies,Binders,48.0320,15.6104,4,1
2016-04-10,2016,2,4,April,West,California,San Francisco,Office Supplies,Storage,730.1700,87.1578,12,1
2016-04-12,2016,2,4,April,South,North Carolina,Wilson,Office Supplies,Paper,10.2720,3.4668,3,1
2016-04-12,2016,2,4,April,South,North Carolina,Wilson,Office Supplies,Storage,181.5360,-27.8700,4,1
2016-04-12,2016,2,4,April,South,Virginia,Springfield,Furniture,Tables,343.9200,75.6624,4,1
2016-04-12,2016,2,4,April,South,Virginia,Springfield,Office Supplies,Envelopes,63.9000,28.7550,5,1
2016-04-12,2016,2,4,April,South,Virginia,Springfield,Office Supplies,Paper,40.9900,20.0851,1,1
2016-04-12,2016,2,4,April,West,California,Los Angeles,Furniture,Chairs,832.6400,-68.3554,10,2
2016-04-12,2016,2,4,April,West,California,Los Angeles,Office Supplies,Binders,49.8320,18.3568,4,2
2016-04-12,2016,2,4,April,West,California,Los Angeles,Office Supplies,Paper,19.4400,9.3312,3,1
2016-04-13,2016,2,4,April,West,California,San Francisco,Office Supplies,Envelopes,6.1200,2.8764,3,1
2016-04-14,2016,2,4,April,East,Maryland,Baltimore,Office Supplies,Binders,25.0600,11.7782,2,1
2016-04-14,2016,2,4,April,South,Virginia,Alexandria,Office Supplies,Storage,81.2000,12.1800,5,1
2016-04-14,2016,2,4,April,West,Arizona,Glendale,Furniture,Chairs,933.5360,105.0228,4,1
2016-04-14,2016,2,4,April,West,Arizona,Glendale,Office Supplies,Storage,42.9760,4.2976,4,1
2016-04-14,2016,2,4,April,West,California,Los Angeles,Furniture,Chairs,383.8000,38.3800,5,1
2016-04-15,2016,2,4,April,Central,Texas,Grapevine,Office Supplies,Art,33.4880,5.8604,7,1
2016-04-15,2016,2,4,April,Central,Texas,Grapevine,Office Supplies,Fasteners,8.0400,2.9145,5,1
2016-04-15,2016,2,4,April,South,North Carolina,Gastonia,Office Supplies,Binders,189.5880,-145.3508,2,1
2016-04-15,2016,2,4,April,South,North Carolina,Gastonia,Office Supplies,Storage,4.7680,-0.7748,2,1
2016-04-15,2016,2,4,April,South,North Carolina,Gastonia,Technology,Accessories,700.7040,131.3820,12,1
2016-04-15,2016,2,4,April,West,California,San Diego,Office Supplies,Paper,143.7000,68.9760,3,1
2016-04-15,2016,2,4,April,West,California,San Francisco,Furniture,Chairs,1121.5680,0.0000,2,1
2016-04-16,2016,2,4,April,East,New Jersey,Lakewood,Furniture,Furnishings,9.9600,3.2868,2,1
2016-04-16,2016,2,4,April,East,New Jersey,Lakewood,Office Supplies,Binders,25.3000,11.8910,5,1
2016-04-16,2016,2,4,April,East,New Jersey,Lakewood,Technology,Machines,9099.9300,2365.9818,7,1
2016-04-16,2016,2,4,April,South,Georgia,Columbus,Office Supplies,Art,12.8400,3.7236,3,1
2016-04-16,2016,2,4,April,South,Tennessee,Nashville,Office Supplies,Paper,123.0880,40.0036,7,1
2016-04-16,2016,2,4,April,South,Tennessee,Nashville,Technology,Accessories,35.1680,8.3524,4,1
2016-04-16,2016,2,4,April,West,Washington,Seattle,Office Supplies,Supplies,28.8000,0.8640,3,1
2016-04-17,2016,2,4,April,Central,Nebraska,Omaha,Office Supplies,Fasteners,29.0500,9.0055,5,1
2016-04-17,2016,2,4,April,South,North Carolina,Raleigh,Furniture,Furnishings,18.6240,6.2856,8,1
2016-04-17,2016,2,4,April,South,North Carolina,Raleigh,Technology,Phones,36.7920,4.1391,1,1
2016-04-17,2016,2,4,April,South,Tennessee,Columbia,Furniture,Furnishings,79.1200,13.8460,5,1
2016-04-17,2016,2,4,April,West,California,Lakewood,Furniture,Bookcases,257.4990,24.2352,3,1
2016-04-18,2016,2,4,April,Central,Illinois,Elmhurst,Office Supplies,Paper,9.6640,3.2616,2,1
2016-04-18,2016,2,4,April,Central,Illinois,Elmhurst,Office Supplies,Storage,230.3760,-48.9549,3,1
2016-04-18,2016,2,4,April,Central,Texas,Houston,Furniture,Chairs,344.3720,-93.4724,4,1
2016-04-18,2016,2,4,April,Central,Texas,Houston,Furniture,Furnishings,127.8800,-67.1370,5,1
2016-04-18,2016,2,4,April,Central,Texas,Houston,Office Supplies,Storage,1554.9360,77.7468,3,1
2016-04-18,2016,2,4,April,East,New York,New York City,Office Supplies,Art,6.9900,2.0271,3,1
2016-04-18,2016,2,4,April,East,New York,New York City,Office Supplies,Supplies,6.8400,1.8468,1,1
2016-04-18,2016,2,4,April,South,Virginia,Chesapeake,Office Supplies,Appliances,203.9200,55.0584,4,1
2016-04-18,2016,2,4,April,South,Virginia,Chesapeake,Technology,Phones,29.5600,7.9812,4,1
2016-04-19,2016,2,4,April,East,New York,New York City,Office Supplies,Art,75.2400,19.4660,4,1
2016-04-19,2016,2,4,April,East,New York,New York City,Office Supplies,Binders,9.2800,3.2480,2,1
2016-04-19,2016,2,4,April,East,New York,New York City,Office Supplies,Storage,459.8800,13.7964,4,1
2016-04-19,2016,2,4,April,East,New York,New York City,Office Supplies,Supplies,62.6600,17.6224,7,1
2016-04-19,2016,2,4,April,East,New York,New York City,Technology,Phones,25.9800,0.7794,2,1
2016-04-19,2016,2,4,April,East,Ohio,Columbus,Furniture,Tables,205.1760,-58.1332,2,1
2016-04-19,2016,2,4,April,East,Ohio,Columbus,Office Supplies,Paper,419.4000,146.7900,5,1
2016-04-19,2016,2,4,April,West,California,Los Angeles,Office Supplies,Art,78.6600,22.7568,8,1
2016-04-19,2016,2,4,April,West,California,Los Angeles,Office Supplies,Binders,15.1760,5.2386,4,1
2016-04-19,2016,2,4,April,West,California,Los Angeles,Office Supplies,Paper,22.7200,10.2240,4,1
2016-04-19,2016,2,4,April,West,California,Los Angeles,Technology,Phones,39.9600,12.9870,5,1
2016-04-21,2016,2,4,April,Central,Illinois,Chicago,Office Supplies,Appliances,48.7920,-126.8592,3,1
2016-04-21,2016,2,4,April,Central,Illinois,Chicago,Office Supplies,Binders,44.8480,-67.2720,8,1
2016-04-21,2016,2,4,April,Central,Illinois,Chicago,Office Supplies,Storage,102.3360,-12.7920,4,1
2016-04-21,2016,2,4,April,East,Connecticut,Milford,Office Supplies,Art,15.4800,4.4892,3,1
2016-04-21,2016,2,4,April,East,Connecticut,Milford,Office Supplies,Paper,51.8400,24.8832,8,1
2016-04-21,2016,2,4,April,West,Washington,Seattle,Office Supplies,Binders,8.3200,2.8080,5,1
2016-04-22,2016,2,4,April,Central,Illinois,Aurora,Office Supplies,Storage,23.9520,2.3952,2,1
2016-04-22,2016,2,4,April,Central,Missouri,Jefferson City,Furniture,Furnishings,86.6200,8.6620,2,1
2016-04-22,2016,2,4,April,East,New York,Rome,Office Supplies,Art,35.0100,9.1602,10,1
2016-04-22,2016,2,4,April,West,Arizona,Phoenix,Furniture,Furnishings,23.5600,7.0680,5,1
2016-04-22,2016,2,4,April,West,Arizona,Phoenix,Furniture,Tables,1272.6300,-814.4832,6,1
2016-04-22,2016,2,4,April,West,Arizona,Phoenix,Office Supplies,Appliances,78.2720,5.8704,2,1
2016-04-22,2016,2,4,April,West,Arizona,Phoenix,Office Supplies,Binders,28.4850,-20.8890,5,1
2016-04-22,2016,2,4,April,West,Arizona,Phoenix,Office Supplies,Supplies,185.3760,-34.7580,2,1
2016-04-22,2016,2,4,April,West,California,San Francisco,Furniture,Furnishings,31.5600,10.4148,3,1
2016-04-23,2016,2,4,April,East,Ohio,Lancaster,Office Supplies,Paper,186.6400,67.2816,8,1
2016-04-23,2016,2,4,April,East,Ohio,Lancaster,Office Supplies,Storage,55.9200,6.2910,5,1
2016-04-23,2016,2,4,April,South,North Carolina,Charlotte,Office Supplies,Paper,36.2400,11.3250,5,1
2016-04-23,2016,2,4,April,West,California,Hesperia,Office Supplies,Binders,251.5200,81.7440,6,1
2016-04-23,2016,2,4,April,West,California,Hesperia,Technology,Accessories,99.9900,34.9965,1,1
2016-04-23,2016,2,4,April,West,California,San Clemente,Office Supplies,Binders,18.0880,6.5569,7,1
2016-04-23,2016,2,4,April,West,California,San Clemente,Office Supplies,Envelopes,71.9700,35.9850,3,1
2016-04-24,2016,2,4,April,Central,Texas,Houston,Technology,Accessories,258.6960,64.6740,3,1
2016-04-24,2016,2,4,April,West,California,Riverside,Office Supplies,Binders,3.9840,1.3944,1,1
2016-04-24,2016,2,4,April,West,Colorado,Colorado Springs,Furniture,Chairs,1325.7600,149.1480,6,1
2016-04-24,2016,2,4,April,West,Colorado,Colorado Springs,Office Supplies,Binders,3.1080,-2.1756,2,1
2016-04-24,2016,2,4,April,West,Colorado,Colorado Springs,Office Supplies,Paper,15.5520,5.4432,3,1
2016-04-25,2016,2,4,April,East,Pennsylvania,Philadelphia,Office Supplies,Binders,25.6200,-17.2432,5,1
2016-04-25,2016,2,4,April,East,Pennsylvania,Philadelphia,Technology,Phones,82.8000,-20.7000,2,1
2016-04-26,2016,2,4,April,East,New York,New York City,Furniture,Chairs,434.6460,62.7822,3,1
2016-04-28,2016,2,4,April,Central,Illinois,Saint Charles,Furniture,Furnishings,30.3440,-31.8612,2,1
2016-04-28,2016,2,4,April,Central,Texas,Dallas,Office Supplies,Labels,15.7120,5.6956,4,1
2016-04-28,2016,2,4,April,Central,Texas,Dallas,Technology,Phones,369.5760,41.5773,3,1
2016-04-28,2016,2,4,April,West,California,Los Angeles,Furniture,Chairs,41.5680,2.5980,2,1
2016-04-28,2016,2,4,April,West,Colorado,Denver,Office Supplies,Paper,29.4720,9.9468,3,1
2016-04-30,2016,2,4,April,Central,Texas,Dallas,Furniture,Furnishings,22.6080,-10.1736,3,1
2016-04-30,2016,2,4,April,East,New York,New York City,Office Supplies,Binders,7.7120,2.7956,2,1
2016-04-30,2016,2,4,April,West,Arizona,Scottsdale,Furniture,Furnishings,111.8880,22.3776,7,1
2016-05-01,2016,2,5,May,South,Arkansas,Little Rock,Office Supplies,Art,11.1600,4.3524,2,1
2016-05-01,2016,2,5,May,South,Arkansas,Little Rock,Office Supplies,Paper,129.3600,63.1920,5,1
2016-05-01,2016,2,5,May,South,Tennessee,Memphis,Furniture,Tables,370.6200,-142.0710,3,1
2016-05-01,2016,2,5,May,South,Tennessee,Memphis,Office Supplies,Binders,2.7420,-2.0108,2,1
2016-05-01,2016,2,5,May,South,Tennessee,Memphis,Office Supplies,Labels,3.9840,1.2948,1,1
2016-05-02,2016,2,5,May,Central,Texas,Amarillo,Furniture,Chairs,366.7440,-110.0232,4,1
2016-05-02,2016,2,5,May,Central,Texas,Houston,Office Supplies,Art,86.3520,5.3970,3,1
2016-05-02,2016,2,5,May,Central,Texas,Irving,Office Supplies,Labels,5.0400,1.7640,2,1
2016-05-02,2016,2,5,May,Central,Texas,Irving,Office Supplies,Storage,31.6080,-6.9552,6,1
2016-05-02,2016,2,5,May,East,New York,New York City,Furniture,Furnishings,227.2600,87.7522,7,1
2016-05-02,2016,2,5,May,East,New York,New York City,Office Supplies,Binders,136.0560,49.8816,6,2
2016-05-02,2016,2,5,May,East,New York,New York City,Office Supplies,Paper,13.0800,6.0168,2,1
2016-05-02,2016,2,5,May,East,New York,New York City,Office Supplies,Storage,44.9400,12.5832,3,1
2016-05-02,2016,2,5,May,South,North Carolina,Greensboro,Furniture,Chairs,187.0560,11.6910,9,1
2016-05-03,2016,2,5,May,Central,Illinois,Chicago,Office Supplies,Appliances,26.4060,-71.2962,3,1
2016-05-03,2016,2,5,May,Central,Illinois,Chicago,Office Supplies,Art,27.3840,2.7384,7,1
2016-05-03,2016,2,5,May,Central,Illinois,Chicago,Office Supplies,Binders,2.1820,-3.6003,1,1
2016-05-03,2016,2,5,May,East,Ohio,Newark,Furniture,Furnishings,51.9680,10.3936,2,1
2016-05-03,2016,2,5,May,East,Ohio,Newark,Office Supplies,Labels,6.0000,2.1000,2,1
2016-05-03,2016,2,5,May,East,Ohio,Newark,Office Supplies,Storage,195.6400,-44.0190,5,1
2016-05-03,2016,2,5,May,East,Ohio,Newark,Technology,Accessories,564.4960,-40.8093,8,1
2016-05-03,2016,2,5,May,East,Ohio,Newark,Technology,Machines,224.9370,-164.9538,3,1
2016-05-05,2016,2,5,May,South,Florida,Tallahassee,Office Supplies,Paper,93.2480,31.4712,4,1
2016-05-05,2016,2,5,May,South,Florida,Tallahassee,Technology,Phones,177.4800,19.9665,3,1
2016-05-05,2016,2,5,May,South,Kentucky,Louisville,Office Supplies,Paper,79.1400,36.4044,3,1
2016-05-05,2016,2,5,May,South,Tennessee,Chattanooga,Furniture,Furnishings,16.7200,3.3440,5,1
2016-05-05,2016,2,5,May,South,Tennessee,Murfreesboro,Office Supplies,Paper,14.3520,5.2026,3,1
2016-05-05,2016,2,5,May,West,California,Encinitas,Furniture,Tables,298.7760,7.4694,3,1
2016-05-05,2016,2,5,May,West,California,Encinitas,Office Supplies,Binders,6.7200,2.3520,5,1
2016-05-05,2016,2,5,May,West,California,Los Angeles,Office Supplies,Storage,5.9800,1.0166,1,1
2016-05-05,2016,2,5,May,West,California,Los Angeles,Technology,Phones,246.1680,21.5397,3,1
2016-05-05,2016,2,5,May,West,California,San Francisco,Furniture,Tables,71.0880,-1.7772,2,1
2016-05-05,2016,2,5,May,West,Nevada,Henderson,Furniture,Tables,1685.8800,320.3172,6,1
2016-05-05,2016,2,5,May,West,Nevada,Henderson,Office Supplies,Binders,5.7280,2.0048,2,1
2016-05-06,2016,2,5,May,Central,Illinois,Chicago,Office Supplies,Binders,3.2080,-5.2932,2,1
2016-05-06,2016,2,5,May,Central,Illinois,Chicago,Technology,Accessories,26.1760,-3.2720,2,1
2016-05-06,2016,2,5,May,Central,Missouri,Springfield,Office Supplies,Appliances,54.4800,15.2544,1,1
2016-05-06,2016,2,5,May,East,Ohio,Lorain,Furniture,Furnishings,54.7120,11.6263,7,1
2016-05-06,2016,2,5,May,East,Ohio,Lorain,Office Supplies,Fasteners,7.2160,1.7138,2,1
2016-05-06,2016,2,5,May,East,Ohio,Lorain,Office Supplies,Paper,49.5680,15.4900,2,1
2016-05-06,2016,2,5,May,West,California,Bakersfield,Furniture,Furnishings,41.6000,14.1440,4,1
2016-05-07,2016,2,5,May,East,New York,New York City,Furniture,Chairs,442.7640,59.0352,4,1
2016-05-07,2016,2,5,May,East,New York,New York City,Furniture,Furnishings,63.6800,28.0192,8,1
2016-05-07,2016,2,5,May,East,New York,New York City,Office Supplies,Binders,85.2320,30.8966,7,1
2016-05-07,2016,2,5,May,East,New York,New York City,Office Supplies,Labels,44.4000,22.2000,3,1
2016-05-07,2016,2,5,May,East,New York,New York City,Technology,Accessories,199.9500,21.9945,5,1
2016-05-07,2016,2,5,May,East,New York,New York City,Technology,Machines,3999.9500,1159.9855,5,1
2016-05-08,2016,2,5,May,East,Delaware,Dover,Furniture,Furnishings,211.9600,42.3920,2,1
2016-05-08,2016,2,5,May,East,Ohio,Cleveland,Office Supplies,Paper,21.0560,7.3696,4,1
2016-05-08,2016,2,5,May,East,Ohio,Cleveland,Office Supplies,Storage,1031.1760,89.5999,5,1
2016-05-08,2016,2,5,May,East,Ohio,Cleveland,Technology,Accessories,58.1120,7.2640,2,1
2016-05-08,2016,2,5,May,West,California,Los Angeles,Office Supplies,Paper,17.9400,8.0730,3,1
2016-05-09,2016,2,5,May,Central,Texas,Austin,Office Supplies,Appliances,48.7840,-131.7168,4,1
2016-05-09,2016,2,5,May,Central,Texas,Austin,Office Supplies,Binders,31.7120,-48.2272,10,1
2016-05-09,2016,2,5,May,Central,Texas,Austin,Office Supplies,Paper,76.6400,26.8240,2,1
2016-05-09,2016,2,5,May,Central,Texas,Austin,Office Supplies,Storage,856.6560,107.0820,6,1
2016-05-09,2016,2,5,May,Central,Texas,Houston,Technology,Phones,19.1360,1.9136,2,1
2016-05-09,2016,2,5,May,East,New York,New York City,Office Supplies,Art,8.0000,3.4400,5,1
2016-05-09,2016,2,5,May,East,Pennsylvania,Philadelphia,Office Supplies,Art,79.3600,9.9200,5,1
2016-05-09,2016,2,5,May,East,Pennsylvania,Philadelphia,Office Supplies,Envelopes,9.3440,3.5040,1,1
2016-05-09,2016,2,5,May,South,Virginia,Salem,Office Supplies,Art,27.8600,9.1938,7,1
2016-05-09,2016,2,5,May,West,California,Los Angeles,Office Supplies,Paper,32.0400,14.4180,4,1
2016-05-09,2016,2,5,May,West,Washington,Seattle,Technology,Accessories,93.9800,13.1572,2,1
2016-05-10,2016,2,5,May,Central,Illinois,Chicago,Office Supplies,Envelopes,7.0720,2.3868,2,1
2016-05-10,2016,2,5,May,East,Pennsylvania,Philadelphia,Technology,Phones,743.9880,-123.9980,2,1
2016-05-10,2016,2,5,May,West,Washington,Seattle,Office Supplies,Paper,11.9600,5.8604,2,1
2016-05-11,2016,2,5,May,West,California,Los Angeles,Office Supplies,Paper,5.9800,2.6910,1,1
2016-05-12,2016,2,5,May,East,New York,New York City,Furniture,Furnishings,10.0200,4.4088,3,1
2016-05-12,2016,2,5,May,East,New York,New York City,Technology,Phones,631.9600,303.3408,4,1
2016-05-12,2016,2,5,May,East,Pennsylvania,Philadelphia,Office Supplies,Storage,82.3680,-19.5624,2,1
2016-05-12,2016,2,5,May,South,Virginia,Virginia Beach,Office Supplies,Art,10.9600,2.9592,4,1
2016-05-12,2016,2,5,May,West,California,Mission Viejo,Office Supplies,Appliances,8.6700,2.3409,1,1
2016-05-12,2016,2,5,May,West,California,Mission Viejo,Technology,Accessories,120.0000,46.8000,6,1
2016-05-12,2016,2,5,May,West,Washington,Seattle,Office Supplies,Envelopes,54.9000,26.9010,5,1
2016-05-14,2016,2,5,May,East,Ohio,Cincinnati,Furniture,Furnishings,79.3840,29.7690,1,1
2016-05-14,2016,2,5,May,South,Florida,Jacksonville,Furniture,Furnishings,30.1920,8.3028,3,1
2016-05-14,2016,2,5,May,South,Florida,Jacksonville,Office Supplies,Art,4.7680,0.4172,2,1
2016-05-14,2016,2,5,May,South,Florida,Jacksonville,Office Supplies,Binders,81.3540,-61.5790,13,1
2016-05-14,2016,2,5,May,South,Florida,Jacksonville,Office Supplies,Paper,31.1040,10.8864,6,1
2016-05-14,2016,2,5,May,South,Florida,Jacksonville,Technology,Phones,43.6000,4.3600,5,1
2016-05-14,2016,2,5,May,West,Arizona,Yuma,Technology,Accessories,185.5280,48.7011,7,1
2016-05-15,2016,2,5,May,East,New York,New York City,Office Supplies,Binders,13.7760,4.4772,3,1
2016-05-15,2016,2,5,May,East,Ohio,Springfield,Office Supplies,Paper,15.2320,5.5216,4,1
2016-05-15,2016,2,5,May,South,Florida,Fort Lauderdale,Office Supplies,Binders,7.7640,-5.1760,4,1
2016-05-15,2016,2,5,May,South,Mississippi,Jackson,Office Supplies,Art,100.3000,27.9172,7,1
2016-05-15,2016,2,5,May,South,Mississippi,Jackson,Office Supplies,Binders,511.8400,240.5648,8,1
2016-05-16,2016,2,5,May,East,Connecticut,Middletown,Office Supplies,Storage,552.5600,0.0000,4,1
2016-05-16,2016,2,5,May,West,California,Los Angeles,Furniture,Furnishings,282.8400,19.7988,4,1
2016-05-16,2016,2,5,May,West,California,Los Angeles,Office Supplies,Labels,27.7200,13.3056,9,1
2016-05-16,2016,2,5,May,West,California,Los Angeles,Office Supplies,Paper,17.3400,8.4966,3,1
2016-05-17,2016,2,5,May,Central,Illinois,Chicago,Furniture,Furnishings,22.6080,-10.1736,3,1
2016-05-17,2016,2,5,May,Central,Illinois,Chicago,Office Supplies,Binders,2.8900,-4.7685,1,1
2016-05-17,2016,2,5,May,Central,Illinois,Chicago,Office Supplies,Fasteners,7.8960,2.4675,3,1
2016-05-17,2016,2,5,May,Central,Illinois,Chicago,Office Supplies,Paper,30.5280,9.5400,8,1
2016-05-17,2016,2,5,May,East,Connecticut,Waterbury,Furniture,Furnishings,173.2400,17.3240,4,1
2016-05-17,2016,2,5,May,East,Connecticut,Waterbury,Office Supplies,Labels,14.6200,6.8714,2,1
2016-05-17,2016,2,5,May,East,Connecticut,Waterbury,Office Supplies,Supplies,65.1700,18.8993,7,1
2016-05-17,2016,2,5,May,South,Florida,Apopka,Office Supplies,Binders,29.9700,-23.7792,8,1
2016-05-18,2016,2,5,May,West,California,San Francisco,Office Supplies,Paper,17.9400,8.7906,3,1
2016-05-18,2016,2,5,May,West,California,San Francisco,Office Supplies,Storage,104.2800,26.0700,3,1
2016-05-19,2016,2,5,May,Central,Indiana,Lafayette,Office Supplies,Art,21.4000,6.2060,5,1
2016-05-19,2016,2,5,May,East,New York,New York City,Furniture,Furnishings,75.6800,27.4120,12,1
2016-05-19,2016,2,5,May,East,New York,New York City,Office Supplies,Appliances,242.9000,70.4410,5,1
2016-05-19,2016,2,5,May,East,New York,New York City,Office Supplies,Binders,47.7440,14.9200,4,1
2016-05-19,2016,2,5,May,East,New York,New York City,Office Supplies,Storage,454.9000,0.0000,5,1
2016-05-19,2016,2,5,May,South,Virginia,Arlington,Furniture,Chairs,641.9600,179.7488,2,1
2016-05-19,2016,2,5,May,West,California,Los Angeles,Office Supplies,Appliances,87.8400,23.7168,8,1
2016-05-19,2016,2,5,May,West,California,San Francisco,Office Supplies,Binders,9.5840,3.3544,1,1
2016-05-20,2016,2,5,May,South,Florida,Port Saint Lucie,Office Supplies,Binders,2.6940,-2.2450,2,1
2016-05-20,2016,2,5,May,South,North Carolina,Asheville,Technology,Phones,1363.9600,85.2475,5,1
2016-05-20,2016,2,5,May,West,California,Vallejo,Furniture,Furnishings,1049.2000,272.7920,5,1
2016-05-20,2016,2,5,May,West,California,Vallejo,Office Supplies,Binders,15.4240,5.0128,4,1
2016-05-20,2016,2,5,May,West,Colorado,Colorado Springs,Office Supplies,Binders,40.6350,-32.5080,7,1
2016-05-21,2016,2,5,May,Central,Illinois,Chicago,Office Supplies,Binders,3.7980,-5.8869,3,1
2016-05-21,2016,2,5,May,Central,Texas,Dallas,Office Supplies,Binders,1.9640,-3.2406,2,1
2016-05-21,2016,2,5,May,Central,Texas,Dallas,Office Supplies,Paper,82.6560,30.9960,9,1
2016-05-21,2016,2,5,May,East,Rhode Island,Warwick,Office Supplies,Paper,111.9600,54.8604,2,1
2016-05-21,2016,2,5,May,West,California,Los Angeles,Technology,Accessories,66.2600,27.1666,2,1
2016-05-21,2016,2,5,May,West,California,Los Angeles,Technology,Phones,55.1760,-12.4146,3,1
2016-05-21,2016,2,5,May,West,Nevada,Sparks,Technology,Machines,2396.4000,179.7300,10,1
2016-05-22,2016,2,5,May,East,New Jersey,Passaic,Furniture,Tables,174.2860,-19.9184,2,1
2016-05-22,2016,2,5,May,East,New Jersey,Passaic,Office Supplies,Appliances,662.8400,172.3384,4,1
2016-05-22,2016,2,5,May,East,New Jersey,Passaic,Office Supplies,Envelopes,26.8800,12.9024,6,1
2016-05-22,2016,2,5,May,East,New Jersey,Passaic,Technology,Accessories,95.1000,30.4320,5,1
2016-05-22,2016,2,5,May,East,New Jersey,Passaic,Technology,Phones,602.9800,161.0642,7,1
2016-05-22,2016,2,5,May,South,Georgia,Athens,Office Supplies,Labels,14.7300,7.2177,3,1
2016-05-22,2016,2,5,May,West,California,Los Angeles,Technology,Phones,222.3840,22.2384,2,1
2016-05-23,2016,2,5,May,Central,Illinois,Chicago,Technology,Phones,1979.9280,148.4946,9,1
2016-05-23,2016,2,5,May,East,Pennsylvania,Philadelphia,Office Supplies,Binders,6.2940,-4.1960,1,1
2016-05-23,2016,2,5,May,East,Pennsylvania,Philadelphia,Office Supplies,Paper,10.3680,3.6288,2,1
2016-05-23,2016,2,5,May,East,Pennsylvania,Philadelphia,Technology,Copiers,8399.9760,1119.9968,4,1
2016-05-23,2016,2,5,May,East,Pennsylvania,Philadelphia,Technology,Phones,122.3820,-24.4764,3,1
2016-05-23,2016,2,5,May,South,Alabama,Florence,Office Supplies,Paper,4.9800,2.4402,1,1
2016-05-23,2016,2,5,May,West,California,San Francisco,Furniture,Furnishings,37.0500,16.3020,3,1
2016-05-24,2016,2,5,May,East,Pennsylvania,Philadelphia,Office Supplies,Art,16.6560,3.3312,3,1
2016-05-24,2016,2,5,May,South,Virginia,Newport News,Office Supplies,Paper,191.6000,91.9680,4,1
2016-05-24,2016,2,5,May,South,Virginia,Newport News,Office Supplies,Supplies,69.5000,20.1550,5,1
2016-05-25,2016,2,5,May,South,Georgia,Columbus,Furniture,Furnishings,24.9600,6.2400,4,1
2016-05-25,2016,2,5,May,South,Georgia,Columbus,Office Supplies,Paper,19.3600,9.2928,2,1
2016-05-25,2016,2,5,May,South,Georgia,Columbus,Office Supplies,Storage,1267.6500,152.1180,9,1
2016-05-26,2016,2,5,May,Central,Texas,Fort Worth,Furniture,Chairs,388.4300,-88.7840,5,1
2016-05-26,2016,2,5,May,Central,Texas,Fort Worth,Office Supplies,Paper,24.7200,8.8314,5,1
2016-05-26,2016,2,5,May,Central,Texas,Fort Worth,Technology,Accessories,63.9920,-7.1991,1,1
2016-05-26,2016,2,5,May,Central,Wisconsin,Milwaukee,Furniture,Furnishings,26.9400,11.3148,3,1
2016-05-26,2016,2,5,May,East,District of Columbia,Washington,Furniture,Furnishings,41.3700,17.3754,3,1
2016-05-26,2016,2,5,May,East,District of Columbia,Washington,Office Supplies,Binders,9.6400,4.4344,2,1
2016-05-26,2016,2,5,May,East,District of Columbia,Washington,Office Supplies,Paper,32.1400,15.1732,5,1
2016-05-26,2016,2,5,May,East,Pennsylvania,Philadelphia,Office Supplies,Appliances,34.8480,6.5340,2,1
2016-05-26,2016,2,5,May,East,Pennsylvania,Philadelphia,Office Supplies,Art,1.5040,0.1692,1,1
2016-05-26,2016,2,5,May,South,Florida,Delray Beach,Office Supplies,Storage,184.7040,13.8528,6,1
2016-05-26,2016,2,5,May,South,Florida,Delray Beach,Technology,Accessories,47.9200,11.9800,2,1
2016-05-26,2016,2,5,May,West,California,Santa Ana,Furniture,Chairs,484.7040,-84.8232,6,1
2016-05-26,2016,2,5,May,West,California,Santa Ana,Office Supplies,Fasteners,5.9400,0.0000,3,1
2016-05-26,2016,2,5,May,West,California,Santa Ana,Office Supplies,Paper,45.3600,21.7728,7,1
2016-05-26,2016,2,5,May,West,California,Santa Ana,Technology,Machines,371.9760,116.2425,3,1
2016-05-26,2016,2,5,May,West,California,Santa Ana,Technology,Phones,211.1680,23.7564,4,1
2016-05-27,2016,2,5,May,Central,Illinois,Chicago,Furniture,Furnishings,30.7600,-35.0334,5,1
2016-05-27,2016,2,5,May,Central,Illinois,Chicago,Office Supplies,Storage,1297.3680,97.3026,9,1
2016-05-27,2016,2,5,May,Central,Michigan,Detroit,Furniture,Chairs,3504.9000,700.9800,5,1
2016-05-27,2016,2,5,May,Central,Michigan,Detroit,Office Supplies,Paper,458.6700,220.1616,6,1
2016-05-27,2016,2,5,May,West,California,Los Angeles,Office Supplies,Paper,13.3800,6.1548,2,1
2016-05-28,2016,2,5,May,Central,Illinois,Park Ridge,Technology,Phones,286.4000,25.0600,1,1
2016-05-28,2016,2,5,May,East,New York,New York City,Office Supplies,Supplies,54.9000,15.3720,5,1
2016-05-28,2016,2,5,May,South,Florida,Tallahassee,Furniture,Chairs,390.2720,-24.3920,8,1
2016-05-28,2016,2,5,May,South,Florida,Tallahassee,Office Supplies,Paper,62.1920,19.4350,13,1
2016-05-28,2016,2,5,May,South,Mississippi,Jackson,Office Supplies,Art,185.8800,50.1876,6,1
2016-05-28,2016,2,5,May,West,California,Los Angeles,Office Supplies,Appliances,262.2400,78.6720,2,1
2016-05-28,2016,2,5,May,West,California,Los Angeles,Office Supplies,Binders,22.7200,7.3840,4,1
2016-05-28,2016,2,5,May,West,California,Los Angeles,Office Supplies,Paper,182.7200,84.0512,8,1
2016-05-28,2016,2,5,May,West,California,Los Angeles,Technology,Accessories,131.6000,7.8960,7,1
2016-05-28,2016,2,5,May,West,California,Los Angeles,Technology,Machines,558.4000,41.8800,2,1
2016-05-29,2016,2,5,May,South,Alabama,Montgomery,Office Supplies,Binders,22.7500,11.3750,5,1
2016-05-29,2016,2,5,May,South,Alabama,Montgomery,Technology,Phones,979.9500,274.3860,5,1
2016-05-29,2016,2,5,May,South,Tennessee,Nashville,Furniture,Furnishings,44.7600,14.5470,3,1
2016-05-29,2016,2,5,May,South,Tennessee,Nashville,Office Supplies,Art,4.4480,0.3336,2,1
2016-05-29,2016,2,5,May,South,Tennessee,Nashville,Office Supplies,Binders,11.2770,-8.6457,3,1
2016-05-30,2016,2,5,May,Central,Texas,Houston,Technology,Accessories,223.9600,11.1980,5,1
2016-05-30,2016,2,5,May,Central,Texas,Houston,Technology,Phones,79.9600,7.9960,5,1
2016-05-30,2016,2,5,May,Central,Wisconsin,Superior,Furniture,Furnishings,47.4000,21.3300,5,1
2016-05-30,2016,2,5,May,Central,Wisconsin,Superior,Office Supplies,Appliances,364.7400,109.4220,3,1
2016-05-30,2016,2,5,May,Central,Wisconsin,Superior,Office Supplies,Art,20.2600,5.4146,7,1
2016-05-30,2016,2,5,May,Central,Wisconsin,Superior,Office Supplies,Paper,674.4600,323.7408,13,1
2016-05-30,2016,2,5,May,Central,Wisconsin,Superior,Office Supplies,Storage,49.7600,13.9328,4,1
2016-05-30,2016,2,5,May,Central,Wisconsin,Superior,Technology,Phones,125.9900,35.2772,1,1
2016-05-30,2016,2,5,May,East,Ohio,Cincinnati,Technology,Copiers,839.9880,69.9990,2,1
2016-05-30,2016,2,5,May,East,Ohio,Hamilton,Office Supplies,Appliances,123.9200,9.2940,5,1
2016-05-30,2016,2,5,May,South,North Carolina,Wilmington,Office Supplies,Binders,3.2820,-2.6256,2,1
2016-05-30,2016,2,5,May,South,Virginia,Arlington,Office Supplies,Envelopes,26.5500,12.7440,9,1
2016-05-30,2016,2,5,May,South,Virginia,Arlington,Technology,Accessories,111.9800,26.8752,2,1
2016-05-30,2016,2,5,May,South,Virginia,Springfield,Furniture,Tables,2275.5000,386.8350,10,1
2016-05-30,2016,2,5,May,South,Virginia,Springfield,Office Supplies,Labels,62.1000,29.8080,6,1
2016-05-30,2016,2,5,May,South,Virginia,Springfield,Technology,Accessories,1979.7000,653.3010,6,1
2016-05-30,2016,2,5,May,West,California,Los Angeles,Furniture,Furnishings,167.8400,11.7488,8,1
2016-05-30,2016,2,5,May,West,California,Los Angeles,Office Supplies,Paper,38.8800,18.6624,6,1
2016-05-30,2016,2,5,May,West,Colorado,Parker,Furniture,Chairs,801.5680,50.0980,2,1
2016-05-30,2016,2,5,May,West,Colorado,Parker,Office Supplies,Binders,39.9480,-28.9424,7,1
2016-05-30,2016,2,5,May,West,Colorado,Parker,Office Supplies,Paper,32.7920,11.8871,1,1
2016-05-31,2016,2,5,May,Central,Illinois,Decatur,Furniture,Chairs,191.0790,-38.2158,3,1
2016-05-31,2016,2,5,May,Central,Illinois,Decatur,Furniture,Furnishings,32.0640,-12.8256,3,1
2016-05-31,2016,2,5,May,Central,Illinois,Decatur,Office Supplies,Paper,28.8640,10.3336,6,1
2016-05-31,2016,2,5,May,East,New York,New York City,Office Supplies,Binders,7.1520,2.3244,3,1
2016-05-31,2016,2,5,May,East,New York,New York City,Technology,Phones,179.7000,88.0530,6,1
2016-06-02,2016,2,6,June,East,Pennsylvania,Philadelphia,Office Supplies,Storage,64.7840,-12.9568,1,1
2016-06-02,2016,2,6,June,West,Washington,Seattle,Office Supplies,Binders,62.8800,22.6536,15,1
2016-06-02,2016,2,6,June,West,Washington,Seattle,Office Supplies,Paper,30.1800,13.8828,3,1
2016-06-03,2016,2,6,June,West,California,Los Angeles,Furniture,Tables,71.0880,-1.7772,2,1
2016-06-04,2016,2,6,June,Central,Illinois,Chicago,Furniture,Furnishings,435.4120,-364.2340,11,1
2016-06-04,2016,2,6,June,Central,Illinois,Chicago,Furniture,Tables,177.2250,-120.5130,5,1
2016-06-04,2016,2,6,June,Central,Illinois,Chicago,Office Supplies,Art,7.4080,1.2038,2,1
2016-06-04,2016,2,6,June,Central,Illinois,Chicago,Office Supplies,Paper,25.9200,9.3960,5,1
2016-06-04,2016,2,6,June,Central,Illinois,Chicago,Technology,Phones,31.9840,11.1944,2,1
2016-06-04,2016,2,6,June,East,New York,New York City,Furniture,Bookcases,136.7840,5.1294,1,1
2016-06-04,2016,2,6,June,East,New York,New York City,Furniture,Furnishings,61.1200,20.7808,4,1
2016-06-04,2016,2,6,June,East,New York,New York City,Office Supplies,Paper,14.9400,7.0218,3,1
2016-06-04,2016,2,6,June,East,New York,New York City,Technology,Machines,1349.8500,364.4595,3,1
2016-06-04,2016,2,6,June,South,Virginia,Springfield,Office Supplies,Paper,75.8800,35.6636,2,1
2016-06-05,2016,2,6,June,East,Delaware,Newark,Office Supplies,Art,11.1600,2.7900,2,1
2016-06-05,2016,2,6,June,East,Delaware,Newark,Office Supplies,Labels,14.9400,6.8724,3,1
2016-06-05,2016,2,6,June,East,Delaware,Newark,Office Supplies,Storage,360.3800,93.6988,2,1
2016-06-05,2016,2,6,June,East,Pennsylvania,Philadelphia,Office Supplies,Labels,7.5600,2.6460,3,1
2016-06-05,2016,2,6,June,East,Pennsylvania,Philadelphia,Office Supplies,Storage,124.6080,-23.3640,4,1
2016-06-05,2016,2,6,June,West,California,Santa Clara,Office Supplies,Appliances,58.2400,15.7248,4,1
2016-06-05,2016,2,6,June,West,California,Santa Clara,Office Supplies,Binders,21.5520,7.0044,6,1
2016-06-05,2016,2,6,June,West,Washington,Seattle,Office Supplies,Supplies,61.3800,15.9588,6,1
2016-06-06,2016,2,6,June,Central,Illinois,Chicago,Technology,Phones,328.2240,28.7196,4,1
2016-06-06,2016,2,6,June,East,Massachusetts,Lowell,Office Supplies,Paper,105.5200,48.5392,4,1
2016-06-06,2016,2,6,June,East,Massachusetts,Lowell,Office Supplies,Storage,714.3000,207.1470,5,1
2016-06-06,2016,2,6,June,East,Ohio,Fairfield,Furniture,Furnishings,548.9600,34.9740,5,1
2016-06-06,2016,2,6,June,South,Arkansas,Little Rock,Office Supplies,Binders,75.8100,36.3888,6,1
2016-06-06,2016,2,6,June,South,Arkansas,Little Rock,Office Supplies,Paper,72.9000,34.3926,5,1
2016-06-06,2016,2,6,June,South,Arkansas,Little Rock,Technology,Accessories,530.1600,210.0243,12,1
2016-06-06,2016,2,6,June,West,California,Los Angeles,Office Supplies,Labels,22.0500,10.5840,7,1
2016-06-06,2016,2,6,June,West,California,Los Angeles,Office Supplies,Paper,99.9000,46.9530,5,1
2016-06-06,2016,2,6,June,West,California,Santa Barbara,Technology,Accessories,26.9600,3.7744,2,1
2016-06-06,2016,2,6,June,West,California,Santa Barbara,Technology,Phones,3501.5280,387.9846,12,1
2016-06-07,2016,2,6,June,East,New York,New York City,Office Supplies,Paper,32.4000,15.5520,5,1
2016-06-07,2016,2,6,June,East,Pennsylvania,Philadelphia,Office Supplies,Fasteners,9.6480,3.4974,6,1
2016-06-07,2016,2,6,June,West,California,Bakersfield,Office Supplies,Binders,4.7840,1.5548,1,1
2016-06-07,2016,2,6,June,West,California,Bakersfield,Office Supplies,Paper,4.7300,2.3177,1,1
2016-06-09,2016,2,6,June,Central,Minnesota,Minneapolis,Furniture,Tables,692.9400,173.2350,3,1
2016-06-09,2016,2,6,June,South,Florida,Tallahassee,Technology,Machines,695.7000,-27.8280,2,1
2016-06-09,2016,2,6,June,West,California,Los Angeles,Technology,Phones,177.4800,19.9665,3,1
2016-06-09,2016,2,6,June,West,California,San Francisco,Furniture,Chairs,122.3520,13.7646,3,1
2016-06-10,2016,2,6,June,East,Pennsylvania,Philadelphia,Office Supplies,Labels,23.6160,7.9704,8,1
2016-06-10,2016,2,6,June,West,California,Los Angeles,Furniture,Tables,1335.6800,-217.0480,4,1
2016-06-10,2016,2,6,June,West,California,Los Angeles,Office Supplies,Labels,20.7000,9.9360,2,1
2016-06-10,2016,2,6,June,West,California,Los Angeles,Office Supplies,Paper,32.4000,15.5520,5,1
2016-06-11,2016,2,6,June,Central,Texas,Arlington,Furniture,Furnishings,12.5440,-9.0944,7,1
2016-06-11,2016,2,6,June,Central,Texas,Arlington,Office Supplies,Binders,9.6160,-15.7992,8,1
2016-06-11,2016,2,6,June,East,New York,New York City,Technology,Accessories,239.9700,71.9910,3,1
2016-06-11,2016,2,6,June,West,California,Los Angeles,Furniture,Tables,902.7120,33.8517,3,1
2016-06-11,2016,2,6,June,West,Washington,Seattle,Office Supplies,Binders,53.9840,17.5448,14,1
2016-06-11,2016,2,6,June,West,Washington,Seattle,Office Supplies,Labels,14.6200,6.8714,2,1
2016-06-11,2016,2,6,June,West,Washington,Seattle,Technology,Accessories,389.9700,132.5898,3,1
2016-06-12,2016,2,6,June,Central,Illinois,Chicago,Office Supplies,Paper,336.6080,122.0204,12,2
2016-06-12,2016,2,6,June,Central,Illinois,Chicago,Technology,Machines,1007.9790,43.1991,3,1
2016-06-12,2016,2,6,June,Central,Texas,Houston,Furniture,Chairs,379.3720,-119.2312,2,1
2016-06-12,2016,2,6,June,Central,Texas,Houston,Furniture,Furnishings,6.9840,-4.5396,2,1
2016-06-12,2016,2,6,June,Central,Texas,Houston,Office Supplies,Appliances,64.3840,-160.9600,4,1
2016-06-12,2016,2,6,June,Central,Texas,Houston,Office Supplies,Art,11.2640,3.9424,8,1
2016-06-12,2016,2,6,June,Central,Texas,Houston,Office Supplies,Binders,1.5240,-2.6670,2,1
2016-06-12,2016,2,6,June,Central,Texas,Houston,Office Supplies,Paper,15.5520,5.6376,3,1
2016-06-12,2016,2,6,June,Central,Texas,Houston,Office Supplies,Storage,67.5360,6.7536,9,1
2016-06-12,2016,2,6,June,East,Delaware,Wilmington,Furniture,Furnishings,47.0400,18.3456,3,1
2016-06-12,2016,2,6,June,East,Delaware,Wilmington,Office Supplies,Binders,30.8400,13.8780,4,1
2016-06-12,2016,2,6,June,East,Delaware,Wilmington,Office Supplies,Envelopes,115.0200,51.7590,9,1
2016-06-12,2016,2,6,June,East,Delaware,Wilmington,Office Supplies,Storage,226.5600,63.4368,6,1
2016-06-12,2016,2,6,June,East,Delaware,Wilmington,Technology,Phones,68.0400,19.7316,7,1
2016-06-12,2016,2,6,June,East,New York,Long Beach,Office Supplies,Appliances,52.5600,18.3960,3,1
2016-06-12,2016,2,6,June,East,New York,Long Beach,Office Supplies,Paper,92.9400,41.8230,3,1
2016-06-12,2016,2,6,June,South,Alabama,Decatur,Office Supplies,Appliances,208.1600,56.2032,1,1
2016-06-12,2016,2,6,June,South,Alabama,Decatur,Office Supplies,Binders,16.7400,8.0352,3,1
2016-06-12,2016,2,6,June,West,California,Los Angeles,Office Supplies,Labels,14.6200,6.8714,2,1
2016-06-12,2016,2,6,June,West,California,Pasadena,Office Supplies,Paper,198.8400,89.8668,8,1
2016-06-13,2016,2,6,June,Central,Kansas,Wichita,Office Supplies,Labels,18.9000,8.6940,3,1
2016-06-13,2016,2,6,June,Central,Michigan,Jackson,Technology,Phones,377.9700,94.4925,3,1
2016-06-13,2016,2,6,June,East,New York,New York City,Office Supplies,Binders,33.5680,11.7488,2,1
2016-06-14,2016,2,6,June,East,Pennsylvania,Philadelphia,Furniture,Tables,337.1760,-118.0116,2,1
2016-06-14,2016,2,6,June,South,Florida,Boca Raton,Office Supplies,Binders,39.9360,-26.6240,4,1
2016-06-14,2016,2,6,June,South,Florida,Boca Raton,Technology,Accessories,18.4640,2.3080,2,1
2016-06-14,2016,2,6,June,West,California,Anaheim,Furniture,Tables,1293.4880,80.8430,7,1
2016-06-14,2016,2,6,June,West,California,Los Angeles,Furniture,Bookcases,599.1650,35.2450,5,1
2016-06-14,2016,2,6,June,West,California,San Francisco,Furniture,Furnishings,8.7300,4.1031,3,1
2016-06-14,2016,2,6,June,West,California,San Francisco,Office Supplies,Art,15.6800,4.5472,7,1
2016-06-14,2016,2,6,June,West,California,San Francisco,Technology,Accessories,29.2900,9.6657,1,1
2016-06-14,2016,2,6,June,West,Washington,Seattle,Furniture,Tables,1115.1700,334.5510,7,1
2016-06-15,2016,2,6,June,Central,Texas,Houston,Office Supplies,Paper,173.4880,54.2150,7,1
2016-06-16,2016,2,6,June,East,Delaware,Newark,Office Supplies,Labels,9.4500,4.5360,3,1
2016-06-16,2016,2,6,June,South,Tennessee,Chattanooga,Technology,Machines,91.4750,-1.8295,1,1
2016-06-16,2016,2,6,June,West,California,Los Angeles,Office Supplies,Paper,46.3500,21.7845,5,1
2016-06-17,2016,2,6,June,East,Connecticut,Waterbury,Office Supplies,Art,9.8400,2.8536,3,1
2016-06-17,2016,2,6,June,East,Connecticut,Waterbury,Office Supplies,Binders,7.9600,3.7412,2,1
2016-06-17,2016,2,6,June,East,Connecticut,Waterbury,Technology,Phones,566.9700,153.0819,3,1
2016-06-17,2016,2,6,June,East,New York,New York City,Office Supplies,Storage,40.7400,0.4074,3,1
2016-06-17,2016,2,6,June,East,New York,Rochester,Furniture,Tables,376.8660,-213.5574,3,1
2016-06-17,2016,2,6,June,East,New York,Troy,Furniture,Chairs,319.4100,7.0980,5,1
2016-06-17,2016,2,6,June,East,New York,Troy,Office Supplies,Art,1.6800,0.8400,1,1
2016-06-17,2016,2,6,June,East,New York,Troy,Office Supplies,Binders,48.4800,16.3620,4,1
2016-06-17,2016,2,6,June,East,New York,Troy,Office Supplies,Paper,46.9600,22.5408,7,1
2016-06-17,2016,2,6,June,East,New York,Troy,Office Supplies,Storage,208.5600,52.1400,6,1
2016-06-17,2016,2,6,June,East,New York,Troy,Technology,Accessories,30.0000,3.3000,2,1
2016-06-17,2016,2,6,June,West,California,Los Angeles,Furniture,Bookcases,239.6660,14.0980,2,1
2016-06-17,2016,2,6,June,West,California,Los Angeles,Office Supplies,Labels,22.5000,10.8000,6,1
2016-06-17,2016,2,6,June,West,California,Los Angeles,Office Supplies,Paper,219.8400,107.7216,4,1
2016-06-17,2016,2,6,June,West,California,San Diego,Office Supplies,Paper,111.9600,54.8604,2,1
2016-06-17,2016,2,6,June,West,Colorado,Longmont,Furniture,Chairs,483.1360,54.3528,4,1
2016-06-17,2016,2,6,June,West,Colorado,Longmont,Furniture,Furnishings,266.3520,-13.3176,3,1
2016-06-18,2016,2,6,June,Central,Illinois,Frankfort,Office Supplies,Paper,76.8640,26.9024,2,1
2016-06-18,2016,2,6,June,East,Pennsylvania,Philadelphia,Office Supplies,Appliances,453.6000,90.7200,3,1
2016-06-18,2016,2,6,June,East,Pennsylvania,Philadelphia,Office Supplies,Binders,4.6260,-3.8550,2,1
2016-06-18,2016,2,6,June,East,Pennsylvania,Philadelphia,Office Supplies,Paper,6.8480,2.1400,2,1
2016-06-19,2016,2,6,June,West,California,San Francisco,Office Supplies,Paper,17.1200,8.0464,2,1
2016-06-20,2016,2,6,June,Central,Oklahoma,Oklahoma City,Furniture,Furnishings,57.6900,23.6529,3,1
2016-06-20,2016,2,6,June,Central,Oklahoma,Oklahoma City,Technology,Accessories,6.9000,0.5520,1,1
2016-06-20,2016,2,6,June,Central,Texas,Carrollton,Office Supplies,Paper,10.3680,3.6288,2,1
2016-06-20,2016,2,6,June,Central,Texas,Carrollton,Technology,Accessories,95.9680,26.3912,4,1
2016-06-20,2016,2,6,June,East,Delaware,Dover,Technology,Accessories,45.0000,4.9500,3,1
2016-06-20,2016,2,6,June,East,Delaware,Dover,Technology,Phones,21.8000,6.1040,2,1
2016-06-20,2016,2,6,June,East,Pennsylvania,Philadelphia,Office Supplies,Appliances,447.6960,33.5772,2,1
2016-06-20,2016,2,6,June,East,Pennsylvania,Philadelphia,Office Supplies,Binders,29.7180,-21.7932,6,1
2016-06-20,2016,2,6,June,East,Pennsylvania,Philadelphia,Office Supplies,Paper,60.6080,20.6496,11,1
2016-06-20,2016,2,6,June,West,California,Pasadena,Furniture,Chairs,161.5680,-8.0784,2,1
2016-06-20,2016,2,6,June,West,California,Pasadena,Office Supplies,Appliances,21.7800,5.6628,2,1
2016-06-20,2016,2,6,June,West,California,Pasadena,Office Supplies,Binders,17.7120,6.4206,3,1
2016-06-20,2016,2,6,June,West,California,Pasadena,Office Supplies,Paper,46.7600,22.4448,7,1
2016-06-20,2016,2,6,June,West,California,Pasadena,Office Supplies,Storage,161.9400,9.7164,3,1
2016-06-20,2016,2,6,June,West,California,Salinas,Office Supplies,Art,5.1600,1.3416,2,1
2016-06-20,2016,2,6,June,West,California,Salinas,Office Supplies,Paper,38.8800,18.6624,6,1
2016-06-21,2016,2,6,June,Central,Illinois,Chicago,Office Supplies,Binders,0.8360,-1.3376,1,1
2016-06-21,2016,2,6,June,East,New York,New York City,Furniture,Bookcases,353.5680,-44.1960,2,1
2016-06-21,2016,2,6,June,East,New York,New York City,Office Supplies,Binders,222.7040,73.2928,11,1
2016-06-23,2016,2,6,June,East,New York,Buffalo,Office Supplies,Supplies,835.1700,16.7034,7,1
2016-06-23,2016,2,6,June,East,New York,New York City,Office Supplies,Fasteners,3.9600,1.4652,2,1
2016-06-23,2016,2,6,June,East,New York,New York City,Office Supplies,Labels,166.4000,76.9868,16,2
2016-06-23,2016,2,6,June,East,New York,New York City,Office Supplies,Paper,146.7300,68.9631,3,1
2016-06-23,2016,2,6,June,East,New York,New York City,Office Supplies,Storage,324.9000,38.9880,5,1
2016-06-23,2016,2,6,June,West,California,San Francisco,Office Supplies,Labels,21.9300,10.3071,3,1
2016-06-23,2016,2,6,June,West,California,San Francisco,Office Supplies,Paper,19.9800,9.3906,1,1
2016-06-23,2016,2,6,June,West,California,San Francisco,Office Supplies,Storage,93.6800,25.2936,4,1
2016-06-23,2016,2,6,June,West,California,San Francisco,Technology,Phones,862.3440,97.0137,7,1
2016-06-24,2016,2,6,June,Central,Indiana,Richmond,Technology,Phones,440.9100,123.4548,9,1
2016-06-24,2016,2,6,June,Central,Texas,Houston,Office Supplies,Appliances,8.7120,-19.6020,2,1
2016-06-24,2016,2,6,June,West,California,San Diego,Office Supplies,Appliances,241.4400,72.4320,3,1
2016-06-24,2016,2,6,June,West,California,San Diego,Office Supplies,Paper,104.8500,50.3280,1,1
2016-06-24,2016,2,6,June,West,California,San Diego,Technology,Machines,4476.8000,503.6400,4,1
2016-06-24,2016,2,6,June,West,California,San Diego,Technology,Phones,38.2400,-9.5600,4,1
2016-06-25,2016,2,6,June,Central,Texas,Houston,Furniture,Chairs,85.2460,-6.0890,2,1
2016-06-25,2016,2,6,June,Central,Texas,Houston,Furniture,Furnishings,32.7120,-26.1696,2,1
2016-06-25,2016,2,6,June,East,Pennsylvania,York,Furniture,Chairs,422.0580,-18.0882,3,1
2016-06-25,2016,2,6,June,East,Pennsylvania,York,Office Supplies,Binders,38.0880,-27.9312,4,1
2016-06-25,2016,2,6,June,East,Pennsylvania,York,Office Supplies,Storage,254.3520,-50.8704,6,1
2016-06-25,2016,2,6,June,West,California,Los Angeles,Office Supplies,Appliances,60.8100,17.0268,3,1
2016-06-26,2016,2,6,June,Central,Illinois,Chicago,Office Supplies,Art,5.3040,0.4641,3,1
2016-06-26,2016,2,6,June,Central,Michigan,Roseville,Office Supplies,Binders,8.0200,3.7694,1,1
2016-06-26,2016,2,6,June,Central,Michigan,Roseville,Office Supplies,Paper,368.9100,180.7659,9,1
2016-06-26,2016,2,6,June,Central,Michigan,Roseville,Office Supplies,Storage,171.0400,44.4704,4,1
2016-06-26,2016,2,6,June,Central,Texas,Plano,Technology,Accessories,13.6160,3.5742,2,1
2016-06-26,2016,2,6,June,East,New York,New York City,Furniture,Furnishings,37.7400,12.8316,3,1
2016-06-26,2016,2,6,June,East,New York,New York City,Office Supplies,Art,14.7000,6.6150,5,1
2016-06-26,2016,2,6,June,East,New York,New York City,Office Supplies,Storage,704.2500,84.5100,5,1
2016-06-26,2016,2,6,June,East,New York,New York City,Technology,Accessories,160.9300,18.8143,7,1
2016-06-26,2016,2,6,June,East,Rhode Island,Providence,Office Supplies,Storage,14.9000,1.0430,5,1
2016-06-26,2016,2,6,June,South,Georgia,Atlanta,Technology,Phones,135.9500,39.4255,1,1
2016-06-26,2016,2,6,June,West,California,Los Angeles,Office Supplies,Fasteners,17.9000,8.9500,5,1
2016-06-26,2016,2,6,June,West,California,Los Angeles,Office Supplies,Paper,12.4800,5.6160,2,1
2016-06-26,2016,2,6,June,West,California,Los Angeles,Office Supplies,Supplies,231.7200,11.5860,2,1
2016-06-26,2016,2,6,June,West,California,San Francisco,Furniture,Furnishings,22.1400,6.4206,3,1
2016-06-27,2016,2,6,June,Central,Illinois,Highland Park,Furniture,Chairs,539.6580,-7.7094,3,1
2016-06-27,2016,2,6,June,Central,Illinois,Highland Park,Office Supplies,Paper,37.4640,12.1758,7,1
2016-06-27,2016,2,6,June,West,California,San Francisco,Technology,Phones,201.5840,12.5990,2,1
2016-06-28,2016,2,6,June,Central,Illinois,Chicago,Technology,Phones,359.9760,35.9976,3,1
2016-06-28,2016,2,6,June,East,New Jersey,Paterson,Furniture,Chairs,121.9600,20.7332,2,1
2016-06-28,2016,2,6,June,East,New Jersey,Paterson,Office Supplies,Appliances,283.9800,123.3780,6,1
2016-06-28,2016,2,6,June,East,New Jersey,Paterson,Office Supplies,Binders,7.9600,3.7412,2,1
2016-06-28,2016,2,6,June,East,New Jersey,Paterson,Office Supplies,Paper,61.9600,27.8820,2,1
2016-06-28,2016,2,6,June,West,California,Los Angeles,Office Supplies,Binders,41.3200,14.5589,5,1
2016-06-29,2016,2,6,June,South,South Carolina,Florence,Office Supplies,Storage,191.8800,19.1880,6,1
2016-06-30,2016,2,6,June,Central,Illinois,Aurora,Technology,Accessories,50.1200,-0.6265,7,1
2016-06-30,2016,2,6,June,South,Georgia,Sandy Springs,Furniture,Bookcases,1266.8600,291.3778,7,1
2016-06-30,2016,2,6,June,South,Georgia,Sandy Springs,Office Supplies,Art,35.9700,9.7119,3,1
2016-07-01,2016,3,7,July,East,New York,New York City,Office Supplies,Labels,30.5300,14.0438,1,1
2016-07-01,2016,3,7,July,East,New York,New York City,Office Supplies,Paper,75.0600,33.7770,9,1
2016-07-01,2016,3,7,July,East,New York,New York City,Technology,Accessories,30.8400,6.1680,3,1
2016-07-01,2016,3,7,July,South,South Carolina,Columbia,Office Supplies,Binders,72.5400,34.5352,4,1
2016-07-01,2016,3,7,July,South,South Carolina,Columbia,Office Supplies,Paper,12.9600,6.2208,2,1
2016-07-01,2016,3,7,July,West,Utah,Lehi,Technology,Copiers,1499.9500,449.9850,5,1
2016-07-01,2016,3,7,July,West,Washington,Seattle,Office Supplies,Binders,2.4960,0.9048,1,1
2016-07-02,2016,3,7,July,Central,Texas,Huntsville,Furniture,Chairs,528.4300,0.0000,5,1
2016-07-02,2016,3,7,July,Central,Texas,Huntsville,Office Supplies,Paper,41.4720,14.5152,8,1
2016-07-02,2016,3,7,July,South,Virginia,Arlington,Office Supplies,Art,7.7000,3.1570,2,1
2016-07-02,2016,3,7,July,West,California,Los Angeles,Furniture,Chairs,195.1840,19.5184,1,1
2016-07-03,2016,3,7,July,East,New York,New York City,Office Supplies,Appliances,706.8600,197.9208,7,1
2016-07-03,2016,3,7,July,East,Pennsylvania,Philadelphia,Office Supplies,Paper,123.9200,38.7250,5,1
2016-07-03,2016,3,7,July,West,California,Los Angeles,Office Supplies,Fasteners,3.9600,0.0792,2,1
2016-07-03,2016,3,7,July,West,California,Los Angeles,Office Supplies,Paper,12.9600,6.2208,2,1
2016-07-04,2016,3,7,July,West,California,San Francisco,Furniture,Bookcases,1279.1650,225.7350,5,1
2016-07-04,2016,3,7,July,West,California,San Francisco,Furniture,Furnishings,25.4000,8.6360,5,1
2016-07-04,2016,3,7,July,West,California,San Francisco,Office Supplies,Envelopes,43.9600,20.6612,2,1
2016-07-04,2016,3,7,July,West,California,San Francisco,Office Supplies,Storage,27.9200,0.5584,4,1
2016-07-04,2016,3,7,July,West,Washington,Seattle,Furniture,Furnishings,25.4000,8.6360,5,1
2016-07-04,2016,3,7,July,West,Washington,Seattle,Technology,Phones,249.4560,28.9635,6,1
2016-07-07,2016,3,7,July,Central,Illinois,Aurora,Furniture,Chairs,253.3720,-14.4784,2,1
2016-07-07,2016,3,7,July,Central,Illinois,Aurora,Furniture,Furnishings,60.2880,-27.1296,8,1
2016-07-07,2016,3,7,July,Central,Illinois,Aurora,Office Supplies,Fasteners,2.6320,0.8225,1,1
2016-07-07,2016,3,7,July,Central,Illinois,Aurora,Office Supplies,Paper,23.6880,7.6986,9,1
2016-07-07,2016,3,7,July,East,Pennsylvania,Philadelphia,Office Supplies,Binders,15.1350,-12.6125,10,1
2016-07-07,2016,3,7,July,East,Pennsylvania,Philadelphia,Office Supplies,Labels,10.0800,3.2760,2,1
2016-07-07,2016,3,7,July,East,Pennsylvania,Philadelphia,Technology,Phones,59.9940,-12.9987,1,1
2016-07-07,2016,3,7,July,South,Florida,Hialeah,Office Supplies,Supplies,45.5840,5.1282,7,1
2016-07-07,2016,3,7,July,West,California,Los Angeles,Furniture,Chairs,287.9680,-3.5996,4,1
2016-07-07,2016,3,7,July,West,California,Los Angeles,Office Supplies,Paper,48.9400,24.4700,1,1
2016-07-07,2016,3,7,July,West,California,Los Angeles,Technology,Copiers,2799.9600,944.9865,5,1
2016-07-07,2016,3,7,July,West,California,San Jose,Furniture,Furnishings,215.6500,73.3210,5,1
2016-07-07,2016,3,7,July,West,Utah,Orem,Office Supplies,Art,45.9800,12.8744,2,1
2016-07-07,2016,3,7,July,West,Utah,Orem,Office Supplies,Paper,12.9600,6.2208,2,1
2016-07-08,2016,3,7,July,Central,Texas,Arlington,Office Supplies,Art,47.6160,3.5712,3,1
2016-07-08,2016,3,7,July,Central,Texas,Arlington,Technology,Phones,863.6400,107.9550,9,1
2016-07-08,2016,3,7,July,East,Rhode Island,Providence,Office Supplies,Paper,12.9600,6.2208,2,1
2016-07-08,2016,3,7,July,South,Florida,Jacksonville,Office Supplies,Paper,15.9840,4.9950,2,1
2016-07-08,2016,3,7,July,South,Florida,Jacksonville,Technology,Phones,823.9600,51.4975,5,1
2016-07-08,2016,3,7,July,West,Colorado,Broomfield,Furniture,Chairs,662.8800,74.5740,3,1
2016-07-08,2016,3,7,July,West,Colorado,Broomfield,Office Supplies,Binders,28.7040,-19.4272,6,1
2016-07-08,2016,3,7,July,West,Colorado,Broomfield,Office Supplies,Storage,33.4880,-1.2558,7,1
2016-07-08,2016,3,7,July,West,Washington,Seattle,Office Supplies,Binders,19.2960,6.0300,3,1
2016-07-08,2016,3,7,July,West,Washington,Seattle,Technology,Phones,107.9840,9.4486,1,1
2016-07-09,2016,3,7,July,East,New York,New York City,Furniture,Chairs,408.0060,72.5344,2,1
2016-07-09,2016,3,7,July,East,New York,New York City,Furniture,Furnishings,165.2800,14.8752,4,1
2016-07-10,2016,3,7,July,Central,Texas,Dallas,Office Supplies,Art,154.2400,17.3520,4,1
2016-07-10,2016,3,7,July,Central,Texas,Dallas,Office Supplies,Storage,338.0400,-33.8040,3,1
2016-07-10,2016,3,7,July,East,Pennsylvania,Philadelphia,Technology,Machines,341.9910,-319.1916,3,1
2016-07-10,2016,3,7,July,West,Arizona,Mesa,Office Supplies,Storage,16.7680,1.4672,2,1
2016-07-10,2016,3,7,July,West,Arizona,Yuma,Office Supplies,Binders,44.8560,-35.8848,6,1
2016-07-12,2016,3,7,July,West,California,Los Angeles,Technology,Phones,95.7600,7.1820,6,1
2016-07-14,2016,3,7,July,Central,Texas,Houston,Technology,Phones,419.9440,52.4930,7,1
2016-07-14,2016,3,7,July,Central,Texas,Irving,Office Supplies,Paper,219.8400,79.6920,5,1
2016-07-14,2016,3,7,July,East,New York,Auburn,Office Supplies,Fasteners,29.6100,13.3245,9,1
2016-07-14,2016,3,7,July,East,New York,New York City,Furniture,Bookcases,579.1360,21.7176,4,1
2016-07-14,2016,3,7,July,East,New York,New York City,Office Supplies,Art,41.8600,10.4650,7,1
2016-07-14,2016,3,7,July,East,New York,New York City,Office Supplies,Binders,31.8480,11.2170,7,2
2016-07-14,2016,3,7,July,East,New York,New York City,Office Supplies,Fasteners,14.0700,6.8943,7,1
2016-07-14,2016,3,7,July,East,New York,New York City,Office Supplies,Storage,11.2100,3.3630,1,1
2016-07-14,2016,3,7,July,East,Pennsylvania,Philadelphia,Office Supplies,Supplies,11.6320,1.0178,2,1
2016-07-14,2016,3,7,July,South,Alabama,Huntsville,Technology,Accessories,29.0000,7.2500,2,1
2016-07-14,2016,3,7,July,South,Georgia,Columbus,Furniture,Furnishings,51.7500,15.5250,1,1
2016-07-14,2016,3,7,July,South,Georgia,Columbus,Office Supplies,Binders,36.4000,17.1080,5,1
2016-07-14,2016,3,7,July,West,Arizona,Tucson,Technology,Phones,380.8640,38.0864,8,1
2016-07-14,2016,3,7,July,West,California,San Francisco,Furniture,Furnishings,30.8000,10.1640,4,1
2016-07-14,2016,3,7,July,West,California,San Francisco,Office Supplies,Appliances,151.6200,50.0346,7,1
2016-07-14,2016,3,7,July,West,California,San Francisco,Technology,Phones,110.3760,12.4173,3,1
2016-07-15,2016,3,7,July,West,Oregon,Portland,Furniture,Chairs,230.2800,23.0280,3,1
2016-07-15,2016,3,7,July,West,Oregon,Portland,Office Supplies,Paper,105.5200,34.2940,5,1
2016-07-15,2016,3,7,July,West,Utah,Provo,Office Supplies,Supplies,44.4000,12.4320,5,1
2016-07-16,2016,3,7,July,Central,Texas,Grand Prairie,Office Supplies,Paper,20.0160,6.2550,3,1
2016-07-16,2016,3,7,July,Central,Texas,Grand Prairie,Office Supplies,Storage,37.2240,3.7224,3,1
2016-07-16,2016,3,7,July,Central,Texas,Houston,Furniture,Furnishings,9.5520,-3.8208,3,1
2016-07-16,2016,3,7,July,East,Pennsylvania,Philadelphia,Office Supplies,Supplies,5.8400,0.7300,2,1
2016-07-16,2016,3,7,July,East,Pennsylvania,Philadelphia,Technology,Phones,638.3580,-144.1508,7,1
2016-07-16,2016,3,7,July,South,South Carolina,Columbia,Office Supplies,Art,22.3200,5.5800,3,1
2016-07-16,2016,3,7,July,South,South Carolina,Columbia,Office Supplies,Binders,30.5600,14.2514,7,1
2016-07-16,2016,3,7,July,South,South Carolina,Columbia,Office Supplies,Envelopes,10.2000,4.7940,5,1
2016-07-16,2016,3,7,July,South,South Carolina,Columbia,Office Supplies,Paper,60.1200,28.8576,9,1
2016-07-16,2016,3,7,July,South,South Carolina,Columbia,Technology,Accessories,75.9800,18.2352,2,1
2016-07-17,2016,3,7,July,Central,Missouri,Springfield,Office Supplies,Paper,81.4100,39.2330,12,1
2016-07-17,2016,3,7,July,Central,Missouri,Springfield,Office Supplies,Storage,508.1100,52.5894,4,1
2016-07-17,2016,3,7,July,East,New Jersey,Perth Amboy,Office Supplies,Appliances,162.6400,45.5392,2,1
2016-07-17,2016,3,7,July,East,New Jersey,Perth Amboy,Office Supplies,Paper,55.4800,26.6304,1,1
2016-07-17,2016,3,7,July,East,New Jersey,Perth Amboy,Technology,Phones,597.0000,280.5900,3,1
2016-07-17,2016,3,7,July,East,New York,New York City,Office Supplies,Appliances,45.9600,13.7880,2,1
2016-07-17,2016,3,7,July,West,California,Los Angeles,Office Supplies,Storage,77.8800,3.8940,2,1
2016-07-17,2016,3,7,July,West,Washington,Seattle,Furniture,Furnishings,37.1700,15.3612,8,1
2016-07-17,2016,3,7,July,West,Washington,Seattle,Office Supplies,Binders,12.8160,4.1652,3,1
2016-07-17,2016,3,7,July,West,Washington,Seattle,Office Supplies,Labels,87.7100,41.2237,7,1
2016-07-17,2016,3,7,July,West,Washington,Seattle,Office Supplies,Storage,69.5200,17.3800,2,1
2016-07-17,2016,3,7,July,West,Washington,Seattle,Technology,Accessories,428.4000,89.9640,3,1
2016-07-17,2016,3,7,July,West,Washington,Seattle,Technology,Phones,20.7840,-4.6764,2,1
2016-07-18,2016,3,7,July,Central,Texas,Dallas,Technology,Accessories,15.5760,3.3099,3,1
2016-07-18,2016,3,7,July,East,Pennsylvania,Philadelphia,Office Supplies,Art,11.2640,1.2672,8,1
2016-07-18,2016,3,7,July,East,Pennsylvania,Philadelphia,Office Supplies,Paper,18.4960,6.7048,4,1
2016-07-18,2016,3,7,July,East,Pennsylvania,Philadelphia,Office Supplies,Storage,284.0800,24.8570,10,1
2016-07-18,2016,3,7,July,South,Kentucky,Bowling Green,Furniture,Chairs,140.8100,39.4268,1,1
2016-07-18,2016,3,7,July,West,Arizona,Glendale,Office Supplies,Supplies,33.8000,4.2250,5,1
2016-07-18,2016,3,7,July,West,Arizona,Phoenix,Technology,Phones,55.9920,3.4995,1,1
2016-07-18,2016,3,7,July,West,Colorado,Denver,Furniture,Chairs,1398.3600,51.4800,6,1
2016-07-18,2016,3,7,July,West,Colorado,Denver,Office Supplies,Binders,1.8720,-1.4352,3,1
2016-07-18,2016,3,7,July,West,Colorado,Denver,Office Supplies,Storage,931.6080,-33.8040,5,1
2016-07-19,2016,3,7,July,South,Mississippi,Hattiesburg,Furniture,Bookcases,504.9000,126.2250,5,1
2016-07-19,2016,3,7,July,South,Mississippi,Hattiesburg,Furniture,Furnishings,185.5800,76.0878,6,1
2016-07-19,2016,3,7,July,South,Mississippi,Hattiesburg,Office Supplies,Binders,86.1600,39.7196,3,1
2016-07-19,2016,3,7,July,South,Mississippi,Hattiesburg,Office Supplies,Paper,245.9400,120.5106,6,1
2016-07-19,2016,3,7,July,South,Mississippi,Hattiesburg,Office Supplies,Storage,87.9200,0.8792,4,1
2016-07-19,2016,3,7,July,West,California,San Francisco,Technology,Accessories,389.9700,132.5898,3,1
2016-07-19,2016,3,7,July,West,California,San Francisco,Technology,Phones,35.9840,4.4980,2,1
2016-07-20,2016,3,7,July,East,New York,Long Beach,Technology,Phones,89.9500,43.1760,5,1
2016-07-21,2016,3,7,July,East,Ohio,Newark,Office Supplies,Art,18.6560,1.3992,2,1
2016-07-21,2016,3,7,July,East,Ohio,Newark,Office Supplies,Binders,11.0880,-8.1312,7,1
2016-07-21,2016,3,7,July,East,Ohio,Newark,Office Supplies,Storage,166.1760,12.8732,3,1
2016-07-21,2016,3,7,July,East,Pennsylvania,Philadelphia,Office Supplies,Binders,1.9410,-1.2940,1,1
2016-07-21,2016,3,7,July,South,North Carolina,Concord,Furniture,Chairs,363.9200,0.0000,5,1
2016-07-21,2016,3,7,July,South,North Carolina,Concord,Office Supplies,Labels,6.2640,2.0358,3,1
2016-07-21,2016,3,7,July,West,California,Roseville,Office Supplies,Envelopes,419.9000,197.3530,5,1
2016-07-21,2016,3,7,July,West,California,Roseville,Office Supplies,Labels,3.1500,1.5120,1,1
2016-07-22,2016,3,7,July,Central,Michigan,Westland,Office Supplies,Art,29.2000,10.5120,5,1
2016-07-22,2016,3,7,July,Central,Michigan,Westland,Office Supplies,Paper,32.4000,15.5520,5,1
2016-07-22,2016,3,7,July,Central,Michigan,Westland,Office Supplies,Storage,965.8500,135.2190,5,1
2016-07-22,2016,3,7,July,Central,Michigan,Westland,Technology,Accessories,109.9500,36.2835,1,1
2016-07-22,2016,3,7,July,East,Maryland,Columbia,Furniture,Furnishings,27.4200,9.3228,3,1
2016-07-22,2016,3,7,July,East,Maryland,Columbia,Office Supplies,Appliances,37.6800,10.5504,2,1
2016-07-22,2016,3,7,July,East,Maryland,Columbia,Office Supplies,Binders,5.4000,2.5920,3,1
2016-07-22,2016,3,7,July,East,Maryland,Columbia,Office Supplies,Paper,51.8400,24.8832,8,1
2016-07-22,2016,3,7,July,East,Pennsylvania,Allentown,Furniture,Furnishings,11.6480,3.3488,2,1
2016-07-22,2016,3,7,July,East,Pennsylvania,Allentown,Office Supplies,Art,4.1600,0.3640,2,1
2016-07-22,2016,3,7,July,West,California,San Francisco,Office Supplies,Labels,6.3000,3.0240,2,1
2016-07-22,2016,3,7,July,West,Nevada,Sparks,Office Supplies,Supplies,86.2000,24.9980,5,1
2016-07-23,2016,3,7,July,Central,Illinois,Rockford,Office Supplies,Binders,11.4160,-18.8364,4,1
2016-07-23,2016,3,7,July,Central,Texas,Houston,Technology,Phones,115.1360,11.5136,8,1
2016-07-23,2016,3,7,July,Central,Texas,Mcallen,Office Supplies,Art,180.3680,15.7266,7,1
2016-07-23,2016,3,7,July,Central,Texas,Mcallen,Office Supplies,Binders,4.7520,-8.3160,4,1
2016-07-23,2016,3,7,July,Central,Texas,Mcallen,Office Supplies,Paper,5.1840,1.8144,1,1
2016-07-23,2016,3,7,July,Central,Texas,Mcallen,Office Supplies,Supplies,13.3440,1.0008,2,1
2016-07-23,2016,3,7,July,South,Florida,Tampa,Office Supplies,Appliances,23.6960,6.5164,2,1
2016-07-23,2016,3,7,July,South,Florida,Tampa,Office Supplies,Art,35.2160,2.6412,2,1
2016-07-23,2016,3,7,July,South,Florida,Tampa,Technology,Machines,265.4750,-111.4995,1,1
2016-07-24,2016,3,7,July,East,New York,New York City,Furniture,Chairs,253.7640,31.0156,2,1
2016-07-24,2016,3,7,July,South,Louisiana,Lafayette,Office Supplies,Art,73.2000,21.2280,5,1
2016-07-25,2016,3,7,July,Central,Texas,Houston,Office Supplies,Envelopes,20.9360,7.0659,1,1
2016-07-25,2016,3,7,July,Central,Texas,Houston,Office Supplies,Labels,15.7120,5.6956,4,1
2016-07-25,2016,3,7,July,Central,Wisconsin,Milwaukee,Furniture,Chairs,403.5600,96.8544,4,1
2016-07-25,2016,3,7,July,Central,Wisconsin,Milwaukee,Furniture,Furnishings,95.2000,27.6080,5,1
2016-07-25,2016,3,7,July,Central,Wisconsin,Milwaukee,Office Supplies,Paper,20.6200,9.6914,2,1
2016-07-25,2016,3,7,July,Central,Wisconsin,Milwaukee,Technology,Accessories,124.2500,48.4575,7,1
2016-07-25,2016,3,7,July,Central,Wisconsin,Milwaukee,Technology,Phones,297.5500,83.3140,5,1
2016-07-25,2016,3,7,July,East,Ohio,Columbus,Technology,Copiers,1439.9760,191.9968,4,1
2016-07-25,2016,3,7,July,East,Ohio,Toledo,Office Supplies,Appliances,243.8800,27.4365,5,1
2016-07-25,2016,3,7,July,South,Mississippi,Jackson,Furniture,Tables,2430.0800,388.8128,8,1
2016-07-25,2016,3,7,July,South,Mississippi,Jackson,Office Supplies,Paper,65.5000,32.0950,5,1
2016-07-25,2016,3,7,July,South,Mississippi,Jackson,Office Supplies,Storage,7.8900,0.3156,1,1
2016-07-25,2016,3,7,July,South,Virginia,Arlington,Office Supplies,Binders,10.4400,4.8024,1,1
2016-07-25,2016,3,7,July,West,California,Costa Mesa,Furniture,Chairs,241.5680,18.1176,2,1
2016-07-25,2016,3,7,July,West,California,Costa Mesa,Furniture,Furnishings,325.0600,104.7122,13,1
2016-07-25,2016,3,7,July,West,California,Costa Mesa,Office Supplies,Binders,119.6160,40.3704,8,1
2016-07-25,2016,3,7,July,West,California,Los Angeles,Office Supplies,Fasteners,21.4800,10.7400,6,1
2016-07-25,2016,3,7,July,West,California,San Francisco,Office Supplies,Art,37.1700,11.1510,9,1
2016-07-28,2016,3,7,July,Central,Michigan,Holland,Office Supplies,Fasteners,20.4400,9.1980,7,1
2016-07-28,2016,3,7,July,Central,Michigan,Holland,Office Supplies,Paper,109.9200,53.8608,2,1
2016-07-28,2016,3,7,July,Central,Texas,Pasadena,Furniture,Furnishings,327.4200,-388.2800,10,1
2016-07-28,2016,3,7,July,East,Pennsylvania,Bethlehem,Furniture,Bookcases,177.4500,-78.0780,5,1
2016-07-28,2016,3,7,July,East,Pennsylvania,Bethlehem,Office Supplies,Appliances,9.4800,0.7110,3,1
2016-07-28,2016,3,7,July,East,Pennsylvania,Bethlehem,Office Supplies,Binders,1369.7640,-913.1760,6,1
2016-07-28,2016,3,7,July,West,California,Los Angeles,Office Supplies,Labels,18.9000,8.6940,3,1
2016-07-29,2016,3,7,July,East,Pennsylvania,Philadelphia,Office Supplies,Storage,84.7840,-16.9568,2,1
2016-07-29,2016,3,7,July,South,Florida,Pensacola,Office Supplies,Binders,2.2140,-1.4760,3,1
2016-07-29,2016,3,7,July,South,North Carolina,Charlotte,Office Supplies,Binders,27.3960,-20.0904,3,1
2016-07-29,2016,3,7,July,South,North Carolina,Charlotte,Office Supplies,Storage,704.7600,26.4285,5,1
2016-07-30,2016,3,7,July,Central,Illinois,Chicago,Office Supplies,Labels,9.2480,3.1212,4,1
2016-07-30,2016,3,7,July,Central,Illinois,Chicago,Office Supplies,Storage,1036.6240,51.8312,2,1
2016-07-30,2016,3,7,July,Central,Texas,Houston,Office Supplies,Binders,9.2640,-13.8960,3,1
2016-07-30,2016,3,7,July,West,California,San Francisco,Office Supplies,Appliances,715.6400,178.9100,2,1
2016-07-31,2016,3,7,July,Central,Michigan,Detroit,Furniture,Furnishings,272.9400,30.0234,3,1
2016-07-31,2016,3,7,July,Central,Michigan,Detroit,Office Supplies,Appliances,283.1400,72.3580,4,1
2016-07-31,2016,3,7,July,Central,Michigan,Detroit,Technology,Phones,754.9500,198.6668,5,1
2016-07-31,2016,3,7,July,West,California,San Francisco,Furniture,Tables,863.1280,-32.3673,7,1
2016-08-01,2016,3,8,August,Central,Texas,Amarillo,Office Supplies,Paper,19.6480,6.6312,2,1
2016-08-01,2016,3,8,August,East,Pennsylvania,Philadelphia,Furniture,Furnishings,19.3120,3.1382,2,1
2016-08-01,2016,3,8,August,West,California,Riverside,Office Supplies,Appliances,45.9600,13.7880,2,1
2016-08-01,2016,3,8,August,West,California,Riverside,Technology,Phones,1039.7280,90.9762,2,1
2016-08-02,2016,3,8,August,West,California,Los Angeles,Furniture,Tables,136.4640,15.3522,2,1
2016-08-02,2016,3,8,August,West,California,Los Angeles,Office Supplies,Binders,12.5440,4.7040,2,1
2016-08-02,2016,3,8,August,West,California,Los Angeles,Technology,Phones,333.5760,33.3576,3,1
2016-08-03,2016,3,8,August,Central,Oklahoma,Tulsa,Office Supplies,Envelopes,81.5400,38.3238,3,1
2016-08-03,2016,3,8,August,Central,Oklahoma,Tulsa,Technology,Accessories,167.2800,23.4192,12,1
2016-08-04,2016,3,8,August,Central,Illinois,Peoria,Office Supplies,Binders,3.9800,-6.5670,5,1
2016-08-04,2016,3,8,August,South,Virginia,Suffolk,Furniture,Furnishings,109.8000,46.1160,9,1
2016-08-04,2016,3,8,August,South,Virginia,Suffolk,Office Supplies,Labels,13.9500,6.7116,3,1
2016-08-04,2016,3,8,August,South,Virginia,Suffolk,Office Supplies,Supplies,35.0600,10.5180,2,1
2016-08-04,2016,3,8,August,West,California,Sacramento,Office Supplies,Binders,32.7360,11.0484,6,1
2016-08-04,2016,3,8,August,West,California,Sacramento,Technology,Phones,302.3840,30.2384,2,1
2016-08-05,2016,3,8,August,South,Alabama,Huntsville,Office Supplies,Art,197.0500,59.1150,7,1
2016-08-06,2016,3,8,August,East,New York,New York City,Office Supplies,Art,38.3400,15.7194,9,1
2016-08-06,2016,3,8,August,East,New York,New York City,Office Supplies,Paper,70.8800,33.3136,2,1
2016-08-06,2016,3,8,August,West,California,Los Angeles,Technology,Phones,211.1680,18.4772,4,1
2016-08-07,2016,3,8,August,West,Washington,Edmonds,Technology,Accessories,179.9700,86.3856,3,1
2016-08-08,2016,3,8,August,Central,Oklahoma,Oklahoma City,Office Supplies,Paper,10.5600,4.7520,2,1
2016-08-08,2016,3,8,August,Central,Texas,Dallas,Office Supplies,Fasteners,11.1680,3.6296,4,1
2016-08-08,2016,3,8,August,Central,Texas,Dallas,Office Supplies,Paper,53.9520,17.5344,3,1
2016-08-08,2016,3,8,August,South,Mississippi,Jackson,Office Supplies,Fasteners,23.3400,0.2334,3,1
2016-08-08,2016,3,8,August,West,California,Los Angeles,Furniture,Tables,513.0240,12.8256,2,1
2016-08-08,2016,3,8,August,West,California,Los Angeles,Office Supplies,Appliances,487.9200,136.6176,6,1
2016-08-08,2016,3,8,August,West,California,Los Angeles,Office Supplies,Binders,15.2400,5.3340,5,1
2016-08-09,2016,3,8,August,South,North Carolina,Fayetteville,Office Supplies,Appliances,569.5360,64.0728,4,1
2016-08-09,2016,3,8,August,South,North Carolina,Fayetteville,Office Supplies,Paper,30.8160,9.6300,9,1
2016-08-09,2016,3,8,August,South,North Carolina,Fayetteville,Technology,Phones,44.7840,4.4784,2,1
2016-08-09,2016,3,8,August,South,Tennessee,Hendersonville,Office Supplies,Binders,16.2180,-10.9566,8,1
2016-08-11,2016,3,8,August,Central,Oklahoma,Tulsa,Office Supplies,Binders,119.4200,54.9332,9,1
2016-08-11,2016,3,8,August,Central,Oklahoma,Tulsa,Office Supplies,Paper,32.4000,15.5520,5,1
2016-08-12,2016,3,8,August,Central,Iowa,Des Moines,Office Supplies,Paper,6.4800,3.1104,1,1
2016-08-12,2016,3,8,August,Central,Texas,Carrollton,Technology,Accessories,1399.9440,52.4979,7,1
2016-08-12,2016,3,8,August,East,New York,New York City,Furniture,Chairs,145.7640,-8.0980,2,1
2016-08-12,2016,3,8,August,East,New York,New York City,Furniture,Tables,209.1480,-66.2302,2,1
2016-08-12,2016,3,8,August,East,New York,New York City,Office Supplies,Storage,1591.0200,286.3836,6,1
2016-08-12,2016,3,8,August,East,Pennsylvania,Philadelphia,Office Supplies,Art,37.3120,2.7984,4,1
2016-08-12,2016,3,8,August,South,Florida,Lakeland,Furniture,Tables,562.2925,-255.5875,7,1
2016-08-13,2016,3,8,August,Central,Texas,Irving,Office Supplies,Appliances,58.9240,-153.2024,1,1
2016-08-13,2016,3,8,August,Central,Texas,Irving,Office Supplies,Supplies,185.3760,-34.7580,2,1
2016-08-13,2016,3,8,August,Central,Wisconsin,West Allis,Furniture,Bookcases,241.9600,24.1960,2,1
2016-08-13,2016,3,8,August,Central,Wisconsin,West Allis,Office Supplies,Binders,8.5200,4.1748,3,1
2016-08-13,2016,3,8,August,South,Louisiana,Kenner,Office Supplies,Appliances,17.3400,4.6818,2,1
2016-08-13,2016,3,8,August,South,Louisiana,Kenner,Technology,Accessories,71.9800,15.1158,2,1
2016-08-13,2016,3,8,August,South,North Carolina,Jacksonville,Office Supplies,Binders,11.2320,-8.2368,8,1
2016-08-13,2016,3,8,August,South,North Carolina,Jacksonville,Office Supplies,Paper,10.2720,3.2100,3,1
2016-08-13,2016,3,8,August,South,Virginia,Springfield,Office Supplies,Binders,22.3200,10.7136,4,1
2016-08-13,2016,3,8,August,South,Virginia,Springfield,Office Supplies,Labels,103.6000,51.8000,7,1
2016-08-14,2016,3,8,August,East,Ohio,Akron,Technology,Accessories,279.9600,48.9930,5,1
2016-08-14,2016,3,8,August,East,Ohio,Akron,Technology,Phones,507.0840,-105.7484,4,1
2016-08-14,2016,3,8,August,South,Tennessee,Nashville,Office Supplies,Paper,15.5520,5.4432,3,1
2016-08-14,2016,3,8,August,West,California,Los Angeles,Office Supplies,Paper,15.5400,7.6146,3,1
2016-08-14,2016,3,8,August,West,California,Los Angeles,Technology,Machines,105.5520,35.6238,6,1
2016-08-15,2016,3,8,August,South,Florida,Tallahassee,Technology,Phones,705.5440,70.5544,7,1
2016-08-15,2016,3,8,August,South,North Carolina,Fayetteville,Furniture,Chairs,225.2960,22.5296,2,1
2016-08-15,2016,3,8,August,West,California,Los Angeles,Furniture,Furnishings,312.0300,43.6842,3,1
2016-08-15,2016,3,8,August,West,California,Los Angeles,Office Supplies,Paper,37.5200,18.0096,4,1
2016-08-15,2016,3,8,August,West,California,Los Angeles,Office Supplies,Storage,17.9400,3.0498,3,1
2016-08-15,2016,3,8,August,West,California,Los Angeles,Technology,Phones,165.6000,10.3500,3,1
2016-08-15,2016,3,8,August,West,California,Oakland,Office Supplies,Labels,3.1500,1.5120,1,1
2016-08-15,2016,3,8,August,West,California,Oakland,Technology,Phones,71.9760,7.1976,3,1
2016-08-15,2016,3,8,August,West,Colorado,Aurora,Office Supplies,Appliances,122.3280,12.2328,3,1
2016-08-15,2016,3,8,August,West,Colorado,Aurora,Office Supplies,Binders,18.8820,-13.8468,3,1
2016-08-16,2016,3,8,August,West,California,Davis,Office Supplies,Paper,32.4000,15.5520,5,1
2016-08-16,2016,3,8,August,West,California,Los Angeles,Furniture,Tables,161.2800,12.0960,2,1
2016-08-16,2016,3,8,August,West,California,San Francisco,Office Supplies,Envelopes,10.8600,5.1042,3,1
2016-08-17,2016,3,8,August,West,Washington,Seattle,Office Supplies,Binders,15.7120,5.6956,4,1
2016-08-18,2016,3,8,August,Central,Texas,Edinburg,Office Supplies,Binders,2.0680,-3.4122,1,1
2016-08-18,2016,3,8,August,Central,Texas,Edinburg,Office Supplies,Paper,83.8400,30.3920,8,1
2016-08-18,2016,3,8,August,Central,Texas,Houston,Furniture,Furnishings,14.8960,-5.9584,7,1
2016-08-18,2016,3,8,August,East,New York,New York City,Office Supplies,Appliances,355.3200,99.4896,9,1
2016-08-18,2016,3,8,August,East,New York,New York City,Technology,Phones,39.9900,11.5971,1,1
2016-08-19,2016,3,8,August,East,New York,New York City,Office Supplies,Binders,448.7920,154.1413,13,1
2016-08-20,2016,3,8,August,Central,Michigan,Detroit,Technology,Phones,14.7800,3.9906,2,1
2016-08-21,2016,3,8,August,East,New York,New York City,Furniture,Chairs,573.1740,63.6860,7,1
2016-08-21,2016,3,8,August,East,Pennsylvania,Philadelphia,Furniture,Tables,815.2920,-339.7050,9,1
2016-08-21,2016,3,8,August,South,North Carolina,Greenville,Office Supplies,Labels,9.2160,3.3408,4,1
2016-08-21,2016,3,8,August,South,North Carolina,Greenville,Office Supplies,Supplies,28.0480,3.5060,2,1
2016-08-21,2016,3,8,August,West,California,Los Angeles,Furniture,Tables,2887.0560,180.4410,9,1
2016-08-21,2016,3,8,August,West,California,Los Angeles,Office Supplies,Binders,12.6720,4.7520,2,1
2016-08-21,2016,3,8,August,West,California,Los Angeles,Office Supplies,Paper,60.4800,27.6048,11,1
2016-08-21,2016,3,8,August,West,California,Los Angeles,Technology,Accessories,254.9700,91.7892,3,1
2016-08-21,2016,3,8,August,West,California,Los Angeles,Technology,Phones,123.9440,-28.6870,7,1
2016-08-21,2016,3,8,August,West,Washington,Seattle,Office Supplies,Binders,33.4400,11.7040,10,1
2016-08-22,2016,3,8,August,Central,Texas,Houston,Office Supplies,Binders,4.3120,-6.8992,2,1
2016-08-22,2016,3,8,August,East,Ohio,Columbus,Office Supplies,Appliances,113.5520,8.5164,2,1
2016-08-22,2016,3,8,August,East,Ohio,Columbus,Office Supplies,Binders,3.3180,-2.6544,2,1
2016-08-22,2016,3,8,August,East,Ohio,Columbus,Office Supplies,Envelopes,134.2880,45.3222,2,1
2016-08-22,2016,3,8,August,West,California,Los Angeles,Office Supplies,Art,5.7600,1.6704,2,1
2016-08-22,2016,3,8,August,West,Colorado,Fort Collins,Furniture,Furnishings,98.3280,9.8328,3,1
2016-08-22,2016,3,8,August,West,Oregon,Gresham,Office Supplies,Binders,26.3520,-18.4464,8,1
2016-08-22,2016,3,8,August,West,Washington,Seattle,Office Supplies,Paper,19.4400,9.3312,3,1
2016-08-23,2016,3,8,August,Central,Texas,Pharr,Furniture,Furnishings,22.6080,-10.1736,3,1
2016-08-23,2016,3,8,August,Central,Texas,Pharr,Office Supplies,Storage,727.2960,-172.7328,8,1
2016-08-23,2016,3,8,August,Central,Texas,Pharr,Technology,Accessories,666.4000,-33.3200,7,1
2016-08-23,2016,3,8,August,Central,Wisconsin,Sheboygan,Office Supplies,Labels,62.7900,29.2593,7,1
2016-08-23,2016,3,8,August,Central,Wisconsin,Sheboygan,Office Supplies,Storage,14.9700,4.1916,1,1
2016-08-23,2016,3,8,August,Central,Wisconsin,Sheboygan,Technology,Accessories,1.9800,0.8910,2,1
2016-08-23,2016,3,8,August,East,New York,New York City,Office Supplies,Appliances,1040.8000,281.0160,5,1
2016-08-23,2016,3,8,August,East,New York,New York City,Office Supplies,Art,50.6400,16.6548,11,1
2016-08-23,2016,3,8,August,West,Washington,Seattle,Furniture,Chairs,532.7040,-39.9528,6,1
2016-08-23,2016,3,8,August,West,Washington,Seattle,Office Supplies,Appliances,43.1000,11.2060,5,1
2016-08-23,2016,3,8,August,West,Washington,Seattle,Office Supplies,Envelopes,135.9000,63.8730,5,1
2016-08-23,2016,3,8,August,West,Washington,Seattle,Office Supplies,Paper,34.6800,16.9932,6,1
2016-08-23,2016,3,8,August,West,Washington,Seattle,Office Supplies,Supplies,15.8800,0.1588,4,1
2016-08-23,2016,3,8,August,West,Washington,Seattle,Technology,Machines,837.6000,62.8200,3,1
2016-08-26,2016,3,8,August,Central,Michigan,Detroit,Furniture,Tables,447.8400,98.5248,4,1
2016-08-26,2016,3,8,August,Central,Michigan,Detroit,Office Supplies,Art,8.6400,2.5056,3,1
2016-08-26,2016,3,8,August,Central,Michigan,Detroit,Office Supplies,Paper,11.5600,5.6644,2,1
2016-08-26,2016,3,8,August,Central,Michigan,Detroit,Technology,Accessories,479.9700,163.1898,3,1
2016-08-26,2016,3,8,August,Central,Michigan,Detroit,Technology,Phones,209.9700,58.7916,3,1
2016-08-26,2016,3,8,August,Central,Texas,Pasadena,Furniture,Chairs,1024.7160,-29.2776,6,1
2016-08-26,2016,3,8,August,Central,Texas,Pasadena,Technology,Accessories,159.9840,43.9956,2,1
2016-08-26,2016,3,8,August,Central,Wisconsin,Franklin,Technology,Accessories,47.9700,14.8707,3,1
2016-08-26,2016,3,8,August,East,New York,New York City,Office Supplies,Binders,146.6880,45.8400,8,1
2016-08-26,2016,3,8,August,East,New York,New York City,Technology,Accessories,249.9500,87.4825,5,1
2016-08-26,2016,3,8,August,East,New York,New York City,Technology,Phones,33.0000,8.2500,6,1
2016-08-26,2016,3,8,August,East,Pennsylvania,Philadelphia,Office Supplies,Art,5.4720,1.6416,3,1
2016-08-26,2016,3,8,August,East,Pennsylvania,Philadelphia,Technology,Accessories,47.9840,13.1956,2,1
2016-08-26,2016,3,8,August,South,Florida,Miami,Office Supplies,Paper,31.0080,11.2404,1,1
2016-08-26,2016,3,8,August,South,Georgia,Athens,Furniture,Furnishings,186.5400,41.0388,3,1
2016-08-26,2016,3,8,August,West,California,Los Angeles,Office Supplies,Art,8.2600,3.7996,2,1
2016-08-26,2016,3,8,August,West,California,San Diego,Furniture,Chairs,1603.1360,100.1960,4,1
2016-08-26,2016,3,8,August,West,California,San Jose,Office Supplies,Fasteners,10.2300,4.9104,3,1
2016-08-26,2016,3,8,August,West,California,San Jose,Office Supplies,Paper,154.9000,69.7050,5,1
2016-08-26,2016,3,8,August,West,Washington,Seattle,Office Supplies,Paper,6.4800,3.1104,1,1
2016-08-27,2016,3,8,August,Central,Texas,Dallas,Office Supplies,Paper,8.1520,2.8228,2,1
2016-08-27,2016,3,8,August,Central,Texas,Dallas,Office Supplies,Supplies,106.6880,-4.7416,9,1
2016-08-27,2016,3,8,August,Central,Texas,Houston,Office Supplies,Paper,79.9200,27.9720,5,1
2016-08-27,2016,3,8,August,Central,Texas,Houston,Office Supplies,Storage,14.1600,1.0620,1,1
2016-08-27,2016,3,8,August,East,Massachusetts,Quincy,Furniture,Tables,244.6150,20.9670,1,1
2016-08-27,2016,3,8,August,East,Massachusetts,Quincy,Office Supplies,Binders,29.0000,13.9200,5,1
2016-08-27,2016,3,8,August,East,Massachusetts,Quincy,Office Supplies,Fasteners,11.6800,5.2560,4,1
2016-08-27,2016,3,8,August,East,Massachusetts,Quincy,Office Supplies,Paper,204.5100,96.9483,12,1
2016-08-27,2016,3,8,August,East,Massachusetts,Quincy,Technology,Phones,59.9700,28.7856,3,1
2016-08-27,2016,3,8,August,South,Florida,Hollywood,Office Supplies,Labels,9.2160,3.3408,4,1
2016-08-28,2016,3,8,August,Central,Texas,Dallas,Furniture,Bookcases,156.3728,-52.8908,2,1
2016-08-28,2016,3,8,August,Central,Texas,Dallas,Office Supplies,Binders,23.1640,-38.2206,13,1
2016-08-28,2016,3,8,August,East,Ohio,Cincinnati,Office Supplies,Binders,18.4320,-12.2880,8,1
2016-08-28,2016,3,8,August,West,Colorado,Englewood,Office Supplies,Paper,15.4800,5.6115,3,1
2016-08-28,2016,3,8,August,West,Colorado,Englewood,Technology,Phones,108.5760,8.1432,3,1
2016-08-29,2016,3,8,August,Central,Illinois,Chicago,Office Supplies,Binders,1.7880,-3.0396,3,1
2016-08-29,2016,3,8,August,Central,Illinois,Chicago,Office Supplies,Paper,64.6240,22.6184,7,1
2016-08-29,2016,3,8,August,Central,Illinois,Chicago,Technology,Accessories,95.9760,-10.7973,3,1
2016-08-29,2016,3,8,August,East,New Hampshire,Concord,Office Supplies,Supplies,27.9300,8.0997,3,1
2016-08-29,2016,3,8,August,East,New York,New York City,Technology,Phones,22.0000,5.5000,4,1
2016-08-29,2016,3,8,August,East,Pennsylvania,Philadelphia,Furniture,Bookcases,163.8800,-81.9400,4,1
2016-08-29,2016,3,8,August,East,Pennsylvania,Philadelphia,Furniture,Tables,241.9200,-56.4480,4,1
2016-08-29,2016,3,8,August,East,Pennsylvania,Philadelphia,Office Supplies,Binders,3.4860,-2.7888,2,1
2016-08-29,2016,3,8,August,East,Pennsylvania,Philadelphia,Office Supplies,Fasteners,10.5840,-2.3814,7,1
2016-08-30,2016,3,8,August,East,Pennsylvania,Philadelphia,Furniture,Chairs,786.7440,-258.5016,4,1
2016-08-30,2016,3,8,August,East,Pennsylvania,Philadelphia,Office Supplies,Binders,37.7640,-27.6936,6,1
2016-08-30,2016,3,8,August,East,Pennsylvania,Philadelphia,Office Supplies,Labels,100.2400,33.8310,10,1
2016-08-30,2016,3,8,August,East,Pennsylvania,Philadelphia,Office Supplies,Storage,54.2240,3.3890,2,1
2016-08-30,2016,3,8,August,East,Pennsylvania,Philadelphia,Technology,Phones,290.8980,-67.8762,3,1
2016-08-30,2016,3,8,August,West,California,Los Angeles,Furniture,Furnishings,47.0400,15.9936,4,1
2016-08-30,2016,3,8,August,West,California,Los Angeles,Technology,Phones,339.9600,42.4950,5,1
2016-08-31,2016,3,8,August,Central,Texas,Waco,Office Supplies,Storage,23.9680,2.3968,2,1
2016-09-01,2016,3,9,September,Central,Michigan,Detroit,Office Supplies,Appliances,376.7400,71.1620,4,1
2016-09-01,2016,3,9,September,Central,Michigan,Detroit,Office Supplies,Art,11.9600,2.9900,2,1
2016-09-01,2016,3,9,September,Central,Michigan,Detroit,Office Supplies,Binders,80.0200,38.2228,14,1
2016-09-01,2016,3,9,September,Central,Michigan,Detroit,Technology,Phones,8.7800,2.2828,1,1
2016-09-01,2016,3,9,September,East,New York,New York City,Furniture,Furnishings,191.8200,61.3824,3,1
2016-09-01,2016,3,9,September,East,New York,New York City,Office Supplies,Binders,4358.2160,1416.4964,5,1
2016-09-01,2016,3,9,September,East,New York,New York City,Office Supplies,Paper,73.6800,34.6296,6,1
2016-09-01,2016,3,9,September,East,New York,New York City,Office Supplies,Supplies,10.9500,3.2850,3,1
2016-09-01,2016,3,9,September,East,New York,New York City,Technology,Accessories,548.1700,239.0662,9,2
2016-09-01,2016,3,9,September,East,Pennsylvania,Philadelphia,Office Supplies,Fasteners,16.6880,5.4236,7,1
2016-09-01,2016,3,9,September,East,Pennsylvania,Philadelphia,Office Supplies,Paper,30.4800,9.9060,6,1
2016-09-01,2016,3,9,September,East,Pennsylvania,Philadelphia,Technology,Phones,23.9880,-4.7976,2,1
2016-09-01,2016,3,9,September,West,California,Huntington Beach,Office Supplies,Envelopes,12.7800,5.7510,1,1
2016-09-01,2016,3,9,September,West,California,San Francisco,Office Supplies,Envelopes,21.8800,10.9400,2,1
2016-09-02,2016,3,9,September,Central,Illinois,Chicago,Furniture,Furnishings,84.2720,-75.8448,2,1
2016-09-02,2016,3,9,September,Central,Illinois,Chicago,Office Supplies,Labels,29.2400,9.8685,5,1
2016-09-02,2016,3,9,September,Central,Illinois,Chicago,Office Supplies,Storage,35.1680,-8.3524,2,1
2016-09-02,2016,3,9,September,Central,Illinois,Chicago,Technology,Machines,1362.9000,-19.4700,3,1
2016-09-02,2016,3,9,September,Central,Texas,Houston,Office Supplies,Binders,8.6080,-13.3424,8,1
2016-09-02,2016,3,9,September,Central,Texas,Houston,Technology,Accessories,159.5600,33.9065,5,1
2016-09-02,2016,3,9,September,Central,Wisconsin,Madison,Office Supplies,Binders,8.2600,3.8822,2,1
2016-09-02,2016,3,9,September,Central,Wisconsin,Madison,Office Supplies,Fasteners,1.8100,0.6516,1,1
2016-09-02,2016,3,9,September,East,New York,New York City,Furniture,Furnishings,39.9800,9.9950,2,1
2016-09-02,2016,3,9,September,East,New York,New York City,Office Supplies,Art,75.4800,19.6248,2,1
2016-09-02,2016,3,9,September,South,North Carolina,Charlotte,Furniture,Tables,472.5180,-149.6307,3,1
2016-09-02,2016,3,9,September,South,North Carolina,Charlotte,Office Supplies,Appliances,309.4560,34.8138,9,1
2016-09-02,2016,3,9,September,South,North Carolina,Charlotte,Office Supplies,Art,19.4560,3.4048,4,1
2016-09-02,2016,3,9,September,South,North Carolina,Charlotte,Office Supplies,Binders,40.1310,-30.1931,12,1
2016-09-02,2016,3,9,September,South,North Carolina,Charlotte,Technology,Accessories,1012.6800,303.8040,3,1
2016-09-02,2016,3,9,September,West,California,Los Angeles,Furniture,Furnishings,94.6800,31.2444,9,1
2016-09-02,2016,3,9,September,West,California,Los Angeles,Furniture,Tables,568.7280,28.4364,3,1
2016-09-02,2016,3,9,September,West,California,Los Angeles,Office Supplies,Art,18.6900,5.2332,7,1
2016-09-02,2016,3,9,September,West,California,Los Angeles,Office Supplies,Binders,7.3120,2.5592,1,1
2016-09-02,2016,3,9,September,West,California,Los Angeles,Office Supplies,Storage,23.6700,0.9468,3,1
2016-09-02,2016,3,9,September,West,California,Los Angeles,Technology,Phones,1091.1680,68.1980,4,1
2016-09-02,2016,3,9,September,West,California,San Francisco,Office Supplies,Storage,46.5300,12.0978,3,1
2016-09-02,2016,3,9,September,West,Washington,Des Moines,Furniture,Chairs,215.9760,-2.6997,3,1
2016-09-02,2016,3,9,September,West,Washington,Des Moines,Office Supplies,Envelopes,65.9400,30.9918,3,1
2016-09-02,2016,3,9,September,West,Washington,Des Moines,Technology,Copiers,999.9800,449.9910,2,1
2016-09-03,2016,3,9,September,Central,Illinois,Aurora,Furniture,Furnishings,83.9520,-90.2484,3,1
2016-09-03,2016,3,9,September,Central,Illinois,Chicago,Furniture,Bookcases,198.7440,0.0000,4,1
2016-09-03,2016,3,9,September,Central,Illinois,Chicago,Office Supplies,Binders,8.8080,-14.9736,3,1
2016-09-03,2016,3,9,September,Central,Wisconsin,Waukesha,Office Supplies,Storage,54.5000,14.1700,5,1
2016-09-03,2016,3,9,September,East,Connecticut,Middletown,Office Supplies,Paper,48.1600,22.1536,7,1
2016-09-03,2016,3,9,September,East,Maryland,Baltimore,Furniture,Bookcases,344.9400,31.0446,3,1
2016-09-03,2016,3,9,September,East,Maryland,Baltimore,Furniture,Furnishings,14.7600,4.2804,2,1
2016-09-03,2016,3,9,September,East,Maryland,Baltimore,Office Supplies,Binders,12.7600,5.8696,2,1
2016-09-03,2016,3,9,September,East,Maryland,Baltimore,Office Supplies,Labels,58.4800,27.4856,8,1
2016-09-03,2016,3,9,September,East,Ohio,Cincinnati,Office Supplies,Paper,30.9600,11.2230,6,1
2016-09-03,2016,3,9,September,East,Pennsylvania,Philadelphia,Office Supplies,Binders,1141.4700,-760.9800,5,1
2016-09-03,2016,3,9,September,East,Pennsylvania,Philadelphia,Technology,Phones,280.7820,-46.7970,3,1
2016-09-03,2016,3,9,September,South,Louisiana,Monroe,Office Supplies,Binders,87.2800,41.0216,8,1
2016-09-04,2016,3,9,September,Central,Minnesota,Woodbury,Office Supplies,Storage,535.4100,160.6230,3,1
2016-09-04,2016,3,9,September,Central,Missouri,Springfield,Office Supplies,Envelopes,16.5600,7.7832,2,1
2016-09-04,2016,3,9,September,Central,Missouri,Springfield,Technology,Accessories,279.9500,67.1880,5,1
2016-09-04,2016,3,9,September,Central,Texas,Houston,Office Supplies,Art,66.2880,8.0442,4,1
2016-09-04,2016,3,9,September,East,New York,New York City,Furniture,Furnishings,63.9400,24.9366,1,1
2016-09-04,2016,3,9,September,East,New York,New York City,Office Supplies,Binders,60.6000,20.4525,5,1
2016-09-04,2016,3,9,September,East,New York,New York City,Office Supplies,Supplies,22.7200,6.5888,4,1
2016-09-04,2016,3,9,September,South,Arkansas,Jonesboro,Office Supplies,Paper,239.5000,114.9600,5,1
2016-09-04,2016,3,9,September,South,Kentucky,Georgetown,Furniture,Furnishings,42.6000,16.6140,3,1
2016-09-04,2016,3,9,September,South,Kentucky,Georgetown,Office Supplies,Art,5.2800,2.5344,3,1
2016-09-04,2016,3,9,September,South,Kentucky,Georgetown,Office Supplies,Binders,113.9400,54.6912,6,1
2016-09-04,2016,3,9,September,South,Kentucky,Georgetown,Office Supplies,Storage,129.9200,5.1968,4,1
2016-09-04,2016,3,9,September,South,Tennessee,Knoxville,Office Supplies,Appliances,87.1680,8.7168,2,1
2016-09-04,2016,3,9,September,South,Tennessee,Knoxville,Office Supplies,Art,31.7440,8.3328,2,1
2016-09-04,2016,3,9,September,South,Tennessee,Knoxville,Office Supplies,Paper,12.1920,4.1148,3,1
2016-09-04,2016,3,9,September,West,California,San Francisco,Furniture,Furnishings,24.2700,8.7372,3,1
2016-09-04,2016,3,9,September,West,California,San Francisco,Technology,Copiers,2799.9600,944.9865,5,1
2016-09-05,2016,3,9,September,Central,Illinois,Chicago,Office Supplies,Paper,9.2480,3.3524,2,1
2016-09-05,2016,3,9,September,Central,Iowa,Cedar Rapids,Technology,Phones,278.4000,80.7360,3,1
2016-09-05,2016,3,9,September,Central,Kansas,Olathe,Office Supplies,Art,107.9400,26.9850,3,1
2016-09-05,2016,3,9,September,Central,Michigan,Detroit,Furniture,Chairs,242.9400,29.1528,3,1
2016-09-05,2016,3,9,September,Central,Michigan,Detroit,Furniture,Furnishings,12.2200,3.6660,1,1
2016-09-05,2016,3,9,September,Central,Michigan,Detroit,Office Supplies,Labels,22.0500,10.5840,7,1
2016-09-05,2016,3,9,September,Central,Michigan,Detroit,Office Supplies,Paper,91.3600,42.0256,4,1
2016-09-05,2016,3,9,September,Central,Michigan,Detroit,Office Supplies,Storage,265.8900,43.9683,6,1
2016-09-05,2016,3,9,September,Central,Texas,Austin,Furniture,Chairs,347.8020,-24.8430,7,1
2016-09-05,2016,3,9,September,Central,Texas,Houston,Furniture,Furnishings,21.2040,-11.6622,3,1
2016-09-05,2016,3,9,September,Central,Texas,Houston,Office Supplies,Appliances,62.7900,-166.3935,3,1
2016-09-05,2016,3,9,September,Central,Texas,Houston,Office Supplies,Fasteners,44.2480,9.6012,17,2
2016-09-05,2016,3,9,September,Central,Texas,Houston,Office Supplies,Paper,36.2880,12.8304,7,1
2016-09-05,2016,3,9,September,Central,Texas,San Antonio,Office Supplies,Storage,93.4560,-17.5230,3,1
2016-09-05,2016,3,9,September,East,New York,New York City,Office Supplies,Paper,192.1600,92.2368,4,1
2016-09-05,2016,3,9,September,East,New York,New York City,Technology,Phones,43.6000,12.2080,4,1
2016-09-05,2016,3,9,September,East,Ohio,Lancaster,Furniture,Chairs,85.2460,-1.2178,2,1
2016-09-05,2016,3,9,September,East,Ohio,Lancaster,Office Supplies,Binders,17.8080,-13.9544,8,1
2016-09-05,2016,3,9,September,East,Pennsylvania,Philadelphia,Furniture,Chairs,958.5170,-82.7147,5,1
2016-09-05,2016,3,9,September,East,Pennsylvania,Philadelphia,Furniture,Furnishings,141.0480,21.9996,11,2
2016-09-05,2016,3,9,September,East,Pennsylvania,Philadelphia,Office Supplies,Art,7.8720,0.5904,3,1
2016-09-05,2016,3,9,September,East,Pennsylvania,Philadelphia,Office Supplies,Binders,9.5550,-7.3255,5,1
2016-09-05,2016,3,9,September,South,Tennessee,Johnson City,Office Supplies,Binders,86.0580,-63.1092,7,1
2016-09-05,2016,3,9,September,South,Tennessee,Johnson City,Office Supplies,Envelopes,23.4720,7.6284,3,1
2016-09-05,2016,3,9,September,South,Tennessee,Johnson City,Office Supplies,Paper,10.2720,3.2100,3,1
2016-09-05,2016,3,9,September,South,Tennessee,Johnson City,Technology,Phones,108.7840,6.7990,2,1
2016-09-05,2016,3,9,September,South,Virginia,Chesapeake,Furniture,Tables,1652.9400,314.0586,3,1
2016-09-05,2016,3,9,September,South,Virginia,Chesapeake,Office Supplies,Labels,25.0600,11.7782,2,1
2016-09-05,2016,3,9,September,West,California,Redondo Beach,Office Supplies,Binders,11.6800,3.9420,2,1
2016-09-05,2016,3,9,September,West,California,Redondo Beach,Office Supplies,Fasteners,4.3600,1.7876,2,1
2016-09-05,2016,3,9,September,West,California,Redondo Beach,Office Supplies,Paper,96.0800,46.1184,2,1
2016-09-05,2016,3,9,September,West,California,San Diego,Technology,Accessories,116.0000,29.0000,8,1
2016-09-06,2016,3,9,September,Central,Minnesota,Saint Paul,Office Supplies,Appliances,77.8800,22.5852,6,1
2016-09-06,2016,3,9,September,Central,Texas,Dallas,Office Supplies,Paper,41.9200,15.1960,4,1
2016-09-06,2016,3,9,September,Central,Texas,Dallas,Technology,Phones,329.5840,37.0782,2,1
2016-09-06,2016,3,9,September,Central,Texas,Houston,Office Supplies,Storage,10.7840,0.8088,1,1
2016-09-06,2016,3,9,September,East,New York,New York City,Furniture,Bookcases,722.3520,90.2940,3,1
2016-09-06,2016,3,9,September,East,New York,New York City,Technology,Accessories,31.8600,11.1510,2,1
2016-09-06,2016,3,9,September,South,North Carolina,Thomasville,Office Supplies,Binders,3.2040,-2.4564,2,1
2016-09-06,2016,3,9,September,South,North Carolina,Thomasville,Office Supplies,Envelopes,95.9520,29.9850,3,1
2016-09-08,2016,3,9,September,Central,Illinois,Wheeling,Furniture,Furnishings,14.1360,-7.7748,2,1
2016-09-08,2016,3,9,September,Central,Illinois,Wheeling,Furniture,Tables,601.4700,-300.7350,3,1
2016-09-08,2016,3,9,September,Central,Texas,Dallas,Office Supplies,Art,70.3680,6.1572,2,1
2016-09-08,2016,3,9,September,Central,Texas,Dallas,Technology,Phones,59.9600,21.7355,5,1
2016-09-08,2016,3,9,September,Central,Texas,Houston,Furniture,Bookcases,2396.2656,-317.1528,4,1
2016-09-08,2016,3,9,September,Central,Texas,Houston,Office Supplies,Storage,167.0880,-29.1888,7,1
2016-09-08,2016,3,9,September,Central,Texas,Houston,Technology,Accessories,57.5840,0.7198,2,1
2016-09-08,2016,3,9,September,East,Massachusetts,Malden,Furniture,Bookcases,173.9400,13.9152,3,1
2016-09-08,2016,3,9,September,East,Massachusetts,Malden,Office Supplies,Labels,14.7600,6.9372,4,1
2016-09-08,2016,3,9,September,East,New York,New York City,Office Supplies,Appliances,207.4800,62.2440,1,1
2016-09-08,2016,3,9,September,South,North Carolina,Monroe,Office Supplies,Paper,64.7040,23.4552,3,1
2016-09-08,2016,3,9,September,South,North Carolina,Monroe,Technology,Accessories,35.1680,8.3524,4,1
2016-09-08,2016,3,9,September,West,California,Lancaster,Office Supplies,Binders,100.1600,35.0560,6,1
2016-09-08,2016,3,9,September,West,California,Santa Ana,Furniture,Tables,146.0400,-12.7785,1,1
2016-09-08,2016,3,9,September,West,California,Visalia,Office Supplies,Art,14.8800,3.7200,2,1
2016-09-08,2016,3,9,September,West,California,Visalia,Office Supplies,Paper,34.2400,15.4080,8,1
2016-09-08,2016,3,9,September,West,California,Visalia,Office Supplies,Storage,261.7400,65.4350,2,1
2016-09-08,2016,3,9,September,West,Washington,Seattle,Furniture,Furnishings,43.1300,14.6642,1,1
2016-09-08,2016,3,9,September,West,Washington,Seattle,Office Supplies,Paper,30.8700,14.2002,7,1
2016-09-09,2016,3,9,September,Central,Texas,Dallas,Furniture,Furnishings,15.0080,-12.0064,4,1
2016-09-09,2016,3,9,September,East,New York,New York City,Office Supplies,Binders,14.6240,5.4840,2,1
2016-09-09,2016,3,9,September,West,California,Stockton,Office Supplies,Binders,55.3600,18.6840,4,1
2016-09-10,2016,3,9,September,Central,Texas,Houston,Furniture,Tables,300.9300,-34.3920,5,1
2016-09-10,2016,3,9,September,Central,Texas,Houston,Technology,Phones,719.9600,53.9970,5,1
2016-09-10,2016,3,9,September,East,New York,New York City,Office Supplies,Paper,6.6900,3.0774,1,1
2016-09-10,2016,3,9,September,East,New York,New York City,Office Supplies,Storage,59.4800,8.9220,2,1
2016-09-10,2016,3,9,September,South,Florida,Fort Lauderdale,Technology,Phones,519.6800,58.4640,7,1
2016-09-10,2016,3,9,September,South,Tennessee,Bristol,Office Supplies,Art,67.5600,8.4450,3,1
2016-09-10,2016,3,9,September,West,California,Los Angeles,Office Supplies,Binders,276.7840,89.9548,2,1
2016-09-10,2016,3,9,September,West,Washington,Edmonds,Office Supplies,Binders,53.8800,18.3234,6,1
2016-09-10,2016,3,9,September,West,Washington,Edmonds,Office Supplies,Labels,7.3800,3.4686,2,1
2016-09-10,2016,3,9,September,West,Washington,Edmonds,Office Supplies,Paper,81.9800,40.1702,2,1
2016-09-11,2016,3,9,September,Central,Illinois,Chicago,Office Supplies,Binders,1.9080,-3.2436,3,1
2016-09-11,2016,3,9,September,Central,Illinois,Chicago,Office Supplies,Labels,6.0000,2.1000,2,1
2016-09-11,2016,3,9,September,Central,Kansas,Wichita,Technology,Phones,224.7500,62.9300,5,1
2016-09-11,2016,3,9,September,Central,Texas,Houston,Office Supplies,Envelopes,99.5680,33.6042,2,1
2016-09-11,2016,3,9,September,East,Ohio,Toledo,Office Supplies,Binders,22.4280,-17.9424,3,1
2016-09-11,2016,3,9,September,East,Ohio,Toledo,Office Supplies,Storage,37.5200,3.7520,5,1
2016-09-11,2016,3,9,September,East,Pennsylvania,Philadelphia,Office Supplies,Paper,8.4480,2.6400,2,1
2016-09-11,2016,3,9,September,East,Pennsylvania,Philadelphia,Technology,Phones,728.9460,-157.9383,9,1
2016-09-11,2016,3,9,September,South,Virginia,Newport News,Office Supplies,Envelopes,11.0900,5.4341,1,1
2016-09-11,2016,3,9,September,South,Virginia,Newport News,Technology,Copiers,1599.9200,751.9624,8,1
2016-09-11,2016,3,9,September,West,Arizona,Phoenix,Office Supplies,Art,2.9120,0.9100,2,1
2016-09-11,2016,3,9,September,West,Arizona,Phoenix,Office Supplies,Paper,30.3040,10.2476,6,1
2016-09-11,2016,3,9,September,West,California,San Diego,Office Supplies,Paper,7.6100,3.5767,1,1
2016-09-11,2016,3,9,September,West,California,San Diego,Technology,Accessories,3347.3700,636.0003,13,1
2016-09-11,2016,3,9,September,West,California,San Jose,Office Supplies,Binders,39.8720,12.9584,2,1
2016-09-11,2016,3,9,September,West,California,San Jose,Office Supplies,Storage,332.9400,6.6588,3,1
2016-09-12,2016,3,9,September,Central,Michigan,Roseville,Office Supplies,Paper,68.5200,31.5192,3,1
2016-09-12,2016,3,9,September,East,New York,Utica,Furniture,Furnishings,40.4800,14.5728,2,1
2016-09-12,2016,3,9,September,South,Virginia,Springfield,Furniture,Chairs,1059.1200,307.1448,4,1
2016-09-12,2016,3,9,September,South,Virginia,Springfield,Office Supplies,Fasteners,11.3400,5.2164,3,1
2016-09-12,2016,3,9,September,South,Virginia,Springfield,Office Supplies,Storage,67.9000,0.6790,5,1
2016-09-12,2016,3,9,September,South,Virginia,Springfield,Technology,Accessories,20.7000,1.6560,3,1
2016-09-12,2016,3,9,September,West,Colorado,Arvada,Furniture,Chairs,466.7680,52.5114,2,1
2016-09-12,2016,3,9,September,West,Colorado,Arvada,Furniture,Furnishings,30.3680,5.3084,5,1
2016-09-12,2016,3,9,September,West,Colorado,Arvada,Office Supplies,Labels,6.2640,2.0358,3,1
2016-09-12,2016,3,9,September,West,Colorado,Louisville,Furniture,Chairs,83.1360,5.1960,4,1
2016-09-12,2016,3,9,September,West,Colorado,Louisville,Technology,Phones,146.9520,9.1845,3,1
2016-09-12,2016,3,9,September,West,Washington,Seattle,Office Supplies,Binders,20.7040,7.7640,4,1
2016-09-12,2016,3,9,September,West,Washington,Seattle,Office Supplies,Fasteners,10.4700,4.8162,3,1
2016-09-12,2016,3,9,September,West,Washington,Seattle,Office Supplies,Labels,11.0700,5.2029,3,1
2016-09-13,2016,3,9,September,Central,Nebraska,Omaha,Furniture,Furnishings,1336.4400,387.5676,14,1
2016-09-13,2016,3,9,September,Central,Nebraska,Omaha,Office Supplies,Appliances,378.0000,136.0800,2,1
2016-09-13,2016,3,9,September,Central,Nebraska,Omaha,Office Supplies,Labels,14.4000,7.0560,5,1
2016-09-13,2016,3,9,September,Central,Nebraska,Omaha,Office Supplies,Paper,35.2500,17.0964,6,1
2016-09-13,2016,3,9,September,Central,Nebraska,Omaha,Office Supplies,Storage,413.8200,101.1390,9,1
2016-09-13,2016,3,9,September,Central,Nebraska,Omaha,Office Supplies,Supplies,16.9000,5.0700,2,1
2016-09-13,2016,3,9,September,Central,Nebraska,Omaha,Technology,Phones,179.9200,42.2857,8,1
2016-09-14,2016,3,9,September,East,New York,Long Beach,Office Supplies,Binders,673.5680,252.5880,2,1
2016-09-14,2016,3,9,September,East,New York,Long Beach,Technology,Phones,437.8500,131.3550,3,1
2016-09-14,2016,3,9,September,South,South Carolina,Columbia,Office Supplies,Paper,25.9200,12.4416,4,1
2016-09-15,2016,3,9,September,East,New York,New York City,Office Supplies,Binders,841.5680,294.5488,2,1
2016-09-15,2016,3,9,September,East,Pennsylvania,Philadelphia,Office Supplies,Paper,5.3440,1.8704,1,1
2016-09-15,2016,3,9,September,West,Idaho,Twin Falls,Furniture,Tables,1128.3900,259.5297,3,1
2016-09-15,2016,3,9,September,West,Idaho,Twin Falls,Office Supplies,Binders,20.4160,6.6352,4,1
2016-09-15,2016,3,9,September,West,Washington,Seattle,Office Supplies,Art,35.4000,13.4520,5,1
2016-09-15,2016,3,9,September,West,Washington,Seattle,Office Supplies,Binders,48.6640,15.8158,7,1
2016-09-15,2016,3,9,September,West,Washington,Seattle,Office Supplies,Paper,21.4000,10.0580,5,1
2016-09-16,2016,3,9,September,South,Georgia,Columbus,Furniture,Chairs,121.7800,30.4450,2,1
2016-09-16,2016,3,9,September,West,California,Laguna Niguel,Office Supplies,Paper,12.9600,6.3504,2,1
2016-09-16,2016,3,9,September,West,California,San Jose,Furniture,Bookcases,273.6660,-12.8784,2,1
2016-09-16,2016,3,9,September,West,California,San Jose,Office Supplies,Appliances,17.4800,4.5448,4,1
2016-09-17,2016,3,9,September,Central,Indiana,Columbus,Office Supplies,Art,33.4000,12.3580,5,1
2016-09-17,2016,3,9,September,East,Maine,Bangor,Furniture,Furnishings,109.4800,33.9388,2,1
2016-09-17,2016,3,9,September,East,Maine,Bangor,Technology,Phones,437.8500,131.3550,3,1
2016-09-17,2016,3,9,September,East,Massachusetts,Marlborough,Furniture,Furnishings,206.6400,67.6068,6,1
2016-09-17,2016,3,9,September,East,New York,New York City,Office Supplies,Binders,232.4000,78.4350,5,1
2016-09-17,2016,3,9,September,East,Ohio,Springfield,Office Supplies,Storage,295.4000,-62.7725,5,1
2016-09-17,2016,3,9,September,South,Georgia,Columbus,Technology,Machines,396.0000,190.0800,4,1
2016-09-17,2016,3,9,September,West,California,Los Angeles,Office Supplies,Art,20.1000,6.6330,3,1
2016-09-17,2016,3,9,September,West,California,Los Angeles,Office Supplies,Paper,6.4800,3.1104,1,1
2016-09-17,2016,3,9,September,West,California,Los Angeles,Technology,Phones,73.5840,8.2782,2,1
2016-09-17,2016,3,9,September,West,Washington,Redmond,Office Supplies,Labels,12.3200,5.9136,4,1
2016-09-17,2016,3,9,September,West,Washington,Seattle,Furniture,Chairs,113.8880,9.9652,2,1
2016-09-17,2016,3,9,September,West,Washington,Seattle,Technology,Phones,105.5840,7.9188,2,1
2016-09-18,2016,3,9,September,East,New York,New Rochelle,Furniture,Chairs,631.7820,140.3960,2,1
2016-09-18,2016,3,9,September,East,New York,New Rochelle,Furniture,Furnishings,60.7200,26.1096,3,1
2016-09-18,2016,3,9,September,East,New York,New York City,Office Supplies,Binders,4.6160,1.7310,1,1
2016-09-18,2016,3,9,September,East,Ohio,Columbus,Furniture,Chairs,99.3720,-7.0980,2,1
2016-09-18,2016,3,9,September,East,Ohio,Columbus,Furniture,Furnishings,5.3520,1.6056,3,1
2016-09-18,2016,3,9,September,East,Ohio,Columbus,Office Supplies,Art,2.6720,0.3674,1,1
2016-09-18,2016,3,9,September,South,Alabama,Auburn,Furniture,Chairs,350.9800,84.2352,1,1
2016-09-18,2016,3,9,September,South,Alabama,Auburn,Office Supplies,Paper,13.0800,6.0168,2,1
2016-09-18,2016,3,9,September,South,Alabama,Auburn,Office Supplies,Storage,900.0800,117.0104,4,1
2016-09-18,2016,3,9,September,South,Florida,Jacksonville,Furniture,Tables,383.4380,-167.3184,4,1
2016-09-18,2016,3,9,September,South,Florida,Jacksonville,Office Supplies,Labels,3.0000,1.0500,1,1
2016-09-18,2016,3,9,September,West,California,San Diego,Furniture,Chairs,1687.0960,-49.5239,11,1
2016-09-18,2016,3,9,September,West,California,San Diego,Office Supplies,Paper,368.9100,180.7659,9,1
2016-09-18,2016,3,9,September,West,California,Woodland,Technology,Phones,239.9840,23.9984,2,1
2016-09-19,2016,3,9,September,Central,Illinois,Aurora,Furniture,Chairs,701.3720,-50.0980,2,1
2016-09-19,2016,3,9,September,Central,Illinois,Aurora,Office Supplies,Binders,2.3080,-3.4620,2,1
2016-09-19,2016,3,9,September,East,New Jersey,Orange,Office Supplies,Binders,25.4400,12.7200,6,1
2016-09-19,2016,3,9,September,East,New Jersey,Orange,Office Supplies,Supplies,27.9300,8.0997,3,1
2016-09-19,2016,3,9,September,East,Pennsylvania,Philadelphia,Furniture,Furnishings,25.6320,3.8448,3,1
2016-09-19,2016,3,9,September,East,Rhode Island,Providence,Furniture,Chairs,872.3200,244.2496,4,1
2016-09-19,2016,3,9,September,East,Rhode Island,Providence,Office Supplies,Binders,49.5300,23.7744,3,1
2016-09-19,2016,3,9,September,East,Rhode Island,Providence,Office Supplies,Paper,17.0400,7.6680,3,1
2016-09-19,2016,3,9,September,East,Rhode Island,Providence,Office Supplies,Storage,1675.7500,499.2490,11,2
2016-09-19,2016,3,9,September,South,Georgia,Columbus,Office Supplies,Supplies,5.0400,0.1512,2,1
2016-09-19,2016,3,9,September,South,Georgia,Columbus,Technology,Accessories,249.9500,107.4785,5,1
2016-09-19,2016,3,9,September,West,California,San Francisco,Office Supplies,Binders,20.8800,7.3080,5,2
2016-09-19,2016,3,9,September,West,California,San Francisco,Office Supplies,Supplies,6.2400,1.8720,3,1
2016-09-19,2016,3,9,September,West,California,Stockton,Office Supplies,Paper,159.8800,73.5448,7,1
2016-09-20,2016,3,9,September,Central,Michigan,Grand Rapids,Office Supplies,Binders,83.7000,41.0130,5,1
2016-09-20,2016,3,9,September,East,New York,New York City,Office Supplies,Appliances,393.2500,129.7725,5,1
2016-09-20,2016,3,9,September,South,North Carolina,Greensboro,Furniture,Chairs,98.3920,-11.0691,1,1
2016-09-20,2016,3,9,September,South,North Carolina,Greensboro,Furniture,Furnishings,17.0880,1.0680,2,1
2016-09-20,2016,3,9,September,West,California,San Francisco,Office Supplies,Art,11.7600,3.1752,4,1
2016-09-20,2016,3,9,September,West,California,San Francisco,Office Supplies,Binders,320.6240,104.2028,4,1
2016-09-20,2016,3,9,September,West,California,San Francisco,Office Supplies,Paper,143.3100,68.2482,11,1
2016-09-20,2016,3,9,September,West,Washington,Seattle,Furniture,Bookcases,163.8800,40.9700,2,1
2016-09-22,2016,3,9,September,Central,Indiana,Lawrence,Office Supplies,Paper,35.8800,16.1460,6,1
2016-09-22,2016,3,9,September,Central,Michigan,Grand Rapids,Office Supplies,Paper,35.5600,16.7132,7,1
2016-09-22,2016,3,9,September,Central,Michigan,Grand Rapids,Technology,Phones,97.9800,27.4344,2,1
2016-09-22,2016,3,9,September,Central,Wisconsin,Green Bay,Furniture,Furnishings,18.9600,7.5840,2,1
2016-09-22,2016,3,9,September,East,New York,New York City,Office Supplies,Storage,128.3400,37.2186,6,1
2016-09-22,2016,3,9,September,East,Ohio,Parma,Office Supplies,Envelopes,63.9680,19.9900,2,1
2016-09-22,2016,3,9,September,East,Pennsylvania,Philadelphia,Office Supplies,Art,7.8720,0.8856,3,1
2016-09-22,2016,3,9,September,East,Pennsylvania,Philadelphia,Office Supplies,Labels,16.5200,5.3690,5,1
2016-09-22,2016,3,9,September,South,Florida,Pembroke Pines,Office Supplies,Binders,7.5060,-6.0048,9,1
2016-09-22,2016,3,9,September,South,Florida,Pembroke Pines,Office Supplies,Labels,16.5600,5.7960,2,1
2016-09-22,2016,3,9,September,South,Kentucky,Louisville,Furniture,Furnishings,13.2800,6.3744,2,1
2016-09-22,2016,3,9,September,South,Tennessee,Smyrna,Office Supplies,Art,40.7760,4.5873,3,1
2016-09-22,2016,3,9,September,South,Tennessee,Smyrna,Technology,Phones,63.9360,5.5944,8,1
2016-09-22,2016,3,9,September,West,Colorado,Broomfield,Furniture,Furnishings,68.4320,8.5540,7,1
2016-09-23,2016,3,9,September,East,New York,New York City,Office Supplies,Binders,10.5280,3.6848,7,1
2016-09-23,2016,3,9,September,East,Ohio,Fairfield,Furniture,Furnishings,532.7040,-26.6352,6,1
2016-09-23,2016,3,9,September,East,Ohio,Fairfield,Office Supplies,Art,4.9120,0.3070,2,1
2016-09-23,2016,3,9,September,East,Ohio,Lancaster,Furniture,Furnishings,28.0000,7.7000,4,1
2016-09-23,2016,3,9,September,East,Ohio,Lancaster,Office Supplies,Binders,12.2010,-9.7608,7,1
2016-09-23,2016,3,9,September,East,Ohio,Lancaster,Office Supplies,Paper,11.9520,4.0338,3,1
2016-09-23,2016,3,9,September,South,Georgia,Columbus,Furniture,Chairs,368.9700,81.1734,3,1
2016-09-23,2016,3,9,September,South,Georgia,Columbus,Office Supplies,Storage,118.2500,34.2925,5,1
2016-09-23,2016,3,9,September,West,California,San Diego,Office Supplies,Envelopes,4.0800,1.9176,2,1
2016-09-23,2016,3,9,September,West,California,San Diego,Office Supplies,Labels,18.9000,8.6940,3,1
2016-09-23,2016,3,9,September,West,Washington,Seattle,Furniture,Chairs,184.7520,-20.7846,3,1
2016-09-23,2016,3,9,September,West,Washington,Seattle,Office Supplies,Binders,13.2160,4.4604,4,1
2016-09-23,2016,3,9,September,West,Washington,Seattle,Office Supplies,Supplies,13.6800,3.6936,2,1
2016-09-24,2016,3,9,September,Central,Illinois,Rockford,Office Supplies,Binders,442.3720,-729.9138,7,1
2016-09-24,2016,3,9,September,Central,Indiana,Bloomington,Furniture,Furnishings,127.9500,21.7515,3,1
2016-09-24,2016,3,9,September,Central,Oklahoma,Broken Arrow,Office Supplies,Binders,6.3800,2.9348,1,1
2016-09-24,2016,3,9,September,Central,Oklahoma,Broken Arrow,Office Supplies,Paper,6.4800,3.1104,1,1
2016-09-24,2016,3,9,September,East,Ohio,Columbus,Furniture,Chairs,155.3720,-13.3176,2,1
2016-09-24,2016,3,9,September,West,California,Los Angeles,Furniture,Chairs,563.2400,56.3240,5,1
2016-09-24,2016,3,9,September,West,California,Los Angeles,Office Supplies,Envelopes,304.9000,143.3030,5,1
2016-09-24,2016,3,9,September,West,California,Los Angeles,Office Supplies,Paper,41.7000,20.8500,5,1
2016-09-24,2016,3,9,September,West,California,Los Angeles,Office Supplies,Storage,41.9600,2.9372,2,1
2016-09-24,2016,3,9,September,West,California,San Francisco,Furniture,Furnishings,63.2000,23.3840,5,1
2016-09-24,2016,3,9,September,West,Colorado,Aurora,Furniture,Furnishings,21.4400,7.5040,2,1
2016-09-24,2016,3,9,September,West,Colorado,Aurora,Office Supplies,Storage,511.0560,-95.8230,9,1
2016-09-25,2016,3,9,September,Central,Texas,Irving,Office Supplies,Labels,15.9360,5.1792,4,1
2016-09-25,2016,3,9,September,Central,Wisconsin,La Crosse,Furniture,Chairs,201.9600,50.4900,2,1
2016-09-25,2016,3,9,September,Central,Wisconsin,La Crosse,Furniture,Furnishings,68.6400,17.1600,11,1
2016-09-25,2016,3,9,September,Central,Wisconsin,La Crosse,Office Supplies,Art,3.0400,1.0336,1,1
2016-09-25,2016,3,9,September,Central,Wisconsin,La Crosse,Technology,Accessories,499.9500,174.9825,5,1
2016-09-25,2016,3,9,September,East,Ohio,Cleveland,Office Supplies,Appliances,286.2560,17.8910,1,1
2016-09-25,2016,3,9,September,East,Ohio,Cleveland,Office Supplies,Storage,355.7600,-87.7288,5,1
2016-09-25,2016,3,9,September,West,Arizona,Phoenix,Furniture,Tables,393.1650,-204.4458,3,1
2016-09-25,2016,3,9,September,West,California,Long Beach,Furniture,Chairs,483.1360,60.3920,4,1
2016-09-25,2016,3,9,September,West,California,Long Beach,Office Supplies,Art,5.7600,1.6704,2,1
2016-09-25,2016,3,9,September,West,California,Long Beach,Office Supplies,Labels,34.5800,17.0908,3,1
2016-09-25,2016,3,9,September,West,California,Long Beach,Office Supplies,Paper,10.9000,5.1230,5,1
2016-09-25,2016,3,9,September,West,California,Long Beach,Technology,Copiers,479.9760,161.9919,3,1
2016-09-25,2016,3,9,September,West,California,Long Beach,Technology,Phones,44.7360,4.4736,8,1
2016-09-25,2016,3,9,September,West,California,San Francisco,Furniture,Bookcases,477.6660,84.2940,2,1
2016-09-25,2016,3,9,September,West,California,San Francisco,Office Supplies,Art,16.5600,6.9552,4,1
2016-09-25,2016,3,9,September,West,Oregon,Tigard,Office Supplies,Binders,5.0220,-3.5154,1,1
2016-09-25,2016,3,9,September,West,Oregon,Tigard,Office Supplies,Paper,60.0480,22.5180,9,1
2016-09-26,2016,3,9,September,Central,Illinois,Decatur,Furniture,Chairs,747.5580,-96.1146,3,1
2016-09-26,2016,3,9,September,Central,Illinois,Decatur,Office Supplies,Envelopes,8.9280,3.3480,2,1
2016-09-26,2016,3,9,September,Central,Iowa,Iowa City,Office Supplies,Paper,9.9900,4.4955,1,1
2016-09-26,2016,3,9,September,Central,Texas,Houston,Furniture,Chairs,454.9650,-136.4895,5,1
2016-09-26,2016,3,9,September,Central,Texas,Houston,Office Supplies,Appliances,93.0320,-251.1864,2,1
2016-09-26,2016,3,9,September,Central,Texas,Houston,Office Supplies,Binders,22.4400,-36.5856,4,2
2016-09-26,2016,3,9,September,South,Florida,Tallahassee,Technology,Accessories,431.9760,-75.5958,3,1
2016-09-26,2016,3,9,September,West,California,Hesperia,Furniture,Bookcases,424.9575,19.9980,5,1
2016-09-26,2016,3,9,September,West,California,Redlands,Office Supplies,Art,35.4000,13.4520,5,1
2016-09-26,2016,3,9,September,West,California,Redlands,Office Supplies,Labels,7.8300,3.6018,3,1
2016-09-26,2016,3,9,September,West,California,Redlands,Office Supplies,Paper,29.9000,13.4550,5,1
2016-09-26,2016,3,9,September,West,California,Redlands,Office Supplies,Storage,51.4500,13.8915,3,1
2016-09-26,2016,3,9,September,West,California,San Francisco,Office Supplies,Paper,12.9600,6.2208,2,1
2016-09-26,2016,3,9,September,West,Washington,Covington,Office Supplies,Appliances,236.8800,66.3264,6,1
2016-09-26,2016,3,9,September,West,Washington,Covington,Office Supplies,Paper,29.9000,14.6510,5,1
2016-09-26,2016,3,9,September,West,Washington,Covington,Technology,Accessories,100.0000,21.0000,4,1
2016-09-27,2016,3,9,September,Central,Texas,Huntsville,Furniture,Bookcases,956.6648,-225.0976,7,1
2016-09-27,2016,3,9,September,East,Ohio,Lancaster,Office Supplies,Binders,2.9070,-2.0349,3,1
2016-09-27,2016,3,9,September,South,Georgia,Atlanta,Office Supplies,Art,13.8900,4.5837,3,1
2016-09-27,2016,3,9,September,South,Georgia,Atlanta,Office Supplies,Paper,17.9400,8.7906,3,1
2016-09-27,2016,3,9,September,West,Washington,Seattle,Technology,Phones,1001.5840,125.1980,2,1
2016-09-28,2016,3,9,September,Central,Illinois,Quincy,Office Supplies,Paper,99.1360,30.9800,4,1
2016-09-29,2016,3,9,September,Central,Indiana,Columbus,Office Supplies,Art,40.8800,10.6288,7,1
2016-09-29,2016,3,9,September,East,Pennsylvania,Philadelphia,Office Supplies,Labels,15.9360,5.1792,4,1
2016-09-29,2016,3,9,September,South,Alabama,Mobile,Office Supplies,Art,25.9200,7.7760,9,1
2016-09-29,2016,3,9,September,South,Alabama,Mobile,Office Supplies,Binders,62.9400,30.2112,3,1
2016-09-29,2016,3,9,September,South,Alabama,Mobile,Technology,Accessories,209.9700,71.3898,3,1
2016-09-29,2016,3,9,September,West,Arizona,Yuma,Office Supplies,Art,10.4960,1.1808,4,1
2016-09-29,2016,3,9,September,West,California,Los Angeles,Office Supplies,Paper,18.9700,9.1056,1,1
2016-09-29,2016,3,9,September,West,California,Los Angeles,Technology,Accessories,36.2400,15.2208,1,1
2016-09-29,2016,3,9,September,West,California,San Francisco,Office Supplies,Binders,27.2400,9.5340,5,1
2016-09-29,2016,3,9,September,West,Oregon,Springfield,Technology,Phones,859.2000,75.1800,3,1
2016-09-30,2016,3,9,September,Central,Illinois,Quincy,Office Supplies,Binders,1.9640,-3.2406,2,1
2016-09-30,2016,3,9,September,East,New York,New York City,Furniture,Bookcases,523.9200,-26.1960,5,1
2016-10-01,2016,4,10,October,Central,Indiana,La Porte,Furniture,Furnishings,41.8500,10.8810,5,1
2016-10-01,2016,4,10,October,Central,Indiana,La Porte,Technology,Phones,69.9000,18.8730,2,1
2016-10-01,2016,4,10,October,Central,Texas,Amarillo,Office Supplies,Paper,28.3520,9.5688,1,1
2016-10-01,2016,4,10,October,Central,Texas,Amarillo,Technology,Accessories,79.5120,20.8719,3,1
2016-10-01,2016,4,10,October,East,New York,New York City,Furniture,Tables,330.5880,-115.7058,1,1
2016-10-01,2016,4,10,October,South,Florida,Hialeah,Office Supplies,Art,30.9760,5.0336,8,1
2016-10-01,2016,4,10,October,South,Florida,Hialeah,Office Supplies,Binders,5.3880,-4.4900,4,1
2016-10-01,2016,4,10,October,West,California,San Francisco,Furniture,Chairs,194.8480,12.1780,4,1
2016-10-02,2016,4,10,October,Central,Indiana,Lafayette,Office Supplies,Art,33.9600,9.5088,2,1
2016-10-02,2016,4,10,October,Central,Indiana,Lafayette,Office Supplies,Binders,770.3500,348.0323,9,1
2016-10-02,2016,4,10,October,Central,Indiana,Lafayette,Office Supplies,Storage,32.4800,4.8720,2,1
2016-10-02,2016,4,10,October,Central,Indiana,Lafayette,Technology,Copiers,17499.9500,8399.9760,5,1
2016-10-02,2016,4,10,October,East,New York,New York City,Office Supplies,Appliances,61.4400,16.5888,3,1
2016-10-02,2016,4,10,October,West,Arizona,Phoenix,Office Supplies,Binders,54.7920,-40.1808,6,1
2016-10-03,2016,4,10,October,Central,Texas,Grand Prairie,Furniture,Furnishings,38.0800,-29.5120,5,1
2016-10-03,2016,4,10,October,Central,Texas,Houston,Office Supplies,Envelopes,15.6480,5.0856,2,1
2016-10-03,2016,4,10,October,East,New York,New York City,Furniture,Chairs,599.2920,93.2232,6,1
2016-10-03,2016,4,10,October,West,California,Lake Forest,Furniture,Chairs,915.1360,102.9528,4,1
2016-10-03,2016,4,10,October,West,California,Lake Forest,Office Supplies,Labels,6.1600,2.9568,2,1
2016-10-03,2016,4,10,October,West,California,Lake Forest,Office Supplies,Paper,106.3800,49.8274,4,1
2016-10-04,2016,4,10,October,Central,Texas,The Colony,Office Supplies,Envelopes,59.7520,19.4194,7,1
2016-10-04,2016,4,10,October,East,Maryland,Baltimore,Furniture,Tables,239.3720,-23.9372,2,1
2016-10-04,2016,4,10,October,East,Rhode Island,Providence,Office Supplies,Binders,30.4000,13.9840,1,1
2016-10-04,2016,4,10,October,East,Rhode Island,Providence,Office Supplies,Storage,119.1000,34.5390,3,1
2016-10-04,2016,4,10,October,East,Rhode Island,Providence,Technology,Copiers,5399.9100,2591.9568,9,1
2016-10-04,2016,4,10,October,South,Florida,Coral Gables,Furniture,Furnishings,11.5680,2.6028,3,1
2016-10-04,2016,4,10,October,South,Florida,Coral Gables,Technology,Phones,52.6800,19.7550,3,1
2016-10-06,2016,4,10,October,Central,Oklahoma,Tulsa,Office Supplies,Binders,28.8500,14.4250,5,1
2016-10-06,2016,4,10,October,West,Colorado,Pueblo,Office Supplies,Binders,29.8800,-24.1016,8,1
2016-10-06,2016,4,10,October,West,Colorado,Pueblo,Technology,Accessories,67.9600,0.8495,5,1
2016-10-06,2016,4,10,October,West,Colorado,Pueblo,Technology,Machines,703.7100,-938.2800,6,1
2016-10-07,2016,4,10,October,East,Pennsylvania,Philadelphia,Office Supplies,Labels,4.9280,1.7248,2,1
2016-10-07,2016,4,10,October,West,California,Los Angeles,Office Supplies,Binders,27.2640,8.8608,2,1
2016-10-07,2016,4,10,October,West,California,Los Angeles,Office Supplies,Paper,10.5600,5.0688,2,1
2016-10-07,2016,4,10,October,West,Washington,Marysville,Office Supplies,Fasteners,93.3600,0.9336,12,1
2016-10-07,2016,4,10,October,West,Washington,Spokane,Technology,Machines,837.6000,62.8200,3,1
2016-10-08,2016,4,10,October,Central,Texas,Houston,Furniture,Furnishings,51.7120,-32.3200,8,1
2016-10-08,2016,4,10,October,Central,Texas,San Antonio,Office Supplies,Labels,60.1440,20.2986,6,1
2016-10-08,2016,4,10,October,South,North Carolina,Charlotte,Office Supplies,Storage,387.7200,-67.8510,5,1
2016-10-08,2016,4,10,October,West,California,Los Angeles,Office Supplies,Paper,61.9600,27.8820,2,1
2016-10-09,2016,4,10,October,East,Ohio,Troy,Technology,Phones,23.9760,-15.5844,4,1
2016-10-09,2016,4,10,October,East,Pennsylvania,Philadelphia,Furniture,Furnishings,332.8320,-24.9624,4,1
2016-10-09,2016,4,10,October,East,Pennsylvania,Philadelphia,Office Supplies,Paper,19.1360,5.9800,4,1
2016-10-09,2016,4,10,October,West,Arizona,Phoenix,Furniture,Furnishings,169.5680,0.0000,2,1
2016-10-09,2016,4,10,October,West,Arizona,Phoenix,Office Supplies,Art,1.4080,0.1584,1,1
2016-10-10,2016,4,10,October,Central,Texas,La Porte,Furniture,Furnishings,14.0000,-6.3000,4,1
2016-10-10,2016,4,10,October,Central,Texas,La Porte,Office Supplies,Binders,16.3920,-26.2272,2,1
2016-10-10,2016,4,10,October,South,North Carolina,Greensboro,Office Supplies,Binders,4.0950,-2.7300,3,1
2016-10-10,2016,4,10,October,South,North Carolina,Greensboro,Office Supplies,Supplies,20.6080,-4.3792,2,1
2016-10-10,2016,4,10,October,West,Colorado,Denver,Furniture,Bookcases,90.8820,-190.8522,3,1
2016-10-10,2016,4,10,October,West,Colorado,Denver,Furniture,Chairs,120.7840,13.5882,1,1
2016-10-10,2016,4,10,October,West,Colorado,Denver,Technology,Phones,15.9920,-2.9985,1,1
2016-10-11,2016,4,10,October,Central,Illinois,Chicago,Office Supplies,Art,33.0640,4.1330,5,1
2016-10-13,2016,4,10,October,Central,Texas,Laredo,Furniture,Furnishings,139.9200,-150.4140,5,1
2016-10-13,2016,4,10,October,Central,Texas,Laredo,Office Supplies,Art,15.8720,1.1904,1,1
2016-10-13,2016,4,10,October,Central,Texas,Laredo,Office Supplies,Binders,6.2860,-11.0005,7,1
2016-10-13,2016,4,10,October,Central,Texas,Laredo,Office Supplies,Paper,8.2880,3.0044,2,1
2016-10-13,2016,4,10,October,Central,Texas,Laredo,Technology,Accessories,191.9760,23.9970,3,1
2016-10-13,2016,4,10,October,East,New York,New York City,Furniture,Furnishings,82.2600,33.7266,3,1
2016-10-13,2016,4,10,October,East,New York,New York City,Office Supplies,Art,34.7000,12.4920,5,1
2016-10-13,2016,4,10,October,East,New York,New York City,Office Supplies,Labels,24.9000,11.4540,5,1
2016-10-13,2016,4,10,October,East,New York,New York City,Office Supplies,Paper,37.9400,18.2112,2,1
2016-10-13,2016,4,10,October,East,New York,New York City,Office Supplies,Storage,99.8700,23.9688,3,1
2016-10-13,2016,4,10,October,West,California,Roseville,Furniture,Furnishings,43.1200,20.6976,14,1
2016-10-13,2016,4,10,October,West,California,Roseville,Office Supplies,Art,11.5200,3.4560,4,1
2016-10-13,2016,4,10,October,West,California,Roseville,Office Supplies,Binders,76.1760,26.6616,3,1
2016-10-13,2016,4,10,October,West,California,Roseville,Office Supplies,Fasteners,4.0200,1.9698,2,1
2016-10-13,2016,4,10,October,West,California,Roseville,Office Supplies,Paper,55.4800,26.2760,4,1
2016-10-13,2016,4,10,October,West,California,Roseville,Office Supplies,Supplies,65.8800,18.4464,6,1
2016-10-13,2016,4,10,October,West,Colorado,Aurora,Furniture,Furnishings,24.9600,4.3680,3,1
2016-10-13,2016,4,10,October,West,Colorado,Aurora,Furniture,Tables,727.4500,-465.5680,5,1
2016-10-14,2016,4,10,October,Central,Wisconsin,Appleton,Technology,Accessories,1649.7500,544.4175,5,1
2016-10-14,2016,4,10,October,East,New York,New York City,Office Supplies,Paper,111.9600,54.8604,2,1
2016-10-14,2016,4,10,October,East,New York,New York City,Technology,Phones,1091.9300,272.9825,7,1
2016-10-14,2016,4,10,October,South,North Carolina,Jacksonville,Furniture,Chairs,102.5920,10.2592,1,1
2016-10-14,2016,4,10,October,South,North Carolina,Jacksonville,Office Supplies,Envelopes,35.0080,13.1280,4,1
2016-10-14,2016,4,10,October,South,North Carolina,Jacksonville,Office Supplies,Paper,132.1760,48.4032,4,1
2016-10-14,2016,4,10,October,South,North Carolina,Jacksonville,Office Supplies,Supplies,12.7680,1.4364,2,1
2016-10-14,2016,4,10,October,South,North Carolina,Jacksonville,Technology,Accessories,22.7040,5.9598,1,1
2016-10-14,2016,4,10,October,West,Washington,Seattle,Technology,Accessories,177.0000,30.0900,3,1
2016-10-15,2016,4,10,October,Central,Oklahoma,Oklahoma City,Office Supplies,Appliances,868.5900,251.8911,3,1
2016-10-15,2016,4,10,October,Central,Oklahoma,Oklahoma City,Office Supplies,Binders,121.6000,55.9360,4,1
2016-10-15,2016,4,10,October,Central,Oklahoma,Oklahoma City,Office Supplies,Labels,49.6200,24.3138,13,1
2016-10-15,2016,4,10,October,Central,Oklahoma,Oklahoma City,Office Supplies,Paper,12.9600,6.2208,2,1
2016-10-15,2016,4,10,October,Central,Oklahoma,Oklahoma City,Technology,Phones,5.5000,1.3750,1,1
2016-10-15,2016,4,10,October,South,Virginia,Springfield,Office Supplies,Appliances,43.2600,14.2758,3,1
2016-10-15,2016,4,10,October,South,Virginia,Springfield,Office Supplies,Binders,232.9600,116.4800,7,1
2016-10-15,2016,4,10,October,South,Virginia,Springfield,Office Supplies,Envelopes,66.5400,32.6046,6,1
2016-10-15,2016,4,10,October,West,Utah,Salt Lake City,Office Supplies,Binders,41.7200,13.0375,5,1
2016-10-15,2016,4,10,October,West,Utah,Salt Lake City,Office Supplies,Paper,177.4000,82.8064,19,1
2016-10-16,2016,4,10,October,East,New York,New York City,Furniture,Tables,142.1820,-37.9152,1,1
2016-10-17,2016,4,10,October,Central,Missouri,Columbia,Office Supplies,Appliances,1927.5900,751.7601,7,1
2016-10-17,2016,4,10,October,Central,Missouri,Columbia,Technology,Phones,449.9700,220.4853,3,1
2016-10-17,2016,4,10,October,East,New Jersey,Perth Amboy,Furniture,Bookcases,120.9800,12.0980,1,1
2016-10-17,2016,4,10,October,East,New Jersey,Perth Amboy,Office Supplies,Binders,315.9800,148.5106,1,1
2016-10-17,2016,4,10,October,West,California,Fresno,Furniture,Bookcases,120.6660,21.2940,2,1
2016-10-17,2016,4,10,October,West,California,San Francisco,Office Supplies,Binders,18.1600,6.5830,5,1
2016-10-18,2016,4,10,October,West,Arizona,Tempe,Furniture,Chairs,307.9200,-34.6410,5,1
2016-10-20,2016,4,10,October,Central,Michigan,Trenton,Office Supplies,Storage,20.8600,1.4602,7,1
2016-10-20,2016,4,10,October,Central,Michigan,Trenton,Technology,Phones,317.6800,87.0306,8,1
2016-10-20,2016,4,10,October,Central,Texas,Houston,Furniture,Chairs,56.6860,-14.5764,1,1
2016-10-20,2016,4,10,October,Central,Texas,Houston,Office Supplies,Fasteners,25.2480,7.8900,4,1
2016-10-20,2016,4,10,October,Central,Texas,Houston,Office Supplies,Paper,51.0160,15.9425,7,1
2016-10-20,2016,4,10,October,East,Ohio,Newark,Office Supplies,Art,7.1520,0.7152,3,1
2016-10-20,2016,4,10,October,South,Virginia,Arlington,Furniture,Furnishings,61.1000,18.3300,5,1
2016-10-20,2016,4,10,October,West,California,El Cajon,Furniture,Chairs,387.1360,4.8392,4,1
2016-10-20,2016,4,10,October,West,California,Los Angeles,Office Supplies,Binders,19.2960,6.0300,3,1
2016-10-21,2016,4,10,October,Central,Texas,San Antonio,Technology,Accessories,106.0800,-9.2820,6,1
2016-10-21,2016,4,10,October,East,Connecticut,Manchester,Furniture,Bookcases,1043.9200,271.4192,4,1
2016-10-21,2016,4,10,October,East,Connecticut,Manchester,Office Supplies,Binders,23.2000,10.4400,4,1
2016-10-21,2016,4,10,October,East,Connecticut,Manchester,Office Supplies,Storage,104.7900,29.3412,7,1
2016-10-21,2016,4,10,October,East,Connecticut,Manchester,Office Supplies,Supplies,7.3600,0.1472,2,1
2016-10-21,2016,4,10,October,East,Delaware,Newark,Office Supplies,Binders,7.9200,3.5640,4,1
2016-10-21,2016,4,10,October,East,Maryland,Baltimore,Technology,Accessories,98.1600,9.8160,6,1
2016-10-21,2016,4,10,October,East,Ohio,Columbus,Technology,Phones,235.1520,-47.0304,8,1
2016-10-21,2016,4,10,October,East,Ohio,Lakewood,Furniture,Tables,661.1760,-231.4116,2,1
2016-10-21,2016,4,10,October,South,Florida,Fort Lauderdale,Furniture,Furnishings,45.5680,9.6832,2,1
2016-10-21,2016,4,10,October,South,Florida,Fort Lauderdale,Office Supplies,Binders,28.7520,-21.0848,8,1
2016-10-21,2016,4,10,October,South,Tennessee,Jackson,Office Supplies,Storage,111.6720,6.9795,9,1
2016-10-21,2016,4,10,October,West,California,Los Angeles,Furniture,Chairs,242.1360,12.1068,3,1
2016-10-21,2016,4,10,October,West,California,Los Angeles,Furniture,Furnishings,19.9600,5.5888,2,1
2016-10-21,2016,4,10,October,West,California,Los Angeles,Office Supplies,Art,12.3900,5.6994,3,1
2016-10-21,2016,4,10,October,West,California,Los Angeles,Office Supplies,Storage,340.9200,3.4092,3,1
2016-10-21,2016,4,10,October,West,California,Riverside,Office Supplies,Paper,22.9200,11.2308,3,1
2016-10-21,2016,4,10,October,West,California,San Diego,Office Supplies,Storage,154.4400,1.5444,3,1
2016-10-21,2016,4,10,October,West,Nevada,North Las Vegas,Office Supplies,Art,113.2200,29.4372,3,1
2016-10-21,2016,4,10,October,West,Nevada,North Las Vegas,Office Supplies,Binders,4535.9760,1644.2913,3,1
2016-10-21,2016,4,10,October,West,Nevada,North Las Vegas,Office Supplies,Paper,35.8800,17.5812,6,1
2016-10-22,2016,4,10,October,Central,Michigan,Detroit,Furniture,Furnishings,31.4000,10.0480,5,1
2016-10-22,2016,4,10,October,South,Virginia,Richmond,Furniture,Furnishings,39.9200,11.1776,4,1
2016-10-22,2016,4,10,October,West,Washington,Seattle,Furniture,Furnishings,101.9400,30.5820,3,1
2016-10-22,2016,4,10,October,West,Washington,Seattle,Office Supplies,Art,8.3400,2.2518,3,1
2016-10-22,2016,4,10,October,West,Washington,Seattle,Office Supplies,Paper,6.6800,3.2064,1,1
2016-10-23,2016,4,10,October,Central,Illinois,Chicago,Furniture,Furnishings,16.1560,-12.1170,7,1
2016-10-23,2016,4,10,October,Central,Illinois,Chicago,Office Supplies,Paper,54.8160,17.8152,3,1
2016-10-23,2016,4,10,October,East,New York,New York City,Office Supplies,Paper,379.4000,178.3180,10,1
2016-10-23,2016,4,10,October,West,Washington,Seattle,Office Supplies,Fasteners,17.0500,8.1840,5,1
2016-10-24,2016,4,10,October,Central,Texas,Houston,Office Supplies,Paper,15.5520,5.4432,3,1
2016-10-24,2016,4,10,October,South,Tennessee,Lebanon,Technology,Phones,239.9760,17.9982,3,1
2016-10-24,2016,4,10,October,West,California,Los Angeles,Technology,Accessories,459.9800,42.5988,6,1
2016-10-24,2016,4,10,October,West,California,San Francisco,Technology,Accessories,649.9900,247.9957,6,2
2016-10-25,2016,4,10,October,South,Florida,Miami,Technology,Phones,783.9600,78.3960,5,1
2016-10-27,2016,4,10,October,East,New York,New York City,Furniture,Chairs,427.6440,80.7772,14,1
2016-10-27,2016,4,10,October,East,New York,New York City,Office Supplies,Binders,9.7280,3.2832,2,1
2016-10-27,2016,4,10,October,East,New York,New York City,Office Supplies,Fasteners,40.6700,12.6077,7,1
2016-10-27,2016,4,10,October,East,New York,New York City,Office Supplies,Storage,33.4800,1.3392,2,1
2016-10-27,2016,4,10,October,East,New York,Troy,Furniture,Furnishings,40.2000,19.2960,3,1
2016-10-27,2016,4,10,October,South,Virginia,Hampton,Furniture,Chairs,290.9800,75.6548,1,1
2016-10-27,2016,4,10,October,West,California,San Francisco,Office Supplies,Appliances,43.9200,11.8584,4,1
2016-10-27,2016,4,10,October,West,California,San Francisco,Office Supplies,Binders,92.1680,32.9985,7,2
2016-10-28,2016,4,10,October,East,New Jersey,Belleville,Furniture,Furnishings,77.6000,38.0240,4,1
2016-10-28,2016,4,10,October,East,New Jersey,Belleville,Office Supplies,Binders,14.2800,6.5688,1,1
2016-10-28,2016,4,10,October,East,New Jersey,Belleville,Office Supplies,Paper,89.3100,42.8688,8,1
2016-10-28,2016,4,10,October,East,New Jersey,Belleville,Office Supplies,Storage,1082.4800,10.8248,8,1
2016-10-28,2016,4,10,October,East,New York,New York City,Office Supplies,Art,12.4200,5.2164,3,1
2016-10-28,2016,4,10,October,East,New York,Rochester,Furniture,Furnishings,756.8000,75.6800,5,1
2016-10-28,2016,4,10,October,South,Florida,Boynton Beach,Furniture,Furnishings,276.9680,55.0482,8,1
2016-10-28,2016,4,10,October,South,Florida,Boynton Beach,Office Supplies,Binders,37.4250,-29.9400,5,1
2016-10-28,2016,4,10,October,South,Florida,Tampa,Office Supplies,Binders,38.1900,-26.7330,5,1
2016-10-28,2016,4,10,October,South,North Carolina,Greenville,Office Supplies,Binders,17.6160,-14.0928,4,1
2016-10-28,2016,4,10,October,West,California,Los Angeles,Office Supplies,Storage,93.0600,26.0568,6,1
2016-10-28,2016,4,10,October,West,California,Los Angeles,Technology,Phones,302.3760,22.6782,3,1
2016-10-28,2016,4,10,October,West,California,San Francisco,Office Supplies,Binders,49.5360,17.3376,3,1
2016-10-28,2016,4,10,October,West,California,San Francisco,Office Supplies,Paper,50.9600,25.4800,7,1
2016-10-29,2016,4,10,October,Central,Michigan,Lansing,Furniture,Furnishings,67.0000,32.1600,5,1
2016-10-29,2016,4,10,October,East,New Jersey,Bridgeton,Office Supplies,Appliances,11.6700,3.0342,3,1
2016-10-29,2016,4,10,October,East,New Jersey,Bridgeton,Office Supplies,Storage,40.7400,0.4074,3,1
2016-10-29,2016,4,10,October,West,California,Los Angeles,Office Supplies,Binders,11.7440,3.8168,1,1
2016-10-30,2016,4,10,October,Central,Michigan,Sterling Heights,Office Supplies,Art,11.6800,3.5040,2,1
2016-10-30,2016,4,10,October,East,New York,New York City,Office Supplies,Art,114.9500,32.1860,5,1
2016-10-30,2016,4,10,October,East,New York,New York City,Office Supplies,Binders,28.7520,10.0632,3,1
2016-10-30,2016,4,10,October,West,California,San Luis Obispo,Office Supplies,Fasteners,3.6200,1.1946,2,1
2016-10-31,2016,4,10,October,Central,Oklahoma,Tulsa,Furniture,Chairs,368.9700,81.1734,3,1
2016-10-31,2016,4,10,October,Central,Oklahoma,Tulsa,Office Supplies,Art,12.3900,3.4692,3,1
2016-10-31,2016,4,10,October,Central,Oklahoma,Tulsa,Office Supplies,Storage,332.9400,9.9882,3,1
2016-10-31,2016,4,10,October,Central,Oklahoma,Tulsa,Office Supplies,Supplies,21.9600,6.1488,2,1
2016-10-31,2016,4,10,October,East,Pennsylvania,Philadelphia,Furniture,Chairs,492.8350,-14.0810,5,1
2016-10-31,2016,4,10,October,South,Florida,Hollywood,Office Supplies,Paper,32.0640,11.2224,6,1
2016-10-31,2016,4,10,October,West,California,Los Angeles,Office Supplies,Storage,1085.4200,282.2092,7,1
2016-10-31,2016,4,10,October,West,California,San Francisco,Furniture,Chairs,1403.9200,70.1960,5,1
2016-11-01,2016,4,11,November,Central,Illinois,Chicago,Technology,Accessories,68.1120,17.8794,3,1
2016-11-01,2016,4,11,November,Central,Texas,Conroe,Office Supplies,Storage,111.6720,6.9795,9,1
2016-11-01,2016,4,11,November,South,Virginia,Salem,Office Supplies,Envelopes,251.7900,118.3413,3,1
2016-11-01,2016,4,11,November,South,Virginia,Salem,Technology,Phones,21.8000,6.1040,2,1
2016-11-03,2016,4,11,November,Central,Iowa,Urbandale,Office Supplies,Art,75.9600,22.7880,2,1
2016-11-03,2016,4,11,November,Central,Iowa,Urbandale,Office Supplies,Binders,27.2400,13.3476,6,1
2016-11-03,2016,4,11,November,Central,Texas,Dallas,Office Supplies,Paper,9.2480,3.3524,2,1
2016-11-03,2016,4,11,November,East,Pennsylvania,Philadelphia,Furniture,Chairs,470.1550,-13.4330,7,1
2016-11-03,2016,4,11,November,East,Pennsylvania,Philadelphia,Technology,Accessories,72.0000,14.4000,1,1
2016-11-03,2016,4,11,November,South,Kentucky,Henderson,Furniture,Furnishings,24.1000,9.1580,5,1
2016-11-03,2016,4,11,November,South,Kentucky,Henderson,Furniture,Tables,842.9400,160.1586,3,1
2016-11-03,2016,4,11,November,South,Kentucky,Henderson,Office Supplies,Art,16.7300,4.6998,4,1
2016-11-03,2016,4,11,November,South,Kentucky,Henderson,Office Supplies,Fasteners,20.0000,9.6000,4,1
2016-11-03,2016,4,11,November,West,California,Los Angeles,Furniture,Chairs,217.5840,-29.9178,2,1
2016-11-03,2016,4,11,November,West,California,Los Angeles,Office Supplies,Appliances,1144.8000,443.8728,6,2
2016-11-03,2016,4,11,November,West,California,Los Angeles,Office Supplies,Binders,52.8800,18.8204,14,1
2016-11-03,2016,4,11,November,West,California,Los Angeles,Office Supplies,Fasteners,15.2600,5.0358,7,1
2016-11-03,2016,4,11,November,West,California,Los Angeles,Office Supplies,Labels,87.7100,41.2237,7,1
2016-11-03,2016,4,11,November,West,California,Los Angeles,Office Supplies,Paper,450.2700,217.2924,9,1
2016-11-03,2016,4,11,November,West,California,Los Angeles,Technology,Accessories,82.9500,29.0325,5,1
2016-11-03,2016,4,11,November,West,Oregon,Portland,Office Supplies,Binders,4.1580,-3.4650,7,1
2016-11-03,2016,4,11,November,West,Oregon,Portland,Technology,Machines,179.9910,-251.9874,3,1
2016-11-03,2016,4,11,November,West,Washington,Marysville,Office Supplies,Art,8.8200,2.3814,3,1
2016-11-04,2016,4,11,November,Central,Texas,Houston,Furniture,Furnishings,77.4880,-89.9808,7,1
2016-11-04,2016,4,11,November,South,Florida,Miami,Furniture,Furnishings,50.4960,8.2056,6,1
2016-11-04,2016,4,11,November,South,Kentucky,Louisville,Office Supplies,Fasteners,10.7400,5.2626,3,1
2016-11-04,2016,4,11,November,South,North Carolina,Charlotte,Furniture,Tables,876.3000,-292.1000,10,1
2016-11-04,2016,4,11,November,South,North Carolina,Charlotte,Office Supplies,Storage,45.2480,3.9592,2,1
2016-11-04,2016,4,11,November,South,North Carolina,Charlotte,Office Supplies,Supplies,185.3760,-34.7580,2,1
2016-11-04,2016,4,11,November,West,California,Chula Vista,Office Supplies,Art,192.8000,55.9120,4,1
2016-11-04,2016,4,11,November,West,California,Los Angeles,Office Supplies,Binders,11.8880,4.1006,3,1
2016-11-04,2016,4,11,November,West,California,Los Angeles,Office Supplies,Paper,38.8800,18.6624,6,1
2016-11-04,2016,4,11,November,West,California,San Diego,Technology,Machines,686.4000,77.2200,2,1
2016-11-04,2016,4,11,November,West,California,San Francisco,Furniture,Furnishings,38.2900,16.4647,7,1
2016-11-04,2016,4,11,November,West,Oregon,Eugene,Furniture,Chairs,755.1360,-111.9606,4,1
2016-11-04,2016,4,11,November,West,Oregon,Eugene,Office Supplies,Labels,629.1840,228.0792,8,1
2016-11-04,2016,4,11,November,West,Oregon,Eugene,Office Supplies,Paper,63.1280,22.0948,4,1
2016-11-04,2016,4,11,November,West,Oregon,Eugene,Office Supplies,Supplies,17.5840,-4.1762,7,1
2016-11-04,2016,4,11,November,West,Washington,Seattle,Furniture,Furnishings,209.8800,35.6796,3,1
2016-11-05,2016,4,11,November,Central,Indiana,Lawrence,Office Supplies,Art,39.6800,16.2688,2,1
2016-11-05,2016,4,11,November,Central,Indiana,Lawrence,Office Supplies,Binders,104.9000,50.3520,5,1
2016-11-05,2016,4,11,November,Central,Indiana,Lawrence,Office Supplies,Labels,51.7500,24.8400,5,1
2016-11-05,2016,4,11,November,Central,Texas,Houston,Furniture,Bookcases,956.6648,-225.0976,7,1
2016-11-05,2016,4,11,November,Central,Texas,Houston,Furniture,Tables,863.1280,-160.2952,8,1
2016-11-05,2016,4,11,November,Central,Texas,Houston,Office Supplies,Binders,16.1520,-26.3778,6,1
2016-11-05,2016,4,11,November,Central,Texas,Houston,Technology,Accessories,171.9600,45.1395,5,1
2016-11-05,2016,4,11,November,Central,Texas,Laredo,Office Supplies,Labels,11.8400,4.4400,1,1
2016-11-05,2016,4,11,November,East,Pennsylvania,Philadelphia,Technology,Phones,23.9880,-15.9920,2,1
2016-11-05,2016,4,11,November,South,Virginia,Virginia Beach,Furniture,Furnishings,1030.7600,146.9096,7,1
2016-11-05,2016,4,11,November,South,Virginia,Virginia Beach,Technology,Accessories,89.9700,18.8937,3,1
2016-11-05,2016,4,11,November,West,California,San Francisco,Office Supplies,Binders,53.2480,19.9680,2,1
2016-11-05,2016,4,11,November,West,California,San Jose,Furniture,Chairs,113.8880,9.9652,2,1
2016-11-05,2016,4,11,November,West,California,San Jose,Office Supplies,Binders,29.1200,9.8280,5,1
2016-11-05,2016,4,11,November,West,California,San Jose,Office Supplies,Envelopes,158.1300,77.4837,3,1
2016-11-05,2016,4,11,November,West,California,San Jose,Technology,Accessories,72.0000,12.9600,4,1
2016-11-05,2016,4,11,November,West,Washington,Seattle,Technology,Accessories,479.7200,52.7692,4,1
2016-11-06,2016,4,11,November,South,Florida,Jacksonville,Furniture,Chairs,207.9840,-28.5978,2,1
2016-11-06,2016,4,11,November,South,Florida,Jacksonville,Furniture,Furnishings,35.5680,5.7798,2,1
2016-11-06,2016,4,11,November,South,Florida,Jacksonville,Office Supplies,Paper,124.8800,43.7080,4,1
2016-11-06,2016,4,11,November,West,California,Los Angeles,Furniture,Chairs,81.4240,-9.1602,2,1
2016-11-06,2016,4,11,November,West,California,Los Angeles,Furniture,Furnishings,238.5600,26.2416,3,1
2016-11-06,2016,4,11,November,West,California,San Diego,Office Supplies,Storage,84.8400,22.9068,3,1
2016-11-07,2016,4,11,November,Central,Texas,Dallas,Furniture,Furnishings,44.4600,-17.7840,5,1
2016-11-07,2016,4,11,November,Central,Texas,Dallas,Office Supplies,Storage,314.0880,19.6305,3,1
2016-11-07,2016,4,11,November,East,New Jersey,Lakewood,Office Supplies,Fasteners,14.9600,0.2992,4,1
2016-11-07,2016,4,11,November,East,New York,Rochester,Office Supplies,Binders,276.7840,89.9548,2,1
2016-11-07,2016,4,11,November,East,New York,Rochester,Office Supplies,Paper,12.9600,6.2208,2,1
2016-11-07,2016,4,11,November,East,New York,Rochester,Office Supplies,Storage,116.8200,5.8410,3,1
2016-11-07,2016,4,11,November,East,New York,Rochester,Technology,Phones,623.9300,172.0608,7,1
2016-11-07,2016,4,11,November,East,Ohio,Newark,Technology,Accessories,119.9760,22.4955,3,1
2016-11-07,2016,4,11,November,West,California,Los Angeles,Office Supplies,Binders,64.4160,20.4672,8,1
2016-11-07,2016,4,11,November,West,California,Los Angeles,Office Supplies,Labels,14.6200,6.8714,2,1
2016-11-07,2016,4,11,November,West,California,Los Angeles,Office Supplies,Supplies,11.3600,3.2944,2,1
2016-11-07,2016,4,11,November,West,California,Oceanside,Office Supplies,Paper,12.9000,6.3210,2,1
2016-11-07,2016,4,11,November,West,California,San Francisco,Furniture,Furnishings,14.8200,6.2244,3,1
2016-11-07,2016,4,11,November,West,California,San Francisco,Office Supplies,Binders,57.5840,20.1544,2,1
2016-11-07,2016,4,11,November,West,California,San Francisco,Technology,Accessories,479.9700,163.1898,3,1
2016-11-07,2016,4,11,November,West,Washington,Seattle,Office Supplies,Binders,27.6800,9.6880,2,1
2016-11-07,2016,4,11,November,West,Wyoming,Cheyenne,Furniture,Chairs,1603.1360,100.1960,4,1
2016-11-08,2016,4,11,November,South,Kentucky,Henderson,Furniture,Bookcases,261.9600,41.9136,2,1
2016-11-08,2016,4,11,November,South,Kentucky,Henderson,Furniture,Chairs,731.9400,219.5820,3,1
2016-11-09,2016,4,11,November,West,California,Oakland,Technology,Accessories,479.9700,177.5889,3,1
2016-11-10,2016,4,11,November,Central,Missouri,Springfield,Furniture,Furnishings,37.3000,17.1580,2,1
2016-11-10,2016,4,11,November,Central,Missouri,Springfield,Office Supplies,Binders,81.9600,39.3408,2,1
2016-11-10,2016,4,11,November,Central,Oklahoma,Oklahoma City,Furniture,Bookcases,341.9600,54.7136,2,1
2016-11-10,2016,4,11,November,Central,Oklahoma,Oklahoma City,Technology,Phones,221.9800,62.1544,2,1
2016-11-10,2016,4,11,November,Central,Texas,Houston,Technology,Accessories,279.9440,48.9902,7,1
2016-11-10,2016,4,11,November,East,New York,New York City,Office Supplies,Binders,73.8560,25.5721,5,2
2016-11-10,2016,4,11,November,East,New York,New York City,Technology,Phones,881.9300,220.4825,7,1
2016-11-10,2016,4,11,November,East,Ohio,Springfield,Furniture,Furnishings,148.2880,29.6576,7,1
2016-11-10,2016,4,11,November,East,Ohio,Springfield,Office Supplies,Appliances,334.8800,29.3020,4,1
2016-11-10,2016,4,11,November,East,Ohio,Springfield,Office Supplies,Binders,69.8880,-46.5920,7,1
2016-11-10,2016,4,11,November,East,Ohio,Springfield,Office Supplies,Labels,9.2160,3.3408,4,1
2016-11-10,2016,4,11,November,East,Ohio,Springfield,Office Supplies,Paper,116.4400,41.6533,6,1
2016-11-10,2016,4,11,November,East,Ohio,Springfield,Technology,Accessories,178.9200,-29.0745,7,1
2016-11-10,2016,4,11,November,East,Ohio,Springfield,Technology,Phones,41.9580,-9.7902,7,1
2016-11-10,2016,4,11,November,East,Ohio,Toledo,Office Supplies,Storage,38.9760,-2.4360,3,1
2016-11-10,2016,4,11,November,East,Ohio,Toledo,Office Supplies,Supplies,14.7200,-3.3120,5,1
2016-11-10,2016,4,11,November,East,Ohio,Troy,Office Supplies,Paper,31.1040,10.8864,6,1
2016-11-10,2016,4,11,November,South,Georgia,Warner Robins,Office Supplies,Art,41.8600,10.4650,7,1
2016-11-10,2016,4,11,November,West,California,Los Angeles,Furniture,Furnishings,467.4600,191.6586,9,1
2016-11-10,2016,4,11,November,West,California,Los Angeles,Office Supplies,Appliances,129.9200,38.9760,4,1
2016-11-10,2016,4,11,November,West,California,Los Angeles,Office Supplies,Art,14.7000,3.9690,5,1
2016-11-10,2016,4,11,November,West,California,Los Angeles,Office Supplies,Binders,5.1840,1.8144,3,1
2016-11-10,2016,4,11,November,West,California,Los Angeles,Office Supplies,Paper,129.1100,61.3588,8,1
2016-11-10,2016,4,11,November,West,California,Los Angeles,Office Supplies,Storage,720.7600,187.3976,4,1
2016-11-10,2016,4,11,November,West,California,Sacramento,Furniture,Furnishings,9.9800,2.7944,1,1
2016-11-10,2016,4,11,November,West,California,San Francisco,Office Supplies,Binders,83.2240,28.9632,7,2
2016-11-10,2016,4,11,November,West,California,San Francisco,Office Supplies,Paper,32.4000,15.5520,5,1
2016-11-10,2016,4,11,November,West,California,San Francisco,Office Supplies,Storage,185.5600,46.5324,8,2
2016-11-11,2016,4,11,November,Central,Illinois,Arlington Heights,Office Supplies,Art,14.1120,1.2348,6,1
2016-11-11,2016,4,11,November,Central,Illinois,Chicago,Furniture,Chairs,47.9920,-2.0568,2,1
2016-11-11,2016,4,11,November,Central,Illinois,Chicago,Technology,Accessories,95.9680,1.1996,4,1
2016-11-11,2016,4,11,November,Central,Indiana,Noblesville,Furniture,Tables,2678.9400,241.1046,6,1
2016-11-11,2016,4,11,November,Central,Michigan,Detroit,Technology,Phones,257.9800,74.8142,2,1
2016-11-11,2016,4,11,November,East,New York,New York City,Furniture,Chairs,245.6460,8.1882,3,1
2016-11-11,2016,4,11,November,East,New York,New York City,Office Supplies,Art,92.9400,25.0938,3,1
2016-11-11,2016,4,11,November,East,New York,New York City,Office Supplies,Binders,90.2400,28.6404,6,1
2016-11-11,2016,4,11,November,East,New York,New York City,Office Supplies,Storage,111.5000,28.7192,4,2
2016-11-11,2016,4,11,November,East,New York,New York City,Technology,Accessories,95.9700,21.4725,5,2
2016-11-11,2016,4,11,November,South,Florida,Apopka,Office Supplies,Appliances,671.5440,50.3658,3,1
2016-11-11,2016,4,11,November,South,Florida,Apopka,Office Supplies,Binders,9.8880,-6.9216,2,1
2016-11-11,2016,4,11,November,West,California,San Francisco,Furniture,Chairs,451.1520,0.0000,3,1
2016-11-11,2016,4,11,November,West,California,San Francisco,Furniture,Furnishings,48.9200,13.1368,6,2
2016-11-11,2016,4,11,November,West,California,San Francisco,Office Supplies,Binders,31.5040,11.0264,11,1
2016-11-12,2016,4,11,November,Central,Illinois,Chicago,Furniture,Furnishings,22.7520,-8.5320,6,1
2016-11-12,2016,4,11,November,Central,Indiana,La Porte,Office Supplies,Appliances,37.6800,10.5504,2,1
2016-11-12,2016,4,11,November,Central,Indiana,La Porte,Office Supplies,Art,20.5800,5.5566,7,1
2016-11-12,2016,4,11,November,Central,Indiana,La Porte,Office Supplies,Binders,17.3800,8.6900,2,1
2016-11-12,2016,4,11,November,Central,Indiana,La Porte,Office Supplies,Envelopes,287.5200,129.3840,8,1
2016-11-12,2016,4,11,November,Central,Indiana,La Porte,Office Supplies,Paper,19.9800,8.9910,2,1
2016-11-12,2016,4,11,November,East,Ohio,Parma,Furniture,Chairs,3461.2480,-33.9078,18,1
2016-11-12,2016,4,11,November,East,Ohio,Parma,Office Supplies,Appliances,110.0960,33.0288,2,1
2016-11-12,2016,4,11,November,East,Ohio,Parma,Office Supplies,Fasteners,16.7520,5.4444,6,1
2016-11-12,2016,4,11,November,West,Arizona,Mesa,Office Supplies,Binders,10.6380,-7.9468,12,1
2016-11-12,2016,4,11,November,West,Arizona,Mesa,Technology,Accessories,31.9840,1.9990,2,1
2016-11-12,2016,4,11,November,West,California,San Diego,Furniture,Tables,674.3520,-8.4294,3,1
2016-11-12,2016,4,11,November,West,California,San Diego,Technology,Phones,203.9760,25.4970,3,1
2016-11-13,2016,4,11,November,Central,Illinois,Highland Park,Office Supplies,Binders,3.1360,-4.7040,2,1
2016-11-13,2016,4,11,November,Central,Oklahoma,Oklahoma City,Furniture,Furnishings,30.3600,13.0548,4,1
2016-11-13,2016,4,11,November,East,New York,New York City,Office Supplies,Art,140.7500,39.4100,5,1
2016-11-13,2016,4,11,November,East,New York,New York City,Office Supplies,Labels,14.9400,6.8724,3,1
2016-11-13,2016,4,11,November,East,New York,New York City,Office Supplies,Storage,139.0600,37.0195,10,1
2016-11-13,2016,4,11,November,East,New York,New York City,Technology,Phones,2279.9600,592.7896,4,1
2016-11-13,2016,4,11,November,East,Pennsylvania,Philadelphia,Office Supplies,Paper,217.0560,78.6828,7,1
2016-11-13,2016,4,11,November,South,North Carolina,Thomasville,Office Supplies,Supplies,52.1360,5.8653,7,1
2016-11-13,2016,4,11,November,West,Washington,Auburn,Furniture,Furnishings,4.1800,1.5048,1,1
2016-11-13,2016,4,11,November,West,Washington,Seattle,Furniture,Furnishings,19.5400,7.2298,2,1
2016-11-13,2016,4,11,November,West,Washington,Vancouver,Office Supplies,Art,44.0200,11.4452,2,1
2016-11-14,2016,4,11,November,Central,Texas,Houston,Office Supplies,Binders,2.2960,-3.9032,2,1
2016-11-14,2016,4,11,November,East,Delaware,Newark,Furniture,Furnishings,19.9200,6.5736,4,1
2016-11-14,2016,4,11,November,East,Delaware,Newark,Office Supplies,Paper,16.4500,7.5670,5,1
2016-11-14,2016,4,11,November,East,Maryland,Baltimore,Technology,Phones,89.9700,25.1916,3,1
2016-11-14,2016,4,11,November,East,New York,New York City,Furniture,Chairs,408.0060,72.5344,2,1
2016-11-14,2016,4,11,November,East,New York,New York City,Office Supplies,Art,23.6500,6.1490,1,1
2016-11-14,2016,4,11,November,East,New York,New York City,Office Supplies,Storage,40.4400,10.5144,3,1
2016-11-14,2016,4,11,November,East,New York,New York City,Technology,Phones,13.9800,3.9144,2,1
2016-11-14,2016,4,11,November,East,Pennsylvania,Philadelphia,Furniture,Chairs,380.0580,-21.7176,3,1
2016-11-14,2016,4,11,November,East,Pennsylvania,Philadelphia,Furniture,Furnishings,48.5760,9.7152,3,1
2016-11-14,2016,4,11,November,East,Pennsylvania,Philadelphia,Technology,Copiers,1199.9760,179.9964,4,1
2016-11-14,2016,4,11,November,South,Georgia,Atlanta,Office Supplies,Binders,8.2600,3.8822,2,1
2016-11-14,2016,4,11,November,South,Georgia,Atlanta,Office Supplies,Paper,5.2800,2.3760,1,1
2016-11-14,2016,4,11,November,South,Georgia,Atlanta,Technology,Accessories,499.9800,114.9954,2,1
2016-11-14,2016,4,11,November,West,California,Los Angeles,Office Supplies,Art,9.8400,2.8536,3,1
2016-11-14,2016,4,11,November,West,California,San Francisco,Office Supplies,Labels,7.3800,3.4686,2,1
2016-11-15,2016,4,11,November,South,North Carolina,Burlington,Furniture,Tables,630.0240,-199.5076,4,1
2016-11-15,2016,4,11,November,West,California,Los Angeles,Office Supplies,Binders,1054.9280,394.6446,8,1
2016-11-15,2016,4,11,November,West,California,Los Angeles,Technology,Accessories,99.3900,40.7499,3,1
2016-11-15,2016,4,11,November,West,California,San Diego,Technology,Phones,361.3760,27.1032,2,1
2016-11-16,2016,4,11,November,West,California,Roseville,Office Supplies,Binders,8.3200,2.8080,5,1
2016-11-16,2016,4,11,November,West,New Mexico,Carlsbad,Office Supplies,Envelopes,28.4000,13.3480,5,1
2016-11-17,2016,4,11,November,Central,Texas,The Colony,Office Supplies,Paper,15.2320,5.5216,4,1
2016-11-17,2016,4,11,November,Central,Texas,The Colony,Technology,Phones,67.1760,6.7176,3,1
2016-11-17,2016,4,11,November,West,California,San Francisco,Office Supplies,Supplies,49.5000,13.3650,5,1
2016-11-17,2016,4,11,November,West,New Mexico,Carlsbad,Office Supplies,Binders,10.7760,3.3675,3,1
2016-11-18,2016,4,11,November,Central,Michigan,Taylor,Furniture,Chairs,301.9600,33.2156,2,1
2016-11-18,2016,4,11,November,Central,Oklahoma,Oklahoma City,Office Supplies,Storage,1117.9200,55.8960,4,1
2016-11-18,2016,4,11,November,Central,Texas,Pasadena,Furniture,Chairs,255.1080,-18.2220,6,1
2016-11-18,2016,4,11,November,Central,Texas,Pasadena,Office Supplies,Art,6.3680,1.0348,2,1
2016-11-18,2016,4,11,November,Central,Texas,Pasadena,Office Supplies,Labels,48.8480,15.8756,2,1
2016-11-18,2016,4,11,November,Central,Texas,Pasadena,Office Supplies,Paper,19.6480,6.6312,2,1
2016-11-18,2016,4,11,November,East,Ohio,Kent,Office Supplies,Appliances,103.9680,16.8948,6,1
2016-11-18,2016,4,11,November,South,Alabama,Huntsville,Technology,Accessories,1319.9600,527.9840,4,1
2016-11-18,2016,4,11,November,West,California,Concord,Office Supplies,Binders,61.1200,22.1560,5,1
2016-11-18,2016,4,11,November,West,California,Los Angeles,Office Supplies,Appliances,67.8400,18.3168,1,1
2016-11-18,2016,4,11,November,West,California,Los Angeles,Technology,Phones,61.1920,6.1192,1,1
2016-11-18,2016,4,11,November,West,California,San Diego,Technology,Accessories,595.0000,95.2000,5,1
2016-11-19,2016,4,11,November,Central,Indiana,Indianapolis,Office Supplies,Appliances,54.9600,15.9384,3,1
2016-11-19,2016,4,11,November,Central,Texas,Houston,Furniture,Furnishings,2.3280,-0.7566,2,1
2016-11-19,2016,4,11,November,Central,Texas,Houston,Office Supplies,Binders,11.9720,-19.2744,7,1
2016-11-19,2016,4,11,November,Central,Texas,Houston,Office Supplies,Envelopes,40.9680,13.8267,3,1
2016-11-19,2016,4,11,November,Central,Texas,Houston,Office Supplies,Fasteners,58.3680,21.8880,12,1
2016-11-19,2016,4,11,November,Central,Texas,Houston,Office Supplies,Paper,10.3680,3.6288,2,1
2016-11-19,2016,4,11,November,Central,Texas,Houston,Office Supplies,Storage,100.7040,-16.3644,6,1
2016-11-19,2016,4,11,November,Central,Texas,Houston,Technology,Phones,71.9600,25.1860,5,1
2016-11-19,2016,4,11,November,East,New York,Long Beach,Office Supplies,Appliances,8.7400,2.2724,2,1
2016-11-19,2016,4,11,November,East,New York,Long Beach,Office Supplies,Paper,44.7500,20.5850,5,1
2016-11-19,2016,4,11,November,East,New York,New York City,Office Supplies,Binders,14.3520,4.6644,3,1
2016-11-19,2016,4,11,November,East,New York,New York City,Office Supplies,Storage,133.5600,21.1204,6,1
2016-11-19,2016,4,11,November,East,New York,Niagara Falls,Office Supplies,Art,17.2800,5.0112,6,1
2016-11-19,2016,4,11,November,East,New York,Niagara Falls,Office Supplies,Binders,17.7120,6.4206,3,1
2016-11-19,2016,4,11,November,South,North Carolina,Jacksonville,Office Supplies,Art,18.4800,6.0060,2,1
2016-11-19,2016,4,11,November,West,Washington,Seattle,Furniture,Furnishings,31.9600,1.5980,2,1
2016-11-20,2016,4,11,November,Central,Indiana,Columbus,Office Supplies,Binders,4.9100,2.3077,1,1
2016-11-20,2016,4,11,November,Central,Indiana,Columbus,Office Supplies,Paper,323.6300,155.0700,5,1
2016-11-20,2016,4,11,November,Central,Oklahoma,Edmond,Office Supplies,Labels,14.6200,6.8714,2,1
2016-11-20,2016,4,11,November,Central,Oklahoma,Edmond,Technology,Phones,944.9300,236.2325,7,1
2016-11-20,2016,4,11,November,Central,Texas,Houston,Furniture,Chairs,318.4300,-77.3330,5,1
2016-11-20,2016,4,11,November,Central,Texas,Houston,Furniture,Furnishings,7.0680,-2.8272,3,1
2016-11-20,2016,4,11,November,Central,Texas,Houston,Technology,Phones,274.1120,59.3243,8,2
2016-11-20,2016,4,11,November,East,Delaware,Newark,Office Supplies,Binders,128.4000,62.9160,3,1
2016-11-20,2016,4,11,November,East,Ohio,Cincinnati,Office Supplies,Binders,17.0550,-12.5070,5,1
2016-11-20,2016,4,11,November,East,Ohio,Cincinnati,Office Supplies,Paper,15.6960,5.1012,3,1
2016-11-20,2016,4,11,November,East,Ohio,Columbus,Furniture,Bookcases,86.9700,-48.7032,3,1
2016-11-20,2016,4,11,November,East,Ohio,Columbus,Office Supplies,Fasteners,19.0960,6.6836,7,1
2016-11-20,2016,4,11,November,East,Ohio,Columbus,Office Supplies,Labels,18.4960,6.2424,8,1
2016-11-20,2016,4,11,November,East,Ohio,Columbus,Technology,Accessories,255.9840,54.3966,2,1
2016-11-20,2016,4,11,November,South,Florida,Orlando,Furniture,Bookcases,289.5680,10.8588,2,1
2016-11-20,2016,4,11,November,South,Florida,Orlando,Office Supplies,Storage,39.7200,4.4685,5,1
2016-11-20,2016,4,11,November,South,Florida,Orlando,Technology,Phones,244.7680,24.4768,4,1
2016-11-20,2016,4,11,November,West,California,Los Angeles,Office Supplies,Appliances,39.0000,11.3100,12,1
2016-11-20,2016,4,11,November,West,California,Montebello,Technology,Accessories,27.8800,3.9032,2,1
2016-11-21,2016,4,11,November,Central,Illinois,Chicago,Office Supplies,Paper,38.4320,13.4512,1,1
2016-11-21,2016,4,11,November,Central,Illinois,Chicago,Office Supplies,Storage,21.5680,1.6176,2,1
2016-11-21,2016,4,11,November,Central,Illinois,Chicago,Technology,Accessories,81.5760,2.0394,3,1
2016-11-21,2016,4,11,November,Central,Iowa,Des Moines,Office Supplies,Paper,40.4600,19.8254,7,1
2016-11-21,2016,4,11,November,Central,Iowa,Des Moines,Technology,Phones,404.9400,109.3338,3,1
2016-11-21,2016,4,11,November,East,New York,New York City,Furniture,Bookcases,113.5680,12.7764,2,1
2016-11-21,2016,4,11,November,East,New York,New York City,Office Supplies,Paper,12.9600,6.3504,2,1
2016-11-21,2016,4,11,November,East,Ohio,Columbus,Furniture,Chairs,127.5540,-9.1110,3,1
2016-11-21,2016,4,11,November,East,Ohio,Columbus,Furniture,Furnishings,77.9520,15.5904,3,1
2016-11-21,2016,4,11,November,East,Ohio,Columbus,Technology,Machines,30.3450,-24.2760,7,1
2016-11-21,2016,4,11,November,West,California,Los Angeles,Office Supplies,Paper,32.4000,15.5520,5,1
2016-11-21,2016,4,11,November,West,Oregon,Gresham,Furniture,Chairs,195.1360,-12.1960,4,1
2016-11-22,2016,4,11,November,Central,Michigan,Detroit,Office Supplies,Binders,49.4400,24.2256,3,1
2016-11-22,2016,4,11,November,Central,Texas,Houston,Office Supplies,Art,23.6160,2.6568,9,1
2016-11-22,2016,4,11,November,Central,Texas,Houston,Office Supplies,Binders,10.7040,-16.3668,12,1
2016-11-22,2016,4,11,November,Central,Texas,Houston,Office Supplies,Labels,2.0880,0.6786,1,1
2016-11-22,2016,4,11,November,Central,Texas,Houston,Technology,Accessories,24.0320,-0.6008,2,1
2016-11-22,2016,4,11,November,East,New York,New York City,Furniture,Furnishings,39.8800,11.1664,2,1
2016-11-22,2016,4,11,November,East,New York,New York City,Office Supplies,Art,20.8200,7.4952,3,1
2016-11-22,2016,4,11,November,East,New York,New York City,Office Supplies,Binders,146.4640,51.1100,12,2
2016-11-23,2016,4,11,November,East,Pennsylvania,Philadelphia,Furniture,Furnishings,84.8160,16.2796,9,1
2016-11-23,2016,4,11,November,East,Pennsylvania,Philadelphia,Office Supplies,Fasteners,15.8000,2.3700,5,1
2016-11-24,2016,4,11,November,Central,Texas,Dallas,Office Supplies,Art,14.0400,1.5795,3,1
2016-11-24,2016,4,11,November,Central,Texas,Dallas,Office Supplies,Fasteners,4.3440,0.8688,3,1
2016-11-24,2016,4,11,November,Central,Texas,Dallas,Office Supplies,Paper,74.3520,23.2350,3,1
2016-11-24,2016,4,11,November,Central,Texas,Dallas,Office Supplies,Storage,41.9200,3.6680,5,1
2016-11-24,2016,4,11,November,Central,Texas,Dallas,Technology,Accessories,392.5680,-9.8142,5,1
2016-11-24,2016,4,11,November,Central,Texas,Dallas,Technology,Phones,657.5520,49.3164,6,1
2016-11-24,2016,4,11,November,East,Maryland,Baltimore,Furniture,Furnishings,207.7600,85.1816,4,1
2016-11-24,2016,4,11,November,East,New York,New York City,Office Supplies,Binders,17.2160,6.0256,4,1
2016-11-24,2016,4,11,November,East,New York,New York City,Office Supplies,Paper,18.0400,8.7748,3,1
2016-11-24,2016,4,11,November,East,New York,New York City,Technology,Accessories,88.4000,11.4920,4,1
2016-11-24,2016,4,11,November,East,Ohio,Cleveland,Office Supplies,Envelopes,40.7520,15.2820,3,1
2016-11-24,2016,4,11,November,East,Ohio,Cleveland,Technology,Accessories,139.9600,-22.7435,5,1
2016-11-24,2016,4,11,November,East,Pennsylvania,Philadelphia,Office Supplies,Fasteners,4.4160,1.6008,3,1
2016-11-24,2016,4,11,November,South,Florida,Hialeah,Furniture,Bookcases,339.9200,8.4980,5,1
2016-11-24,2016,4,11,November,South,Florida,Hialeah,Office Supplies,Appliances,42.3840,4.2384,2,1
2016-11-24,2016,4,11,November,South,Florida,Hialeah,Office Supplies,Paper,10.5280,3.4216,4,1
2016-11-24,2016,4,11,November,West,California,Los Angeles,Furniture,Chairs,1684.7520,210.5940,6,1
2016-11-24,2016,4,11,November,West,California,Los Angeles,Furniture,Furnishings,9.9400,3.0814,2,1
2016-11-24,2016,4,11,November,West,California,Los Angeles,Technology,Accessories,1219.8200,408.1398,10,1
2016-11-24,2016,4,11,November,West,California,Los Angeles,Technology,Phones,33.5200,3.3520,2,1
2016-11-24,2016,4,11,November,West,Oregon,Medford,Office Supplies,Paper,24.7840,7.7450,1,1
2016-11-24,2016,4,11,November,West,Washington,Bellevue,Office Supplies,Supplies,25.3500,7.6050,3,1
2016-11-24,2016,4,11,November,West,Washington,Seattle,Furniture,Furnishings,82.2600,33.7266,3,1
2016-11-24,2016,4,11,November,West,Washington,Seattle,Office Supplies,Binders,1219.9600,381.2375,5,1
2016-11-25,2016,4,11,November,Central,Michigan,Jackson,Furniture,Tables,1568.6100,329.4081,9,1
2016-11-25,2016,4,11,November,Central,Michigan,Jackson,Office Supplies,Binders,17.3000,8.3040,1,1
2016-11-25,2016,4,11,November,Central,Michigan,Jackson,Technology,Accessories,160.0000,62.4000,8,1
2016-11-25,2016,4,11,November,East,New Jersey,Plainfield,Office Supplies,Storage,563.4000,67.6080,4,1
2016-11-25,2016,4,11,November,East,New Jersey,Plainfield,Technology,Machines,319.9200,118.3704,8,1
2016-11-25,2016,4,11,November,East,Ohio,Lancaster,Office Supplies,Binders,456.5880,-304.3920,2,1
2016-11-25,2016,4,11,November,East,Ohio,Lancaster,Technology,Accessories,59.9760,11.9952,3,1
2016-11-25,2016,4,11,November,East,Ohio,Lancaster,Technology,Machines,4499.9850,-6599.9780,5,1
2016-11-25,2016,4,11,November,South,Alabama,Huntsville,Office Supplies,Storage,73.3600,19.8072,7,1
2016-11-25,2016,4,11,November,South,Arkansas,Jonesboro,Technology,Phones,59.9800,17.9940,2,1
2016-11-25,2016,4,11,November,South,Florida,Jacksonville,Office Supplies,Paper,5.0800,1.6510,1,1
2016-11-25,2016,4,11,November,West,California,Los Angeles,Furniture,Chairs,194.3520,19.4352,3,1
2016-11-26,2016,4,11,November,Central,Texas,El Paso,Office Supplies,Art,17.8560,4.2408,4,1
2016-11-26,2016,4,11,November,East,Connecticut,Shelton,Office Supplies,Paper,13.3600,6.4128,2,1
2016-11-26,2016,4,11,November,East,Connecticut,Shelton,Technology,Accessories,59.9700,14.9925,3,1
2016-11-26,2016,4,11,November,East,New York,New York City,Furniture,Tables,313.1760,-120.0508,2,1
2016-11-26,2016,4,11,November,East,Pennsylvania,Philadelphia,Office Supplies,Binders,78.7590,-57.7566,9,1
2016-11-26,2016,4,11,November,East,Pennsylvania,Philadelphia,Technology,Phones,494.9820,-115.4958,3,1
2016-11-26,2016,4,11,November,South,Alabama,Mobile,Office Supplies,Binders,125.4300,62.7150,8,1
2016-11-26,2016,4,11,November,South,Alabama,Mobile,Office Supplies,Paper,70.9800,34.7802,7,1
2016-11-26,2016,4,11,November,South,Alabama,Mobile,Technology,Machines,3040.0000,1459.2000,8,1
2016-11-26,2016,4,11,November,South,Florida,Miami,Office Supplies,Binders,3.7440,-2.6208,4,1
2016-11-26,2016,4,11,November,West,California,Los Angeles,Furniture,Bookcases,3406.6640,160.3136,8,1
2016-11-26,2016,4,11,November,West,California,Los Angeles,Furniture,Furnishings,595.3800,297.6900,6,1
2016-11-26,2016,4,11,November,West,California,Los Angeles,Office Supplies,Appliances,64.9600,19.4880,2,1
2016-11-26,2016,4,11,November,West,California,Los Angeles,Office Supplies,Art,37.1700,10.4076,9,1
2016-11-26,2016,4,11,November,West,Washington,Seattle,Office Supplies,Binders,7.3120,2.5592,2,1
2016-11-27,2016,4,11,November,Central,Illinois,Chicago,Office Supplies,Storage,97.9840,-24.4960,2,1
2016-11-27,2016,4,11,November,Central,Illinois,Chicago,Technology,Accessories,62.4000,19.5000,6,1
2016-11-27,2016,4,11,November,Central,Kansas,Overland Park,Office Supplies,Binders,152.0000,69.9200,5,1
2016-11-27,2016,4,11,November,Central,Kansas,Overland Park,Technology,Accessories,34.9500,15.3780,5,1
2016-11-27,2016,4,11,November,Central,Michigan,Lincoln Park,Office Supplies,Appliances,167.2920,29.7408,6,1
2016-11-27,2016,4,11,November,East,New Jersey,East Orange,Office Supplies,Art,34.6500,9.7020,3,1
2016-11-27,2016,4,11,November,East,New Jersey,East Orange,Office Supplies,Binders,79.9500,38.3760,5,1
2016-11-27,2016,4,11,November,East,New Jersey,East Orange,Office Supplies,Paper,230.8700,112.8671,9,1
2016-11-27,2016,4,11,November,East,New Jersey,Westfield,Furniture,Furnishings,31.5600,10.4148,3,1
2016-11-27,2016,4,11,November,South,Florida,Fort Lauderdale,Furniture,Tables,331.0230,-114.3534,7,1
2016-11-27,2016,4,11,November,South,Florida,Fort Lauderdale,Technology,Phones,116.7600,14.5950,1,1
2016-11-27,2016,4,11,November,West,Arizona,Phoenix,Office Supplies,Storage,39.8080,3.9808,4,1
2016-11-27,2016,4,11,November,West,Arizona,Scottsdale,Technology,Phones,271.9920,23.7993,1,1
2016-11-28,2016,4,11,November,East,Connecticut,Fairfield,Office Supplies,Binders,7.1600,3.4368,2,1
2016-11-28,2016,4,11,November,East,Pennsylvania,Philadelphia,Furniture,Chairs,347.8020,-24.8430,7,1
2016-11-28,2016,4,11,November,East,Pennsylvania,Philadelphia,Office Supplies,Binders,6.8880,-5.0512,2,1
2016-11-28,2016,4,11,November,East,Pennsylvania,Philadelphia,Office Supplies,Fasteners,12.6720,2.6928,8,1
2016-11-28,2016,4,11,November,East,Pennsylvania,Philadelphia,Office Supplies,Storage,32.5440,-7.7292,2,1
2016-11-28,2016,4,11,November,East,Pennsylvania,Philadelphia,Technology,Phones,340.1820,-73.7061,3,1
2016-11-28,2016,4,11,November,South,Florida,Palm Coast,Office Supplies,Binders,7.4340,-5.6994,6,1
2016-11-28,2016,4,11,November,South,Georgia,Marietta,Furniture,Chairs,182.6700,52.9743,3,1
2016-11-28,2016,4,11,November,South,Georgia,Marietta,Office Supplies,Storage,2389.3200,372.1260,9,1
2016-11-28,2016,4,11,November,South,Georgia,Marietta,Technology,Accessories,101.7000,6.1020,6,1
2016-11-29,2016,4,11,November,Central,Illinois,Aurora,Furniture,Furnishings,242.1760,-302.7200,4,1
2016-11-29,2016,4,11,November,Central,Texas,Dallas,Technology,Accessories,58.4160,16.7946,2,1
2016-11-30,2016,4,11,November,Central,Michigan,Detroit,Furniture,Chairs,389.9700,35.0973,3,1
2016-11-30,2016,4,11,November,Central,Michigan,Detroit,Office Supplies,Paper,47.1200,23.0096,6,1
2016-11-30,2016,4,11,November,Central,Michigan,Detroit,Office Supplies,Storage,496.8600,24.8430,7,1
2016-11-30,2016,4,11,November,South,North Carolina,Hickory,Technology,Phones,36.1920,2.7144,1,1
2016-12-01,2016,4,12,December,Central,Indiana,Richmond,Furniture,Furnishings,17.3100,5.1930,3,1
2016-12-01,2016,4,12,December,Central,Minnesota,Rochester,Office Supplies,Paper,23.9200,11.7208,4,1
2016-12-01,2016,4,12,December,Central,Texas,San Angelo,Furniture,Chairs,333.6760,-18.9628,7,1
2016-12-01,2016,4,12,December,Central,Texas,San Angelo,Office Supplies,Appliances,11.6480,-30.8672,4,1
2016-12-01,2016,4,12,December,East,Connecticut,Fairfield,Furniture,Chairs,751.9200,150.3840,4,1
2016-12-01,2016,4,12,December,East,Connecticut,Fairfield,Office Supplies,Binders,88.0800,40.5168,6,1
2016-12-01,2016,4,12,December,East,Maryland,Rockville,Furniture,Chairs,172.5000,51.7500,2,1
2016-12-01,2016,4,12,December,East,Maryland,Rockville,Technology,Phones,179.9700,44.9925,3,1
2016-12-01,2016,4,12,December,East,Massachusetts,Franklin,Furniture,Furnishings,111.1500,48.9060,5,1
2016-12-01,2016,4,12,December,East,Massachusetts,Franklin,Furniture,Tables,366.0090,-47.0583,3,1
2016-12-01,2016,4,12,December,East,Massachusetts,Franklin,Office Supplies,Appliances,901.9500,297.6435,3,1
2016-12-01,2016,4,12,December,East,Massachusetts,Franklin,Technology,Phones,137.9400,35.8644,3,1
2016-12-01,2016,4,12,December,South,North Carolina,Raleigh,Technology,Phones,863.9280,86.3928,9,1
2016-12-01,2016,4,12,December,South,Tennessee,Knoxville,Office Supplies,Art,4.7040,0.4116,2,1
2016-12-01,2016,4,12,December,South,Virginia,Richmond,Office Supplies,Appliances,2104.5500,694.5015,7,1
2016-12-01,2016,4,12,December,South,Virginia,Richmond,Office Supplies,Supplies,40.7000,11.8030,5,1
2016-12-01,2016,4,12,December,West,California,Los Angeles,Office Supplies,Art,23.0400,6.9120,8,1
2016-12-01,2016,4,12,December,West,California,Oxnard,Furniture,Furnishings,31.9600,1.5980,2,1
2016-12-01,2016,4,12,December,West,California,Oxnard,Office Supplies,Envelopes,22.9200,11.2308,3,1
2016-12-01,2016,4,12,December,West,California,Oxnard,Office Supplies,Paper,47.9000,22.9920,1,1
2016-12-01,2016,4,12,December,West,California,Oxnard,Office Supplies,Storage,1112.9400,222.5880,3,1
2016-12-01,2016,4,12,December,West,California,San Francisco,Furniture,Furnishings,16.7400,4.3524,2,1
2016-12-02,2016,4,12,December,Central,Iowa,Marion,Office Supplies,Binders,115.8400,54.4448,8,1
2016-12-02,2016,4,12,December,Central,Texas,Houston,Furniture,Bookcases,781.8640,-137.9760,10,1
2016-12-02,2016,4,12,December,Central,Texas,Houston,Office Supplies,Paper,30.8160,9.6300,9,1
2016-12-02,2016,4,12,December,East,New York,New York City,Office Supplies,Binders,450.4080,146.3826,6,1
2016-12-02,2016,4,12,December,East,New York,New York City,Office Supplies,Paper,54.9600,26.9304,1,1
2016-12-02,2016,4,12,December,East,Rhode Island,Providence,Furniture,Furnishings,72.4200,23.8986,6,1
2016-12-02,2016,4,12,December,East,Rhode Island,Providence,Office Supplies,Storage,2079.4000,582.2320,5,1
2016-12-02,2016,4,12,December,East,Rhode Island,Providence,Technology,Phones,629.9500,176.3860,5,1
2016-12-02,2016,4,12,December,West,California,San Francisco,Office Supplies,Paper,66.3800,32.2670,11,1
2016-12-02,2016,4,12,December,West,California,San Francisco,Office Supplies,Storage,33.8700,8.8062,3,1
2016-12-02,2016,4,12,December,West,California,San Jose,Furniture,Furnishings,14.5200,5.6628,3,1
2016-12-02,2016,4,12,December,West,California,San Jose,Office Supplies,Appliances,59.7000,26.8650,3,1
2016-12-02,2016,4,12,December,West,California,San Jose,Office Supplies,Binders,128.8880,43.1238,5,1
2016-12-02,2016,4,12,December,West,Colorado,Longmont,Technology,Accessories,165.6000,-6.2100,3,1
2016-12-03,2016,4,12,December,Central,Indiana,Richmond,Furniture,Chairs,29.9800,8.0946,1,1
2016-12-03,2016,4,12,December,Central,Indiana,Richmond,Furniture,Tables,581.9600,104.7528,2,1
2016-12-03,2016,4,12,December,East,New York,Oceanside,Furniture,Chairs,542.6460,102.4998,3,1
2016-12-03,2016,4,12,December,East,New York,Oceanside,Furniture,Tables,400.0320,-153.3456,2,1
2016-12-03,2016,4,12,December,East,New York,Oceanside,Office Supplies,Labels,6.3000,3.0240,2,1
2016-12-03,2016,4,12,December,East,New York,Oceanside,Office Supplies,Paper,182.7200,84.0512,8,1
2016-12-03,2016,4,12,December,East,New York,Oceanside,Office Supplies,Storage,33.6300,10.0890,3,1
2016-12-03,2016,4,12,December,East,Pennsylvania,Philadelphia,Office Supplies,Appliances,394.8160,93.7688,4,1
2016-12-03,2016,4,12,December,East,Pennsylvania,Philadelphia,Office Supplies,Binders,18.1920,-14.5536,4,1
2016-12-03,2016,4,12,December,West,California,Los Angeles,Furniture,Furnishings,111.9000,51.4740,6,1
2016-12-03,2016,4,12,December,West,California,Los Angeles,Office Supplies,Storage,772.6800,108.1752,4,1
2016-12-03,2016,4,12,December,West,California,Los Angeles,Technology,Accessories,1649.9500,659.9800,5,1
2016-12-03,2016,4,12,December,West,California,Morgan Hill,Furniture,Bookcases,205.6660,-12.0980,2,1
2016-12-03,2016,4,12,December,West,California,Morgan Hill,Furniture,Tables,268.7040,6.7176,3,1
2016-12-03,2016,4,12,December,West,California,Morgan Hill,Office Supplies,Art,21.9200,5.9184,8,1
2016-12-03,2016,4,12,December,West,California,Morgan Hill,Office Supplies,Storage,48.7200,7.3080,3,1
2016-12-04,2016,4,12,December,East,New York,Auburn,Office Supplies,Binders,15.5280,5.8230,3,1
2016-12-04,2016,4,12,December,East,New York,New York City,Furniture,Furnishings,113.7900,20.4822,3,1
2016-12-04,2016,4,12,December,East,New York,New York City,Office Supplies,Binders,1.7280,0.6048,1,1
2016-12-04,2016,4,12,December,East,New York,New York City,Office Supplies,Paper,40.5600,19.8744,4,1
2016-12-04,2016,4,12,December,East,New York,New York City,Office Supplies,Storage,589.6800,15.2904,11,2
2016-12-04,2016,4,12,December,East,New York,New York City,Technology,Accessories,78.1500,34.3860,1,1
2016-12-04,2016,4,12,December,West,California,San Francisco,Office Supplies,Paper,104.8500,50.3280,1,1
2016-12-05,2016,4,12,December,Central,Illinois,Chicago,Office Supplies,Art,3.5360,0.3094,2,1
2016-12-05,2016,4,12,December,Central,Illinois,Chicago,Office Supplies,Labels,11.9520,3.8844,3,1
2016-12-05,2016,4,12,December,Central,Wisconsin,Franklin,Furniture,Chairs,1951.8400,585.5520,8,1
2016-12-05,2016,4,12,December,Central,Wisconsin,Franklin,Office Supplies,Binders,171.5500,80.6285,5,1
2016-12-05,2016,4,12,December,Central,Wisconsin,Franklin,Technology,Phones,534.4200,109.8003,14,1
2016-12-05,2016,4,12,December,East,Delaware,Newark,Furniture,Furnishings,13.4000,6.4320,1,1
2016-12-05,2016,4,12,December,East,Delaware,Newark,Office Supplies,Envelopes,109.6900,51.5543,7,1
2016-12-05,2016,4,12,December,East,Delaware,Newark,Office Supplies,Paper,4.9800,2.3406,1,1
2016-12-05,2016,4,12,December,East,District of Columbia,Washington,Office Supplies,Art,33.9200,13.2288,8,1
2016-12-05,2016,4,12,December,East,Massachusetts,Franklin,Furniture,Bookcases,81.9400,20.4850,1,1
2016-12-05,2016,4,12,December,East,New York,New York City,Office Supplies,Storage,465.1800,120.9468,3,1
2016-12-05,2016,4,12,December,South,Kentucky,Georgetown,Office Supplies,Storage,584.8200,70.1784,9,1
2016-12-05,2016,4,12,December,South,Kentucky,Georgetown,Technology,Phones,699.9800,195.9944,2,1
2016-12-05,2016,4,12,December,South,Kentucky,Murray,Furniture,Furnishings,191.8200,74.8098,3,1
2016-12-05,2016,4,12,December,West,Washington,Seattle,Office Supplies,Binders,407.9760,132.5922,3,1
2016-12-06,2016,4,12,December,East,New York,Hempstead,Office Supplies,Binders,1191.0960,392.6650,20,1
2016-12-06,2016,4,12,December,East,New York,Hempstead,Technology,Copiers,479.9840,89.9970,2,1
2016-12-06,2016,4,12,December,West,California,Antioch,Office Supplies,Paper,19.4400,9.3312,3,1
2016-12-06,2016,4,12,December,West,California,Los Angeles,Office Supplies,Art,18.6900,5.2332,7,1
2016-12-06,2016,4,12,December,West,California,Los Angeles,Office Supplies,Binders,450.8480,157.7968,18,1
2016-12-06,2016,4,12,December,West,California,Los Angeles,Office Supplies,Fasteners,13.8600,0.0000,7,1
2016-12-06,2016,4,12,December,West,California,Los Angeles,Office Supplies,Paper,13.3600,6.4128,2,1
2016-12-06,2016,4,12,December,West,California,Los Angeles,Technology,Phones,521.5440,58.3940,7,1
2016-12-06,2016,4,12,December,West,Washington,Seattle,Office Supplies,Binders,107.0160,34.7802,10,1
2016-12-06,2016,4,12,December,West,Washington,Seattle,Office Supplies,Envelopes,35.8900,16.1505,1,1
2016-12-06,2016,4,12,December,West,Washington,Seattle,Office Supplies,Paper,437.7800,205.7566,12,1
2016-12-06,2016,4,12,December,West,Washington,Seattle,Technology,Phones,588.7680,40.7178,4,1
2016-12-08,2016,4,12,December,Central,Minnesota,Saint Paul,Technology,Phones,114.9500,2.2990,5,1
2016-12-08,2016,4,12,December,Central,Texas,Richardson,Furniture,Furnishings,190.9200,-147.9630,5,1
2016-12-08,2016,4,12,December,Central,Texas,Richardson,Technology,Phones,1097.5440,123.4737,7,1
2016-12-08,2016,4,12,December,Central,Wisconsin,Eau Claire,Furniture,Bookcases,405.8600,32.4688,7,1
2016-12-08,2016,4,12,December,Central,Wisconsin,Eau Claire,Furniture,Chairs,680.0100,176.8026,3,1
2016-12-08,2016,4,12,December,East,Ohio,Columbus,Office Supplies,Binders,12.9570,-9.5018,7,1
2016-12-08,2016,4,12,December,East,Ohio,Columbus,Office Supplies,Paper,10.5840,3.4398,3,1
2016-12-08,2016,4,12,December,South,North Carolina,Greenville,Technology,Accessories,84.6720,15.3954,6,1
2016-12-08,2016,4,12,December,South,North Carolina,Greenville,Technology,Phones,249.5840,31.1980,2,1
2016-12-08,2016,4,12,December,West,California,San Francisco,Furniture,Tables,1421.6640,-195.4788,6,1
2016-12-08,2016,4,12,December,West,California,San Francisco,Office Supplies,Art,8.5600,2.4824,2,1
2016-12-08,2016,4,12,December,West,California,San Francisco,Office Supplies,Paper,45.3600,21.7728,7,1
2016-12-08,2016,4,12,December,West,California,San Francisco,Office Supplies,Storage,386.4300,90.5814,5,1
2016-12-09,2016,4,12,December,Central,Illinois,Chicago,Office Supplies,Appliances,4.3560,-11.7612,2,1
2016-12-09,2016,4,12,December,Central,Illinois,Chicago,Office Supplies,Supplies,20.5680,1.5426,3,1
2016-12-09,2016,4,12,December,Central,Illinois,Chicago,Technology,Accessories,19.0400,-1.4280,4,1
2016-12-09,2016,4,12,December,Central,Michigan,Jackson,Office Supplies,Appliances,61.9290,23.3954,1,1
2016-12-09,2016,4,12,December,Central,Michigan,Jackson,Technology,Accessories,59.9800,25.1916,2,1
2016-12-09,2016,4,12,December,Central,Michigan,Jackson,Technology,Phones,10.9000,3.0520,1,1
2016-12-09,2016,4,12,December,Central,Nebraska,Fremont,Office Supplies,Appliances,60.3400,15.6884,7,1
2016-12-09,2016,4,12,December,Central,Nebraska,Fremont,Office Supplies,Art,19.4600,5.0596,7,1
2016-12-09,2016,4,12,December,Central,Texas,Fort Worth,Office Supplies,Art,9.3280,0.8162,1,1
2016-12-09,2016,4,12,December,Central,Texas,Fort Worth,Office Supplies,Paper,9.3920,3.2872,2,1
2016-12-09,2016,4,12,December,East,Massachusetts,Lawrence,Office Supplies,Labels,125.8100,57.9095,5,1
2016-12-09,2016,4,12,December,South,Tennessee,Franklin,Furniture,Tables,79.9740,-29.3238,3,1
2016-12-09,2016,4,12,December,South,Tennessee,Franklin,Office Supplies,Binders,2.9460,-2.0622,2,1
2016-12-09,2016,4,12,December,South,Tennessee,Franklin,Technology,Phones,40.6800,-9.1530,3,1
2016-12-09,2016,4,12,December,South,Virginia,Springfield,Furniture,Tables,1056.8600,158.5290,7,1
2016-12-09,2016,4,12,December,West,California,Stockton,Office Supplies,Binders,273.9200,99.2960,8,1
2016-12-10,2016,4,12,December,Central,Indiana,Greenwood,Furniture,Chairs,1424.9000,356.2250,5,1
2016-12-10,2016,4,12,December,East,New York,New York City,Office Supplies,Envelopes,361.9200,162.8640,4,1
2016-12-10,2016,4,12,December,East,New York,New York City,Office Supplies,Paper,69.3000,32.6358,10,2
2016-12-10,2016,4,12,December,East,New York,New York City,Office Supplies,Storage,80.5800,22.5624,6,1
2016-12-10,2016,4,12,December,East,New York,Watertown,Office Supplies,Binders,679.9600,220.9870,5,1
2016-12-10,2016,4,12,December,East,New York,Watertown,Office Supplies,Paper,18.5400,8.7138,2,1
2016-12-10,2016,4,12,December,West,California,Long Beach,Office Supplies,Paper,80.2800,36.9288,12,1
2016-12-10,2016,4,12,December,West,California,San Francisco,Furniture,Chairs,321.5680,28.1372,2,1
2016-12-10,2016,4,12,December,West,Washington,Seattle,Office Supplies,Appliances,100.4400,35.1540,6,1
2016-12-10,2016,4,12,December,West,Washington,Seattle,Office Supplies,Binders,153.5520,51.8238,3,1
2016-12-10,2016,4,12,December,West,Washington,Seattle,Office Supplies,Paper,123.9200,55.7640,4,1
2016-12-10,2016,4,12,December,West,Washington,Seattle,Technology,Accessories,44.7500,8.5025,5,1
2016-12-11,2016,4,12,December,East,New York,New York City,Office Supplies,Fasteners,15.2600,6.2566,7,1
2016-12-11,2016,4,12,December,East,New York,New York City,Technology,Phones,1029.9500,298.6855,5,1
2016-12-11,2016,4,12,December,East,Ohio,Columbus,Furniture,Chairs,458.4300,-137.5290,5,1
2016-12-11,2016,4,12,December,East,Ohio,Columbus,Furniture,Tables,328.5900,-147.8655,3,1
2016-12-11,2016,4,12,December,East,Ohio,Columbus,Office Supplies,Appliances,387.1360,24.1960,4,1
2016-12-11,2016,4,12,December,East,Ohio,Columbus,Office Supplies,Storage,64.9600,-4.0600,5,1
2016-12-11,2016,4,12,December,East,Ohio,Columbus,Office Supplies,Supplies,13.5200,1.6900,2,1
2016-12-11,2016,4,12,December,East,Ohio,Springfield,Office Supplies,Appliances,73.5360,9.1920,4,1
2016-12-11,2016,4,12,December,South,Florida,Homestead,Office Supplies,Storage,85.2240,7.4571,3,1
2016-12-11,2016,4,12,December,South,Tennessee,Smyrna,Office Supplies,Art,6.6720,1.6680,3,1
2016-12-11,2016,4,12,December,West,California,Anaheim,Furniture,Chairs,363.9200,-31.8430,5,1
2016-12-11,2016,4,12,December,West,California,Anaheim,Furniture,Tables,892.1360,111.5170,7,1
2016-12-11,2016,4,12,December,West,California,Anaheim,Office Supplies,Appliances,83.4200,24.1918,2,1
2016-12-11,2016,4,12,December,West,California,Anaheim,Office Supplies,Art,23.3200,6.0632,2,1
2016-12-11,2016,4,12,December,West,California,Anaheim,Office Supplies,Binders,373.9680,121.3122,19,1
2016-12-11,2016,4,12,December,West,California,Anaheim,Office Supplies,Paper,30.9800,13.9410,1,1
2016-12-11,2016,4,12,December,West,California,Anaheim,Office Supplies,Storage,50.2200,2.0088,3,1
2016-12-11,2016,4,12,December,West,California,Anaheim,Technology,Accessories,119.9600,25.1916,4,1
2016-12-11,2016,4,12,December,West,Colorado,Aurora,Office Supplies,Storage,243.3840,-51.7191,3,1
2016-12-11,2016,4,12,December,West,Colorado,Aurora,Technology,Accessories,119.8000,29.9500,5,1
2016-12-11,2016,4,12,December,West,Colorado,Aurora,Technology,Phones,300.7680,30.0768,4,1
2016-12-11,2016,4,12,December,West,Oregon,Portland,Furniture,Chairs,403.9200,25.2450,5,1
2016-12-11,2016,4,12,December,West,Washington,Vancouver,Furniture,Furnishings,14.8000,6.0680,4,1
2016-12-11,2016,4,12,December,West,Washington,Vancouver,Technology,Accessories,316.0000,31.6000,4,1
2016-12-11,2016,4,12,December,West,Washington,Vancouver,Technology,Phones,302.3760,22.6782,3,1
2016-12-12,2016,4,12,December,Central,Michigan,Jackson,Furniture,Furnishings,33.4800,8.7048,4,1
2016-12-12,2016,4,12,December,Central,Michigan,Jackson,Office Supplies,Art,13.9000,3.6140,5,1
2016-12-12,2016,4,12,December,Central,Michigan,Jackson,Office Supplies,Storage,26.8600,6.7150,2,1
2016-12-12,2016,4,12,December,Central,Michigan,Jackson,Technology,Phones,657.9300,184.2204,7,1
2016-12-12,2016,4,12,December,East,New York,New York City,Furniture,Furnishings,60.3500,19.9155,5,1
2016-12-12,2016,4,12,December,East,New York,New York City,Office Supplies,Art,11.2000,4.8160,7,1
2016-12-12,2016,4,12,December,East,New York,New York City,Office Supplies,Supplies,35.5200,9.9456,4,1
2016-12-12,2016,4,12,December,East,Ohio,Lorain,Office Supplies,Binders,18.6930,-14.3313,3,1
2016-12-12,2016,4,12,December,East,Ohio,Lorain,Technology,Accessories,383.9520,76.7904,6,1
2016-12-12,2016,4,12,December,South,Georgia,Columbus,Office Supplies,Paper,49.1200,23.0864,4,1
2016-12-12,2016,4,12,December,South,Georgia,Columbus,Technology,Accessories,249.9500,19.9960,5,1
2016-12-12,2016,4,12,December,West,California,Pasadena,Furniture,Furnishings,383.6400,122.7648,6,1
2016-12-12,2016,4,12,December,West,California,Pasadena,Office Supplies,Appliances,56.5200,15.8256,3,1
2016-12-13,2016,4,12,December,Central,Oklahoma,Norman,Technology,Accessories,63.8800,24.9132,4,1
2016-12-13,2016,4,12,December,West,California,Riverside,Office Supplies,Art,9.8400,3.2472,3,1
2016-12-13,2016,4,12,December,West,California,Torrance,Furniture,Tables,1114.2720,41.7852,4,1
2016-12-13,2016,4,12,December,West,California,Torrance,Office Supplies,Binders,6.0960,2.2098,2,1
2016-12-14,2016,4,12,December,East,New York,New York City,Furniture,Furnishings,396.9200,198.4600,4,1
2016-12-14,2016,4,12,December,East,New York,New York City,Office Supplies,Binders,23.1200,7.8030,2,1
2016-12-14,2016,4,12,December,East,New York,New York City,Office Supplies,Fasteners,21.4800,10.5252,6,1
2016-12-14,2016,4,12,December,East,New York,New York City,Office Supplies,Labels,5.7600,2.8224,2,1
2016-12-14,2016,4,12,December,East,New York,New York City,Office Supplies,Paper,14.6200,6.7252,2,1
2016-12-14,2016,4,12,December,East,New York,New York City,Office Supplies,Storage,17.1500,4.6305,1,1
2016-12-14,2016,4,12,December,South,Mississippi,Jackson,Furniture,Furnishings,133.3800,58.6872,6,1
2016-12-14,2016,4,12,December,West,California,San Diego,Furniture,Chairs,81.4240,-9.1602,2,1
2016-12-14,2016,4,12,December,West,California,San Diego,Office Supplies,Storage,134.8000,35.0480,10,1
2016-12-15,2016,4,12,December,Central,Michigan,Detroit,Furniture,Tables,1652.9400,231.4116,3,1
2016-12-15,2016,4,12,December,Central,Michigan,Detroit,Office Supplies,Storage,296.3700,80.0199,3,1
2016-12-15,2016,4,12,December,East,Ohio,Cuyahoga Falls,Office Supplies,Binders,2.2140,-1.4760,3,1
2016-12-15,2016,4,12,December,South,Arkansas,Fayetteville,Office Supplies,Paper,19.4400,9.3312,3,1
2016-12-15,2016,4,12,December,West,California,Los Angeles,Furniture,Furnishings,14.7600,4.2804,2,1
2016-12-15,2016,4,12,December,West,Oregon,Springfield,Furniture,Tables,564.1950,-304.6653,3,1
2016-12-15,2016,4,12,December,West,Oregon,Springfield,Office Supplies,Appliances,87.1680,8.7168,2,1
2016-12-16,2016,4,12,December,Central,Illinois,Chicago,Office Supplies,Binders,4.7880,-7.9002,3,1
2016-12-16,2016,4,12,December,East,New York,New York City,Office Supplies,Fasteners,3.6800,1.8032,2,1
2016-12-16,2016,4,12,December,South,North Carolina,Goldsboro,Office Supplies,Appliances,34.9440,3.0576,3,1
2016-12-16,2016,4,12,December,West,California,Apple Valley,Furniture,Chairs,563.9200,7.0490,5,1
2016-12-16,2016,4,12,December,West,California,San Diego,Technology,Accessories,21.2100,4.4541,7,1
2016-12-17,2016,4,12,December,Central,Michigan,Detroit,Office Supplies,Binders,9892.7400,4946.3700,13,1
2016-12-17,2016,4,12,December,Central,Texas,Arlington,Office Supplies,Paper,51.8400,18.1440,10,1
2016-12-17,2016,4,12,December,Central,Texas,Arlington,Technology,Accessories,165.6000,-6.2100,3,1
2016-12-17,2016,4,12,December,West,California,San Francisco,Furniture,Tables,2003.5200,-325.5720,6,1
2016-12-17,2016,4,12,December,West,New Mexico,Carlsbad,Office Supplies,Binders,24.9040,8.2365,3,1
2016-12-17,2016,4,12,December,West,Washington,Seattle,Office Supplies,Storage,46.5300,13.0284,3,1
2016-12-18,2016,4,12,December,Central,Minnesota,Minneapolis,Furniture,Furnishings,18.8400,6.0288,3,1
2016-12-18,2016,4,12,December,Central,Nebraska,Omaha,Furniture,Chairs,563.9400,112.7880,3,1
2016-12-18,2016,4,12,December,East,New Jersey,Morristown,Office Supplies,Binders,1793.9800,843.1706,2,1
2016-12-18,2016,4,12,December,East,New York,New York City,Office Supplies,Storage,900.0800,117.0104,4,1
2016-12-18,2016,4,12,December,South,Florida,Tamarac,Office Supplies,Appliances,194.5280,24.3160,2,1
2016-12-18,2016,4,12,December,South,Florida,Tamarac,Office Supplies,Binders,254.0580,-169.3720,7,1
2016-12-18,2016,4,12,December,South,Florida,Tamarac,Office Supplies,Supplies,961.4800,-204.3145,5,1
2016-12-18,2016,4,12,December,West,California,Los Angeles,Furniture,Furnishings,183.8400,62.5056,8,1
2016-12-18,2016,4,12,December,West,California,Los Angeles,Office Supplies,Paper,38.8800,18.6624,6,1
2016-12-18,2016,4,12,December,West,California,Los Angeles,Office Supplies,Supplies,579.3000,28.9650,5,1
2016-12-18,2016,4,12,December,West,California,San Diego,Furniture,Furnishings,39.9200,11.1776,4,1
2016-12-18,2016,4,12,December,West,California,San Diego,Technology,Accessories,845.1100,168.5613,5,1
2016-12-18,2016,4,12,December,West,California,San Francisco,Technology,Phones,66.9760,6.6976,7,1
2016-12-18,2016,4,12,December,West,Oregon,Salem,Furniture,Tables,377.4500,-264.2150,5,1
2016-12-18,2016,4,12,December,West,Oregon,Salem,Office Supplies,Art,18.6880,2.3360,4,1
2016-12-18,2016,4,12,December,West,Oregon,Salem,Office Supplies,Binders,45.2400,-30.1600,4,1
2016-12-18,2016,4,12,December,West,Oregon,Salem,Office Supplies,Labels,15.9360,5.1792,4,1
2016-12-18,2016,4,12,December,West,Oregon,Salem,Office Supplies,Paper,11.6480,3.7856,2,1
2016-12-18,2016,4,12,December,West,Oregon,Salem,Technology,Accessories,112.7760,-8.4582,3,1
2016-12-18,2016,4,12,December,West,Oregon,Salem,Technology,Phones,28.6800,-7.1700,3,1
2016-12-19,2016,4,12,December,Central,Illinois,Chicago,Office Supplies,Binders,1.8000,-2.8800,5,1
2016-12-19,2016,4,12,December,East,New York,New York City,Office Supplies,Art,3.5200,1.0208,2,1
2016-12-19,2016,4,12,December,East,New York,New York City,Office Supplies,Binders,34.2480,11.5587,3,1
2016-12-19,2016,4,12,December,East,Pennsylvania,Reading,Furniture,Furnishings,303.9200,-30.3920,5,1
2016-12-19,2016,4,12,December,West,Arizona,Tucson,Furniture,Tables,455.9700,-218.8656,6,1
2016-12-19,2016,4,12,December,West,Arizona,Tucson,Office Supplies,Binders,15.6540,-11.8272,8,1
2016-12-20,2016,4,12,December,Central,Nebraska,Fremont,Office Supplies,Paper,33.9000,15.5940,5,1
2016-12-20,2016,4,12,December,South,Mississippi,Jackson,Furniture,Furnishings,18.9200,7.3788,4,1
2016-12-20,2016,4,12,December,South,Mississippi,Jackson,Office Supplies,Binders,15.4200,6.9390,2,1
2016-12-20,2016,4,12,December,South,Mississippi,Jackson,Technology,Accessories,66.3000,8.6190,3,1
2016-12-22,2016,4,12,December,East,New York,New York City,Office Supplies,Binders,25.5840,8.9544,2,1
2016-12-22,2016,4,12,December,West,California,Moreno Valley,Furniture,Furnishings,884.6800,213.1624,10,1
2016-12-22,2016,4,12,December,West,Oregon,Redmond,Furniture,Furnishings,34.6240,7.9496,5,1
2016-12-22,2016,4,12,December,West,Oregon,Redmond,Office Supplies,Binders,31.3200,-25.0560,10,1
2016-12-22,2016,4,12,December,West,Washington,Seattle,Office Supplies,Binders,55.3600,19.3760,4,1
2016-12-22,2016,4,12,December,West,Washington,Seattle,Technology,Machines,11.5600,3.7570,1,1
2016-12-23,2016,4,12,December,Central,Illinois,Chicago,Furniture,Bookcases,141.3720,-14.1372,2,1
2016-12-23,2016,4,12,December,Central,Michigan,Grand Rapids,Office Supplies,Fasteners,24.8500,11.6795,7,1
2016-12-23,2016,4,12,December,Central,Texas,Houston,Furniture,Furnishings,2.3280,-0.7566,2,1
2016-12-23,2016,4,12,December,Central,Texas,Houston,Office Supplies,Labels,45.3600,14.7420,9,1
2016-12-23,2016,4,12,December,Central,Texas,Houston,Technology,Phones,873.3360,90.5094,9,1
2016-12-23,2016,4,12,December,East,Ohio,Bowling Green,Office Supplies,Binders,5.5530,-4.0722,3,1
2016-12-23,2016,4,12,December,East,Pennsylvania,Philadelphia,Office Supplies,Paper,7.9680,2.6892,2,1
2016-12-23,2016,4,12,December,East,Pennsylvania,Philadelphia,Technology,Phones,1499.9700,-374.9925,5,1
2016-12-23,2016,4,12,December,East,Rhode Island,Warwick,Technology,Copiers,1999.9600,899.9820,4,1
2016-12-23,2016,4,12,December,South,Virginia,Springfield,Furniture,Furnishings,859.1400,249.1506,9,1
2016-12-23,2016,4,12,December,West,Washington,Seattle,Office Supplies,Art,13.0200,3.7338,5,1
2016-12-23,2016,4,12,December,West,Washington,Seattle,Office Supplies,Envelopes,61.9600,30.3604,2,1
2016-12-23,2016,4,12,December,West,Washington,Seattle,Office Supplies,Paper,85.8400,41.2032,3,1
2016-12-23,2016,4,12,December,West,Washington,Seattle,Office Supplies,Storage,1345.2000,58.1688,6,1
2016-12-24,2016,4,12,December,East,New York,New York City,Furniture,Furnishings,799.5600,207.8856,9,1
2016-12-24,2016,4,12,December,East,New York,New York City,Technology,Phones,197.9700,53.4519,3,1
2016-12-24,2016,4,12,December,South,North Carolina,Charlotte,Office Supplies,Binders,27.8820,-20.4468,3,1
2016-12-24,2016,4,12,December,South,North Carolina,Charlotte,Office Supplies,Storage,540.0480,-47.2542,3,1
2016-12-24,2016,4,12,December,South,North Carolina,Charlotte,Technology,Accessories,255.6800,76.7040,8,1
2016-12-24,2016,4,12,December,West,California,San Jose,Furniture,Furnishings,43.9600,18.4632,7,1
2016-12-24,2016,4,12,December,West,California,San Jose,Office Supplies,Envelopes,39.7600,18.6872,7,1
2016-12-24,2016,4,12,December,West,Washington,Seattle,Office Supplies,Paper,33.4000,16.0320,5,1
2016-12-25,2016,4,12,December,East,New Hampshire,Nashua,Furniture,Furnishings,21.1200,6.5472,4,1
2016-12-25,2016,4,12,December,East,New York,New York City,Furniture,Chairs,3429.7020,486.5916,11,2
2016-12-25,2016,4,12,December,East,New York,New York City,Furniture,Tables,313.1760,-120.0508,2,1
2016-12-25,2016,4,12,December,East,New York,New York City,Office Supplies,Binders,33.5680,11.7488,2,1
2016-12-25,2016,4,12,December,South,Arkansas,Fayetteville,Furniture,Furnishings,343.8500,137.5400,5,1
2016-12-25,2016,4,12,December,South,Arkansas,Fayetteville,Office Supplies,Art,19.8900,5.3703,9,1
2016-12-25,2016,4,12,December,South,Arkansas,Fayetteville,Office Supplies,Paper,106.3200,49.9704,3,1
2016-12-25,2016,4,12,December,South,Arkansas,Fayetteville,Technology,Accessories,399.9800,171.9914,2,1
2016-12-25,2016,4,12,December,West,Arizona,Phoenix,Furniture,Chairs,47.9680,4.1972,2,1
2016-12-25,2016,4,12,December,West,Arizona,Phoenix,Furniture,Tables,35.4450,-24.1026,1,1
2016-12-25,2016,4,12,December,West,Arizona,Phoenix,Technology,Accessories,145.9200,13.5240,5,1
2016-12-25,2016,4,12,December,West,Arizona,Phoenix,Technology,Machines,269.9700,-386.9570,2,1
2016-12-25,2016,4,12,December,West,California,Los Angeles,Office Supplies,Paper,45.3600,21.7728,7,1
2016-12-25,2016,4,12,December,West,California,Los Angeles,Technology,Accessories,254.2400,76.2720,7,1
2016-12-25,2016,4,12,December,West,California,Los Angeles,Technology,Phones,2575.9440,257.5944,7,1
2016-12-25,2016,4,12,December,West,Washington,Seattle,Furniture,Chairs,698.3520,52.3764,3,1
2016-12-25,2016,4,12,December,West,Washington,Seattle,Furniture,Tables,1747.2500,629.0100,5,1
2016-12-26,2016,4,12,December,East,New Jersey,Vineland,Furniture,Chairs,212.9400,25.5528,3,1
2016-12-26,2016,4,12,December,East,New Jersey,Vineland,Office Supplies,Appliances,26.4900,7.4172,1,1
2016-12-26,2016,4,12,December,East,New York,New York City,Office Supplies,Binders,4.9920,1.6848,3,1
2016-12-26,2016,4,12,December,East,New York,New York City,Technology,Accessories,89.9700,18.8937,3,1
2016-12-26,2016,4,12,December,West,California,Los Angeles,Furniture,Chairs,146.3520,-5.4882,3,1
2016-12-26,2016,4,12,December,West,California,Los Angeles,Furniture,Tables,902.7120,33.8517,3,1
2016-12-26,2016,4,12,December,West,California,Los Angeles,Office Supplies,Appliances,7.9000,2.0540,2,1
2016-12-26,2016,4,12,December,West,California,Los Angeles,Office Supplies,Art,53.9700,15.1116,3,1
2016-12-26,2016,4,12,December,West,California,Los Angeles,Office Supplies,Supplies,17.7600,4.9728,2,1
2016-12-26,2016,4,12,December,West,California,Los Angeles,Technology,Phones,302.3840,30.2384,2,1
2016-12-26,2016,4,12,December,West,Colorado,Colorado Springs,Office Supplies,Art,11.3280,2.5488,2,1
2016-12-26,2016,4,12,December,West,Colorado,Denver,Office Supplies,Appliances,18.7200,3.5100,2,1
2016-12-26,2016,4,12,December,West,Washington,Seattle,Office Supplies,Paper,33.9000,15.5940,5,1
2016-12-27,2016,4,12,December,Central,Illinois,Woodstock,Furniture,Chairs,845.4880,-12.0784,8,1
2016-12-27,2016,4,12,December,Central,Texas,Port Arthur,Office Supplies,Paper,34.0480,11.0288,6,1
2016-12-27,2016,4,12,December,East,Ohio,Akron,Office Supplies,Fasteners,17.1840,6.2292,6,1
2016-12-27,2016,4,12,December,East,Ohio,Lancaster,Technology,Accessories,40.0000,0.5000,2,1
2016-12-27,2016,4,12,December,South,Kentucky,Louisville,Office Supplies,Labels,2.6100,1.2006,1,1
2016-12-27,2016,4,12,December,West,California,Santa Ana,Office Supplies,Labels,20.1600,9.8784,7,1
2016-12-29,2016,4,12,December,Central,Illinois,Aurora,Office Supplies,Paper,186.0480,67.4424,6,1
2016-12-29,2016,4,12,December,Central,Kansas,Wichita,Furniture,Furnishings,70.5600,23.9904,6,1
2016-12-29,2016,4,12,December,Central,Kansas,Wichita,Office Supplies,Appliances,81.9600,22.9488,2,1
2016-12-29,2016,4,12,December,Central,Wisconsin,Milwaukee,Furniture,Chairs,754.4500,60.3560,5,1
2016-12-29,2016,4,12,December,South,Florida,Miami,Office Supplies,Paper,62.7520,21.9632,13,1
2016-12-29,2016,4,12,December,South,Tennessee,Bristol,Office Supplies,Binders,40.8960,-29.8968,7,1
2016-12-29,2016,4,12,December,West,California,Los Angeles,Office Supplies,Binders,11.2320,3.9312,3,1
2016-12-29,2016,4,12,December,West,California,Sacramento,Office Supplies,Storage,14.0300,4.0687,1,1
2016-12-29,2016,4,12,December,West,California,Sacramento,Office Supplies,Supplies,27.9600,7.2696,2,1
2016-12-29,2016,4,12,December,West,Oregon,Springfield,Office Supplies,Envelopes,27.7920,10.4220,3,1
2016-12-30,2016,4,12,December,Central,Texas,Deer Park,Office Supplies,Binders,6.9240,-10.3860,6,1
2016-12-30,2016,4,12,December,East,Ohio,Columbus,Office Supplies,Labels,5.9040,1.9926,2,1
2016-12-30,2016,4,12,December,East,Ohio,Columbus,Office Supplies,Supplies,13.7120,1.0284,2,1
2016-12-30,2016,4,12,December,East,Pennsylvania,Lancaster,Furniture,Chairs,170.7860,0.0000,1,1
2016-12-30,2016,4,12,December,East,Pennsylvania,Philadelphia,Office Supplies,Art,16.5200,1.6520,5,1
2016-12-30,2016,4,12,December,South,Florida,West Palm Beach,Office Supplies,Paper,72.2240,25.2784,4,1
2016-12-30,2016,4,12,December,West,California,Los Angeles,Office Supplies,Binders,6.3840,2.1546,1,1
2016-12-30,2016,4,12,December,West,California,Los Angeles,Office Supplies,Storage,481.3200,125.1432,4,1
2016-12-31,2016,4,12,December,East,Ohio,Lancaster,Office Supplies,Storage,156.5120,-35.2152,4,1
2016-12-31,2016,4,12,December,South,Florida,Jacksonville,Office Supplies,Art,47.6160,3.5712,3,1
2016-12-31,2016,4,12,December,South,Florida,Jacksonville,Office Supplies,Paper,23.4800,8.2180,5,1
2016-12-31,2016,4,12,December,West,California,Anaheim,Technology,Phones,302.3760,22.6782,3,1
2016-12-31,2016,4,12,December,West,California,San Francisco,Office Supplies,Binders,38.3760,13.4316,3,1
2016-12-31,2016,4,12,December,West,Nevada,Reno,Office Supplies,Art,3.6400,1.6380,2,1
2016-12-31,2016,4,12,December,West,Nevada,Reno,Office Supplies,Binders,159.7680,53.9217,7,1
2017-01-01,2017,1,1,January,Central,Texas,Huntsville,Furniture,Chairs,310.7440,-26.6352,4,1
2017-01-01,2017,1,1,January,Central,Texas,Huntsville,Furniture,Furnishings,141.4200,-187.3815,5,1
2017-01-01,2017,1,1,January,Central,Texas,Huntsville,Office Supplies,Appliances,15.2240,-38.8212,2,1
2017-01-01,2017,1,1,January,Central,Texas,Huntsville,Office Supplies,Art,12.7360,2.2288,4,1
2017-01-01,2017,1,1,January,Central,Texas,Huntsville,Office Supplies,Binders,20.2180,-32.3892,19,1
2017-01-01,2017,1,1,January,Central,Texas,Huntsville,Office Supplies,Storage,454.5600,-107.9580,5,1
2017-01-01,2017,1,1,January,Central,Wisconsin,Franklin,Office Supplies,Binders,3.6000,1.7280,2,1
2017-01-01,2017,1,1,January,East,Ohio,Lorain,Furniture,Furnishings,48.8960,8.5568,4,1
2017-01-01,2017,1,1,January,West,California,Los Angeles,Furniture,Furnishings,474.4300,199.2606,11,1
2017-01-02,2017,1,1,January,Central,Texas,El Paso,Furniture,Tables,913.4300,-169.6370,5,1
2017-01-02,2017,1,1,January,Central,Texas,El Paso,Office Supplies,Appliances,5.4320,-13.5800,2,1
2017-01-02,2017,1,1,January,Central,Texas,El Paso,Office Supplies,Art,31.7440,3.9680,2,1
2017-01-02,2017,1,1,January,Central,Texas,El Paso,Office Supplies,Storage,372.1440,27.9108,3,1
2017-01-02,2017,1,1,January,South,North Carolina,Jacksonville,Office Supplies,Binders,44.5140,-33.6876,11,1
2017-01-02,2017,1,1,January,South,North Carolina,Jacksonville,Technology,Machines,695.7000,-27.8280,2,1
2017-01-02,2017,1,1,January,West,California,Los Angeles,Technology,Accessories,16.5900,5.8065,1,1
2017-01-03,2017,1,1,January,West,California,Rancho Cucamonga,Office Supplies,Paper,38.8800,18.6624,6,1
2017-01-03,2017,1,1,January,West,California,San Francisco,Office Supplies,Art,9.1200,3.1008,3,1
2017-01-03,2017,1,1,January,West,California,San Francisco,Office Supplies,Binders,2022.2720,682.5168,8,1
2017-01-06,2017,1,1,January,South,Alabama,Tuscaloosa,Office Supplies,Binders,33.7400,15.5204,7,1
2017-01-07,2017,1,1,January,Central,Michigan,Detroit,Technology,Machines,3059.9820,679.9960,2,1
2017-01-07,2017,1,1,January,South,Florida,Ormond Beach,Office Supplies,Binders,2.8080,-1.9656,3,1
2017-01-07,2017,1,1,January,West,California,Long Beach,Office Supplies,Fasteners,7.8900,3.5505,1,1
2017-01-07,2017,1,1,January,West,California,Long Beach,Office Supplies,Storage,214.8000,45.2064,14,1
2017-01-07,2017,1,1,January,West,California,Long Beach,Office Supplies,Supplies,110.1100,31.9319,7,1
2017-01-08,2017,1,1,January,West,Washington,Seattle,Furniture,Tables,892.9800,80.3682,2,1
2017-01-09,2017,1,1,January,East,Pennsylvania,Philadelphia,Office Supplies,Binders,274.4910,-228.7425,3,1
2017-01-12,2017,1,1,January,Central,Texas,Dallas,Office Supplies,Binders,760.9800,-1141.4700,5,1
2017-01-12,2017,1,1,January,East,District of Columbia,Washington,Furniture,Furnishings,37.6800,15.8256,2,1
2017-01-12,2017,1,1,January,East,District of Columbia,Washington,Office Supplies,Paper,40.0800,19.2384,6,1
2017-01-12,2017,1,1,January,West,California,San Francisco,Office Supplies,Envelopes,9.7800,4.8900,1,1
2017-01-13,2017,1,1,January,Central,Missouri,Springfield,Furniture,Bookcases,212.9400,53.2350,3,1
2017-01-13,2017,1,1,January,Central,Missouri,Springfield,Office Supplies,Art,209.9400,54.5844,6,1
2017-01-13,2017,1,1,January,Central,Missouri,Springfield,Office Supplies,Paper,32.4000,15.5520,5,1
2017-01-13,2017,1,1,January,Central,Missouri,Springfield,Office Supplies,Supplies,4164.0500,83.2810,5,1
2017-01-14,2017,1,1,January,Central,Indiana,Richmond,Furniture,Furnishings,18.9600,8.5320,2,1
2017-01-14,2017,1,1,January,Central,Indiana,Richmond,Office Supplies,Fasteners,2.5200,0.1008,2,1
2017-01-14,2017,1,1,January,Central,Indiana,Richmond,Office Supplies,Paper,11.3400,5.5566,1,1
2017-01-14,2017,1,1,January,Central,Indiana,Richmond,Office Supplies,Storage,86.1600,22.7768,7,1
2017-01-14,2017,1,1,January,Central,Indiana,Richmond,Technology,Accessories,171.9200,72.8572,8,1
2017-01-14,2017,1,1,January,Central,Indiana,Richmond,Technology,Phones,67.8000,1.3560,4,1
2017-01-14,2017,1,1,January,South,North Carolina,Jacksonville,Office Supplies,Envelopes,21.7440,7.3386,1,1
2017-01-14,2017,1,1,January,South,North Carolina,Jacksonville,Technology,Phones,7.9200,0.6930,5,1
2017-01-14,2017,1,1,January,South,Tennessee,Johnson City,Office Supplies,Binders,8.4780,-6.4162,7,1
2017-01-14,2017,1,1,January,South,Tennessee,Johnson City,Office Supplies,Envelopes,18.3360,6.6468,3,1
2017-01-14,2017,1,1,January,South,Tennessee,Johnson City,Office Supplies,Paper,36.2880,12.7008,7,1
2017-01-14,2017,1,1,January,South,Tennessee,Johnson City,Technology,Phones,111.9840,6.9990,2,1
2017-01-14,2017,1,1,January,West,California,Los Angeles,Office Supplies,Paper,154.9000,69.7050,5,1
2017-01-14,2017,1,1,January,West,Colorado,Aurora,Office Supplies,Storage,168.6240,14.7546,9,1
2017-01-14,2017,1,1,January,West,Colorado,Aurora,Technology,Accessories,169.0640,-14.7931,7,1
2017-01-15,2017,1,1,January,Central,Texas,Austin,Office Supplies,Binders,37.0600,-59.0822,5,1
2017-01-15,2017,1,1,January,Central,Texas,Austin,Technology,Accessories,110.5760,27.6960,10,1
2017-01-15,2017,1,1,January,East,Massachusetts,Quincy,Office Supplies,Paper,12.7000,5.8420,2,1
2017-01-15,2017,1,1,January,East,Pennsylvania,Philadelphia,Office Supplies,Appliances,1958.5440,316.5442,9,1
2017-01-15,2017,1,1,January,West,California,Los Angeles,Office Supplies,Art,21.4000,6.2060,5,1
2017-01-16,2017,1,1,January,Central,Michigan,Jackson,Furniture,Chairs,302.6700,72.6408,3,1
2017-01-16,2017,1,1,January,Central,Michigan,Jackson,Office Supplies,Binders,5443.9600,2504.2216,4,1
2017-01-16,2017,1,1,January,Central,Michigan,Jackson,Office Supplies,Paper,56.0700,25.2315,7,1
2017-01-16,2017,1,1,January,West,California,Los Angeles,Furniture,Furnishings,27.9200,8.0968,4,1
2017-01-16,2017,1,1,January,West,California,Los Angeles,Furniture,Tables,399.6720,-14.9877,7,1
2017-01-19,2017,1,1,January,Central,Texas,Keller,Office Supplies,Labels,6.0000,2.1000,2,1
2017-01-19,2017,1,1,January,East,Pennsylvania,Philadelphia,Furniture,Chairs,887.2710,-63.3765,3,1
2017-01-19,2017,1,1,January,East,Pennsylvania,Philadelphia,Furniture,Furnishings,31.9680,6.3936,2,1
2017-01-19,2017,1,1,January,East,Pennsylvania,Philadelphia,Office Supplies,Paper,21.6960,7.0512,4,1
2017-01-19,2017,1,1,January,East,Pennsylvania,Philadelphia,Technology,Phones,429.6000,-93.0800,2,1
2017-01-19,2017,1,1,January,East,Vermont,Burlington,Office Supplies,Appliances,542.9400,152.0232,3,1
2017-01-19,2017,1,1,January,East,Vermont,Burlington,Office Supplies,Envelopes,2.0400,0.9588,1,1
2017-01-19,2017,1,1,January,East,Vermont,Burlington,Office Supplies,Paper,92.2000,43.3340,5,1
2017-01-20,2017,1,1,January,Central,Illinois,Chicago,Office Supplies,Labels,11.5200,4.1760,5,1
2017-01-20,2017,1,1,January,East,Connecticut,Waterbury,Office Supplies,Art,3.5200,1.0208,2,1
2017-01-20,2017,1,1,January,East,New York,New York City,Furniture,Chairs,207.8460,2.3094,3,1
2017-01-20,2017,1,1,January,West,California,Los Angeles,Technology,Phones,160.7760,10.0485,3,1
2017-01-20,2017,1,1,January,West,California,San Francisco,Office Supplies,Art,24.2000,7.9860,5,1
2017-01-20,2017,1,1,January,West,California,San Francisco,Technology,Phones,359.9760,130.4913,3,1
2017-01-21,2017,1,1,January,Central,Illinois,Aurora,Office Supplies,Envelopes,268.5760,90.6444,4,1
2017-01-21,2017,1,1,January,Central,Michigan,Jackson,Office Supplies,Binders,103.9200,49.1304,9,1
2017-01-21,2017,1,1,January,Central,Michigan,Jackson,Technology,Accessories,619.9500,111.5910,5,1
2017-01-21,2017,1,1,January,Central,Michigan,Jackson,Technology,Machines,350.9730,152.0883,3,1
2017-01-21,2017,1,1,January,Central,Michigan,Jackson,Technology,Phones,164.9900,49.4970,1,1
2017-01-21,2017,1,1,January,South,North Carolina,Charlotte,Office Supplies,Binders,35.7840,-28.6272,7,1
2017-01-21,2017,1,1,January,South,North Carolina,Charlotte,Office Supplies,Storage,348.2080,30.4682,7,1
2017-01-21,2017,1,1,January,West,Washington,Seattle,Furniture,Bookcases,84.9800,18.6956,1,1
2017-01-21,2017,1,1,January,West,Washington,Seattle,Office Supplies,Binders,146.3520,49.6278,15,1
2017-01-21,2017,1,1,January,West,Washington,Seattle,Office Supplies,Storage,242.9400,9.7176,3,1
2017-01-21,2017,1,1,January,West,Washington,Seattle,Technology,Accessories,179.9700,86.3856,3,1
2017-01-22,2017,1,1,January,Central,Illinois,Chicago,Office Supplies,Art,7.8720,0.8856,3,1
2017-01-22,2017,1,1,January,Central,Illinois,Chicago,Office Supplies,Fasteners,15.1200,4.9140,5,1
2017-01-22,2017,1,1,January,West,Montana,Great Falls,Office Supplies,Paper,11.9600,5.3820,2,1
2017-01-22,2017,1,1,January,West,Montana,Great Falls,Office Supplies,Storage,1177.4700,70.1925,6,1
2017-01-22,2017,1,1,January,West,Montana,Great Falls,Technology,Copiers,2999.9500,1379.9770,5,1
2017-01-23,2017,1,1,January,Central,Michigan,Detroit,Furniture,Tables,210.9800,21.0980,2,1
2017-01-23,2017,1,1,January,West,Arizona,Tucson,Office Supplies,Binders,4.9380,-3.6212,2,1
2017-01-23,2017,1,1,January,West,Arizona,Tucson,Technology,Accessories,95.9840,11.9980,2,1
2017-01-23,2017,1,1,January,West,Washington,Seattle,Office Supplies,Binders,19.6800,6.8880,5,1
2017-01-23,2017,1,1,January,West,Washington,Seattle,Office Supplies,Paper,32.4000,15.5520,5,1
2017-01-23,2017,1,1,January,West,Washington,Seattle,Technology,Phones,86.3520,8.6352,6,1
2017-01-24,2017,1,1,January,South,Georgia,Smyrna,Office Supplies,Fasteners,5.6700,0.1134,3,1
2017-01-24,2017,1,1,January,West,California,San Jose,Office Supplies,Appliances,25.8600,6.7236,3,1
2017-01-24,2017,1,1,January,West,California,San Jose,Office Supplies,Binders,276.7840,89.9548,2,1
2017-01-24,2017,1,1,January,West,California,San Jose,Technology,Phones,110.3520,8.2764,3,1
2017-01-26,2017,1,1,January,Central,Texas,Houston,Office Supplies,Storage,18.1600,1.8160,2,1
2017-01-26,2017,1,1,January,South,Alabama,Hoover,Office Supplies,Art,15.4700,4.1769,7,1
2017-01-26,2017,1,1,January,South,Alabama,Hoover,Office Supplies,Binders,7.1600,3.4368,2,1
2017-01-26,2017,1,1,January,South,Georgia,Columbus,Furniture,Furnishings,62.7200,24.4608,4,1
2017-01-26,2017,1,1,January,South,Georgia,Columbus,Technology,Phones,2939.9300,764.3818,7,1
2017-01-26,2017,1,1,January,West,California,San Francisco,Office Supplies,Fasteners,11.8400,5.6832,8,1
2017-01-27,2017,1,1,January,East,New York,New York City,Technology,Phones,137.9400,35.8644,3,1
2017-01-27,2017,1,1,January,East,Ohio,Kent,Office Supplies,Art,14.0160,1.7520,3,1
2017-01-27,2017,1,1,January,East,Ohio,Kent,Technology,Accessories,71.9760,-8.9970,3,1
2017-01-27,2017,1,1,January,East,Ohio,Kent,Technology,Phones,107.9820,-26.9955,3,1
2017-01-28,2017,1,1,January,Central,Kansas,Wichita,Office Supplies,Paper,279.9000,137.1510,5,1
2017-01-28,2017,1,1,January,East,New York,New York City,Technology,Accessories,449.9100,157.4685,9,1
2017-01-28,2017,1,1,January,West,California,Costa Mesa,Furniture,Furnishings,37.7400,12.8316,3,1
2017-01-28,2017,1,1,January,West,California,Costa Mesa,Technology,Accessories,239.9700,26.3967,3,1
2017-01-29,2017,1,1,January,Central,Illinois,Chicago,Office Supplies,Binders,12.1280,-20.6176,4,1
2017-01-29,2017,1,1,January,Central,Iowa,Marion,Furniture,Furnishings,14.9100,4.6221,3,1
2017-01-29,2017,1,1,January,Central,Iowa,Marion,Office Supplies,Paper,107.8100,51.7488,7,1
2017-01-29,2017,1,1,January,Central,Iowa,Marion,Office Supplies,Storage,13.4800,3.5048,1,1
2017-01-29,2017,1,1,January,East,New York,New York City,Office Supplies,Labels,5.2200,2.4012,2,1
2017-01-29,2017,1,1,January,East,Pennsylvania,Philadelphia,Office Supplies,Art,4.7680,0.4768,2,1
2017-01-29,2017,1,1,January,West,California,San Francisco,Office Supplies,Art,8.3400,2.1684,3,1
2017-01-29,2017,1,1,January,West,California,San Francisco,Office Supplies,Binders,119.6160,40.3704,8,1
2017-01-29,2017,1,1,January,West,California,San Francisco,Office Supplies,Supplies,8.5700,2.2282,1,1
2017-01-30,2017,1,1,January,Central,Illinois,Aurora,Furniture,Tables,69.3750,-47.1750,1,1
2017-01-30,2017,1,1,January,Central,Illinois,Aurora,Office Supplies,Art,9.3440,3.1536,2,1
2017-01-30,2017,1,1,January,Central,Illinois,Aurora,Office Supplies,Supplies,31.6800,2.7720,4,1
2017-01-30,2017,1,1,January,Central,Illinois,Aurora,Technology,Phones,2003.1680,250.3960,4,1
2017-01-30,2017,1,1,January,Central,Iowa,Des Moines,Furniture,Furnishings,34.5800,14.5236,7,1
2017-01-30,2017,1,1,January,Central,Iowa,Des Moines,Office Supplies,Art,40.3000,10.8810,2,1
2017-01-30,2017,1,1,January,Central,Iowa,Des Moines,Office Supplies,Binders,58.3400,28.7845,8,1
2017-01-30,2017,1,1,January,Central,Iowa,Des Moines,Technology,Phones,207.0000,51.7500,3,1
2017-01-30,2017,1,1,January,South,Florida,Miami,Furniture,Chairs,419.1360,-68.1096,4,1
2017-01-30,2017,1,1,January,West,California,San Francisco,Furniture,Chairs,120.7840,-13.5882,1,1
2017-01-30,2017,1,1,January,West,California,San Francisco,Office Supplies,Art,21.5600,8.1144,10,1
2017-01-30,2017,1,1,January,West,California,San Francisco,Office Supplies,Storage,129.3000,6.4650,2,1
2017-01-30,2017,1,1,January,West,Washington,Seattle,Technology,Phones,604.7680,60.4768,4,1
2017-02-02,2017,1,2,February,East,Ohio,Columbus,Office Supplies,Fasteners,21.4560,6.9732,9,1
2017-02-02,2017,1,2,February,East,Ohio,Columbus,Office Supplies,Paper,78.3040,29.3640,2,1
2017-02-02,2017,1,2,February,East,Ohio,Columbus,Technology,Phones,59.9700,-11.9940,5,1
2017-02-02,2017,1,2,February,West,California,Los Angeles,Furniture,Furnishings,86.2600,29.3284,2,1
2017-02-02,2017,1,2,February,West,California,Los Angeles,Office Supplies,Appliances,46.8000,16.3800,4,1
2017-02-02,2017,1,2,February,West,California,Los Angeles,Office Supplies,Storage,139.0400,38.9312,4,1
2017-02-02,2017,1,2,February,West,California,San Diego,Furniture,Furnishings,210.5800,12.6348,2,1
2017-02-02,2017,1,2,February,West,California,San Diego,Office Supplies,Binders,30.9600,10.0620,2,1
2017-02-02,2017,1,2,February,West,California,San Diego,Technology,Machines,239.9840,38.9974,2,1
2017-02-03,2017,1,2,February,Central,Illinois,Chicago,Furniture,Furnishings,22.2000,-26.0850,1,1
2017-02-03,2017,1,2,February,Central,Illinois,Chicago,Office Supplies,Paper,490.1680,172.3786,8,1
2017-02-03,2017,1,2,February,East,Ohio,Cincinnati,Office Supplies,Binders,5.2290,-4.1832,3,1
2017-02-03,2017,1,2,February,East,Ohio,Cincinnati,Office Supplies,Storage,285.5520,35.6940,2,1
2017-02-03,2017,1,2,February,South,Florida,Pembroke Pines,Office Supplies,Binders,3.8820,-2.5880,2,1
2017-02-03,2017,1,2,February,South,Florida,Pembroke Pines,Office Supplies,Paper,115.2960,40.3536,3,1
2017-02-04,2017,1,2,February,East,New York,Rochester,Office Supplies,Appliances,32.6700,8.4942,3,1
2017-02-05,2017,1,2,February,Central,Texas,Waco,Office Supplies,Art,7.1200,0.7120,5,1
2017-02-05,2017,1,2,February,Central,Texas,Waco,Office Supplies,Binders,243.9920,-426.9860,4,1
2017-02-05,2017,1,2,February,West,California,Torrance,Office Supplies,Appliances,1640.7000,459.3960,5,1
2017-02-05,2017,1,2,February,West,California,Torrance,Technology,Phones,371.2000,41.7600,5,1
2017-02-06,2017,1,2,February,East,New York,New York City,Furniture,Bookcases,240.7840,30.0980,1,1
2017-02-06,2017,1,2,February,East,New York,New York City,Office Supplies,Binders,46.2400,15.6060,4,1
2017-02-06,2017,1,2,February,East,New York,New York City,Technology,Phones,227.4600,65.9634,6,1
2017-02-06,2017,1,2,February,South,Virginia,Arlington,Furniture,Bookcases,359.9700,79.1934,3,1
2017-02-06,2017,1,2,February,West,California,San Francisco,Office Supplies,Paper,29.9000,13.4550,5,1
2017-02-09,2017,1,2,February,Central,Texas,Houston,Furniture,Furnishings,3.9840,-2.6892,2,1
2017-02-09,2017,1,2,February,Central,Texas,Houston,Office Supplies,Appliances,12.9920,-32.4800,2,1
2017-02-09,2017,1,2,February,Central,Texas,Houston,Office Supplies,Binders,252.7840,-417.0936,4,1
2017-02-09,2017,1,2,February,Central,Texas,Houston,Technology,Accessories,127.9840,15.9980,2,1
2017-02-09,2017,1,2,February,West,California,Los Angeles,Furniture,Furnishings,21.1200,6.5472,4,1
2017-02-09,2017,1,2,February,West,California,Los Angeles,Office Supplies,Storage,354.9000,17.7450,5,1
2017-02-10,2017,1,2,February,East,Maryland,Clinton,Office Supplies,Paper,23.1200,11.3288,4,1
2017-02-10,2017,1,2,February,West,California,Laguna Niguel,Furniture,Bookcases,203.9830,16.7986,2,1
2017-02-11,2017,1,2,February,East,New York,New York City,Office Supplies,Labels,20.7000,9.9360,2,1
2017-02-11,2017,1,2,February,East,Ohio,Columbus,Furniture,Furnishings,147.5680,-3.6892,2,1
2017-02-11,2017,1,2,February,West,California,San Francisco,Office Supplies,Binders,21.3360,7.7343,7,1
2017-02-11,2017,1,2,February,West,Washington,Seattle,Furniture,Chairs,963.1360,108.3528,4,1
2017-02-11,2017,1,2,February,West,Washington,Seattle,Technology,Phones,88.7760,7.7679,3,1
2017-02-13,2017,1,2,February,Central,Minnesota,Minneapolis,Office Supplies,Appliances,90.6400,38.9752,8,1
2017-02-13,2017,1,2,February,East,Maryland,Baltimore,Office Supplies,Art,10.7100,2.7846,3,1
2017-02-13,2017,1,2,February,East,Maryland,Baltimore,Office Supplies,Supplies,25.0200,6.5052,3,1
2017-02-13,2017,1,2,February,East,New York,New York City,Office Supplies,Paper,17.9400,8.7906,3,1
2017-02-13,2017,1,2,February,West,Washington,Seattle,Furniture,Furnishings,107.5300,21.5060,1,1
2017-02-13,2017,1,2,February,West,Washington,Seattle,Office Supplies,Art,6.6300,1.7901,3,1
2017-02-13,2017,1,2,February,West,Washington,Seattle,Technology,Accessories,799.9600,343.9828,4,1
2017-02-16,2017,1,2,February,Central,Illinois,Decatur,Furniture,Chairs,600.5580,-8.5794,3,1
2017-02-16,2017,1,2,February,Central,Illinois,Decatur,Furniture,Furnishings,7.6920,-3.6537,1,1
2017-02-16,2017,1,2,February,Central,Illinois,Decatur,Office Supplies,Art,28.0320,3.5040,6,1
2017-02-16,2017,1,2,February,Central,Illinois,Decatur,Office Supplies,Fasteners,18.3680,6.1992,2,1
2017-02-16,2017,1,2,February,Central,Illinois,Decatur,Office Supplies,Storage,50.3520,-8.1822,3,1
2017-02-16,2017,1,2,February,East,Connecticut,Fairfield,Office Supplies,Storage,579.5100,81.1314,3,1
2017-02-16,2017,1,2,February,East,Connecticut,Fairfield,Technology,Phones,14.9900,7.3451,1,1
2017-02-16,2017,1,2,February,East,New York,New York City,Office Supplies,Paper,37.9400,18.2112,2,1
2017-02-17,2017,1,2,February,Central,Illinois,Chicago,Furniture,Tables,480.9600,-269.3376,3,1
2017-02-17,2017,1,2,February,Central,Illinois,Chicago,Technology,Phones,124.7920,10.9193,1,1
2017-02-17,2017,1,2,February,Central,Texas,Houston,Furniture,Bookcases,89.0664,-17.0274,1,1
2017-02-17,2017,1,2,February,Central,Texas,Houston,Office Supplies,Art,175.4400,52.6320,6,1
2017-02-17,2017,1,2,February,Central,Texas,Houston,Technology,Phones,438.3360,-87.6672,4,1
2017-02-17,2017,1,2,February,East,New Jersey,Perth Amboy,Office Supplies,Paper,11.7600,5.7624,2,1
2017-02-17,2017,1,2,February,East,New Jersey,Perth Amboy,Office Supplies,Storage,166.4500,39.9480,5,1
2017-02-17,2017,1,2,February,East,Ohio,Troy,Furniture,Chairs,899.4300,-12.8490,5,1
2017-02-17,2017,1,2,February,East,Ohio,Troy,Furniture,Furnishings,30.1440,8.2896,2,1
2017-02-17,2017,1,2,February,East,Ohio,Troy,Furniture,Tables,455.9700,-106.3930,5,1
2017-02-17,2017,1,2,February,East,Ohio,Troy,Office Supplies,Binders,5.7150,-4.7625,5,1
2017-02-17,2017,1,2,February,East,Ohio,Troy,Technology,Phones,57.5940,-11.5188,1,1
2017-02-17,2017,1,2,February,South,Louisiana,Lafayette,Technology,Phones,29.1600,8.4564,3,1
2017-02-18,2017,1,2,February,West,California,Los Angeles,Office Supplies,Labels,9.8200,4.8118,2,1
2017-02-18,2017,1,2,February,West,California,Los Angeles,Technology,Accessories,109.5300,47.0979,3,1
2017-02-18,2017,1,2,February,West,California,Los Angeles,Technology,Phones,167.9760,10.4985,3,1
2017-02-19,2017,1,2,February,South,Georgia,Roswell,Office Supplies,Appliances,1245.8600,361.2994,7,1
2017-02-19,2017,1,2,February,West,California,Los Angeles,Furniture,Furnishings,44.6700,12.0609,3,1
2017-02-19,2017,1,2,February,West,California,Los Angeles,Office Supplies,Art,12.8400,3.4668,3,1
2017-02-19,2017,1,2,February,West,Washington,Seattle,Office Supplies,Fasteners,11.2200,0.2244,3,1
2017-02-20,2017,1,2,February,Central,Oklahoma,Muskogee,Office Supplies,Appliances,13.1100,3.4086,3,1
2017-02-20,2017,1,2,February,Central,Oklahoma,Muskogee,Office Supplies,Art,6.5600,1.9024,2,1
2017-02-20,2017,1,2,February,West,Arizona,Gilbert,Furniture,Furnishings,68.7040,16.3172,2,1
2017-02-20,2017,1,2,February,West,Arizona,Gilbert,Furniture,Tables,386.9100,-185.7168,9,1
2017-02-20,2017,1,2,February,West,Arizona,Gilbert,Office Supplies,Envelopes,10.6400,3.8570,5,1
2017-02-20,2017,1,2,February,West,Arizona,Gilbert,Office Supplies,Storage,51.1680,-6.3960,2,1
2017-02-20,2017,1,2,February,West,Arizona,Gilbert,Technology,Accessories,31.9920,4.7988,1,1
2017-02-20,2017,1,2,February,West,Arizona,Gilbert,Technology,Phones,333.5760,25.0182,3,1
2017-02-20,2017,1,2,February,West,California,San Diego,Furniture,Furnishings,22.2300,7.3359,1,1
2017-02-20,2017,1,2,February,West,California,San Diego,Technology,Phones,215.9680,18.8972,2,1
2017-02-20,2017,1,2,February,West,Colorado,Louisville,Office Supplies,Fasteners,9.4320,3.0654,3,1
2017-02-21,2017,1,2,February,Central,Texas,Carrollton,Technology,Accessories,47.9040,-2.9940,1,1
2017-02-23,2017,1,2,February,West,California,Los Angeles,Office Supplies,Paper,37.4400,16.8480,6,1
2017-02-23,2017,1,2,February,West,Washington,Seattle,Office Supplies,Fasteners,8.4000,0.3360,5,1
2017-02-23,2017,1,2,February,West,Washington,Seattle,Technology,Phones,71.9600,25.1860,5,1
2017-02-24,2017,1,2,February,East,Pennsylvania,Philadelphia,Office Supplies,Binders,4.9560,-3.7996,4,1
2017-02-24,2017,1,2,February,East,Pennsylvania,Philadelphia,Office Supplies,Paper,123.9200,38.7250,5,1
2017-02-24,2017,1,2,February,East,Pennsylvania,Philadelphia,Technology,Accessories,1319.8000,214.4675,5,1
2017-02-25,2017,1,2,February,Central,Illinois,Chicago,Office Supplies,Binders,1.7880,-3.0396,3,1
2017-02-25,2017,1,2,February,South,North Carolina,Greenville,Furniture,Bookcases,231.9200,5.7980,5,1
2017-02-25,2017,1,2,February,South,North Carolina,Greenville,Furniture,Chairs,196.7840,-22.1382,2,1
2017-02-26,2017,1,2,February,West,California,Costa Mesa,Furniture,Furnishings,91.9600,15.6332,2,1
2017-02-26,2017,1,2,February,West,California,Costa Mesa,Office Supplies,Paper,29.6000,13.3200,4,1
2017-02-26,2017,1,2,February,West,California,Costa Mesa,Technology,Phones,258.5760,19.3932,2,1
2017-02-26,2017,1,2,February,West,California,Los Angeles,Furniture,Chairs,892.2240,89.2224,3,1
2017-02-26,2017,1,2,February,West,California,Los Angeles,Office Supplies,Appliances,81.9200,22.1184,4,1
2017-02-26,2017,1,2,February,West,California,Los Angeles,Office Supplies,Paper,247.0400,121.0496,8,1
2017-02-26,2017,1,2,February,West,California,Los Angeles,Technology,Phones,889.5360,66.7152,8,1
2017-02-26,2017,1,2,February,West,California,Santa Barbara,Office Supplies,Appliances,356.7900,99.9012,7,1
2017-02-28,2017,1,2,February,East,Connecticut,Middletown,Office Supplies,Binders,9.8400,4.7232,2,1
2017-02-28,2017,1,2,February,East,Connecticut,Middletown,Office Supplies,Paper,7.7800,3.5010,1,1
2017-03-02,2017,1,3,March,Central,Texas,Dallas,Office Supplies,Binders,12.2220,-20.1663,7,1
2017-03-02,2017,1,3,March,Central,Texas,Dallas,Office Supplies,Supplies,6.9760,-1.3952,4,1
2017-03-02,2017,1,3,March,Central,Texas,Waco,Office Supplies,Binders,0.5560,-0.9452,1,1
2017-03-02,2017,1,3,March,East,Delaware,Newark,Furniture,Bookcases,441.9600,101.6508,2,1
2017-03-02,2017,1,3,March,East,Delaware,Newark,Office Supplies,Art,59.5200,15.4752,3,1
2017-03-02,2017,1,3,March,East,Delaware,Newark,Office Supplies,Envelopes,57.9600,27.2412,7,1
2017-03-02,2017,1,3,March,East,Delaware,Newark,Office Supplies,Paper,68.0400,33.3396,6,1
2017-03-02,2017,1,3,March,East,Ohio,Cuyahoga Falls,Office Supplies,Binders,18.5280,-12.3520,4,1
2017-03-02,2017,1,3,March,West,California,Los Angeles,Office Supplies,Binders,107.6480,33.6400,2,1
2017-03-02,2017,1,3,March,West,California,Los Angeles,Technology,Accessories,479.9400,52.7934,6,1
2017-03-02,2017,1,3,March,West,California,Los Angeles,Technology,Phones,196.7760,14.7582,3,1
2017-03-03,2017,1,3,March,Central,Michigan,Dearborn Heights,Furniture,Chairs,180.9800,47.0548,1,1
2017-03-03,2017,1,3,March,Central,Michigan,Dearborn Heights,Technology,Accessories,99.9800,42.9914,2,1
2017-03-03,2017,1,3,March,Central,Texas,Dallas,Office Supplies,Paper,26.8800,9.7440,8,1
2017-03-03,2017,1,3,March,South,Kentucky,Murray,Office Supplies,Appliances,72.8000,19.6560,5,1
2017-03-03,2017,1,3,March,West,California,Los Angeles,Furniture,Chairs,170.3520,-17.0352,3,1
2017-03-03,2017,1,3,March,West,California,Los Angeles,Furniture,Tables,399.6720,-14.9877,7,1
2017-03-03,2017,1,3,March,West,California,Los Angeles,Technology,Accessories,1049.4400,440.7648,8,1
2017-03-04,2017,1,3,March,Central,Texas,Houston,Furniture,Furnishings,103.5000,-77.6250,5,1
2017-03-04,2017,1,3,March,Central,Texas,Houston,Office Supplies,Labels,2.4640,0.8624,1,1
2017-03-04,2017,1,3,March,Central,Texas,Houston,Office Supplies,Paper,89.5680,32.4684,2,1
2017-03-04,2017,1,3,March,Central,Texas,Houston,Office Supplies,Storage,8.7200,0.6540,1,1
2017-03-04,2017,1,3,March,West,California,Los Angeles,Office Supplies,Art,9.3200,2.7028,4,1
2017-03-04,2017,1,3,March,West,California,Los Angeles,Office Supplies,Envelopes,15.2500,7.0150,1,1
2017-03-05,2017,1,3,March,Central,Minnesota,Rochester,Office Supplies,Binders,146.6500,71.8585,5,1
2017-03-05,2017,1,3,March,Central,Minnesota,Rochester,Office Supplies,Fasteners,7.9000,2.5280,2,1
2017-03-05,2017,1,3,March,Central,Minnesota,Rochester,Office Supplies,Storage,221.1600,57.5016,4,1
2017-03-05,2017,1,3,March,Central,Wisconsin,Milwaukee,Office Supplies,Labels,25.0600,11.7782,2,1
2017-03-05,2017,1,3,March,South,Mississippi,Southaven,Office Supplies,Appliances,262.2400,78.6720,2,1
2017-03-05,2017,1,3,March,South,Mississippi,Southaven,Office Supplies,Binders,234.3600,112.4928,6,1
2017-03-05,2017,1,3,March,South,Mississippi,Southaven,Office Supplies,Envelopes,42.6800,19.6328,4,1
2017-03-05,2017,1,3,March,South,Mississippi,Southaven,Technology,Accessories,299.9700,125.9874,3,1
2017-03-06,2017,1,3,March,Central,Texas,Dallas,Office Supplies,Art,63.4880,4.7616,4,1
2017-03-06,2017,1,3,March,Central,Texas,Dallas,Office Supplies,Labels,4.9280,1.7248,2,1
2017-03-06,2017,1,3,March,East,New York,New York City,Furniture,Furnishings,71.9700,16.5531,3,1
2017-03-06,2017,1,3,March,East,New York,New York City,Office Supplies,Paper,26.3800,12.1348,1,1
2017-03-06,2017,1,3,March,West,California,San Francisco,Office Supplies,Art,23.8800,8.1192,6,1
2017-03-06,2017,1,3,March,West,California,San Francisco,Office Supplies,Binders,14.9760,5.4288,9,1
2017-03-06,2017,1,3,March,West,California,San Francisco,Office Supplies,Labels,11.5200,5.6448,4,1
2017-03-06,2017,1,3,March,West,California,San Francisco,Office Supplies,Paper,286.9300,140.5957,7,1
2017-03-06,2017,1,3,March,West,California,San Francisco,Office Supplies,Storage,67.7800,16.9450,2,1
2017-03-06,2017,1,3,March,West,California,San Francisco,Technology,Phones,206.3840,23.2182,2,1
2017-03-07,2017,1,3,March,East,Maryland,Clinton,Technology,Accessories,49.0800,4.9080,3,1
2017-03-07,2017,1,3,March,East,New York,New York City,Office Supplies,Binders,25.9200,9.0720,6,1
2017-03-07,2017,1,3,March,East,New York,New York City,Office Supplies,Labels,91.5900,42.1314,3,1
2017-03-08,2017,1,3,March,South,Georgia,Columbus,Office Supplies,Appliances,647.8400,168.4384,8,1
2017-03-08,2017,1,3,March,South,Georgia,Columbus,Office Supplies,Labels,20.7000,9.9360,2,1
2017-03-08,2017,1,3,March,West,California,Anaheim,Office Supplies,Art,3.3600,0.8736,2,1
2017-03-08,2017,1,3,March,West,California,Anaheim,Office Supplies,Binders,171.2000,64.2000,5,1
2017-03-09,2017,1,3,March,West,California,Los Angeles,Office Supplies,Binders,30.8400,9.6375,5,1
2017-03-09,2017,1,3,March,West,California,Los Angeles,Technology,Copiers,479.9840,59.9980,2,1
2017-03-09,2017,1,3,March,West,California,San Francisco,Technology,Accessories,199.9800,69.9930,2,1
2017-03-10,2017,1,3,March,Central,Texas,Dallas,Furniture,Tables,933.4080,-173.3472,4,1
2017-03-10,2017,1,3,March,East,Pennsylvania,Chester,Furniture,Furnishings,50.5680,12.0186,3,1
2017-03-10,2017,1,3,March,East,Pennsylvania,Chester,Office Supplies,Art,5.2480,0.5904,2,1
2017-03-10,2017,1,3,March,East,Pennsylvania,Chester,Technology,Phones,35.9100,-8.3790,3,1
2017-03-10,2017,1,3,March,East,Pennsylvania,Philadelphia,Technology,Phones,53.9820,-10.7964,3,1
2017-03-10,2017,1,3,March,South,North Carolina,Raleigh,Office Supplies,Appliances,48.7840,3.6588,1,1
2017-03-10,2017,1,3,March,South,North Carolina,Raleigh,Office Supplies,Binders,13.0920,-10.0372,4,1
2017-03-10,2017,1,3,March,West,California,San Francisco,Technology,Accessories,111.9600,21.2724,4,1
2017-03-11,2017,1,3,March,Central,Michigan,Detroit,Office Supplies,Binders,895.9200,421.0824,4,1
2017-03-11,2017,1,3,March,East,Massachusetts,Cambridge,Furniture,Furnishings,26.7200,11.7568,1,1
2017-03-11,2017,1,3,March,East,Massachusetts,Cambridge,Technology,Accessories,63.8800,24.9132,4,1
2017-03-11,2017,1,3,March,East,Pennsylvania,Philadelphia,Furniture,Tables,154.7640,-46.4292,3,1
2017-03-11,2017,1,3,March,East,Pennsylvania,Philadelphia,Office Supplies,Binders,12.2940,-8.6058,1,1
2017-03-11,2017,1,3,March,East,Pennsylvania,Philadelphia,Office Supplies,Storage,43.2800,3.2460,1,1
2017-03-11,2017,1,3,March,East,Pennsylvania,Philadelphia,Technology,Phones,776.8500,-181.2650,5,1
2017-03-12,2017,1,3,March,East,Massachusetts,Lowell,Technology,Phones,69.9300,32.1678,7,1
2017-03-12,2017,1,3,March,South,Arkansas,Rogers,Office Supplies,Binders,40.4100,18.5886,9,1
2017-03-12,2017,1,3,March,West,California,San Francisco,Office Supplies,Storage,242.9400,9.7176,3,1
2017-03-13,2017,1,3,March,Central,Illinois,Aurora,Technology,Phones,7.9920,2.5974,1,1
2017-03-13,2017,1,3,March,Central,Illinois,Chicago,Furniture,Chairs,89.7680,-2.5648,1,1
2017-03-13,2017,1,3,March,Central,Illinois,Chicago,Office Supplies,Art,49.2160,4.0488,9,1
2017-03-13,2017,1,3,March,Central,Illinois,Chicago,Office Supplies,Paper,15.5520,5.6376,3,1
2017-03-13,2017,1,3,March,Central,Illinois,Chicago,Technology,Copiers,959.9840,335.9944,2,1
2017-03-13,2017,1,3,March,Central,Illinois,Chicago,Technology,Machines,209.9860,8.9994,2,1
2017-03-13,2017,1,3,March,Central,Illinois,Chicago,Technology,Phones,34.3600,-7.3015,1,1
2017-03-13,2017,1,3,March,East,Connecticut,Fairfield,Office Supplies,Appliances,465.1600,120.9416,2,1
2017-03-13,2017,1,3,March,East,Connecticut,Fairfield,Office Supplies,Binders,30.8800,15.4400,2,1
2017-03-13,2017,1,3,March,East,Connecticut,Fairfield,Office Supplies,Paper,27.1200,12.4752,4,1
2017-03-13,2017,1,3,March,East,Maryland,Columbia,Office Supplies,Binders,174.3000,81.9210,3,1
2017-03-13,2017,1,3,March,East,New York,New York City,Technology,Phones,299.9000,74.9750,2,1
2017-03-13,2017,1,3,March,West,California,Manteca,Office Supplies,Paper,314.5500,150.9840,3,1
2017-03-13,2017,1,3,March,West,Colorado,Denver,Office Supplies,Supplies,1332.4960,-299.8116,2,1
2017-03-13,2017,1,3,March,West,New Mexico,Albuquerque,Office Supplies,Paper,333.6000,160.1280,13,1
2017-03-13,2017,1,3,March,West,New Mexico,Albuquerque,Office Supplies,Storage,90.8000,25.4240,8,1
2017-03-13,2017,1,3,March,West,New Mexico,Albuquerque,Technology,Accessories,214.9500,88.1295,5,1
2017-03-13,2017,1,3,March,West,New Mexico,Albuquerque,Technology,Phones,140.7360,49.2576,8,1
2017-03-14,2017,1,3,March,Central,Illinois,Chicago,Technology,Phones,49.6160,4.9616,2,1
2017-03-16,2017,1,3,March,East,Ohio,Columbus,Furniture,Furnishings,51.2640,7.6896,6,1
2017-03-16,2017,1,3,March,East,Ohio,Columbus,Office Supplies,Binders,5.1930,-3.4620,3,1
2017-03-16,2017,1,3,March,East,Ohio,Columbus,Office Supplies,Storage,54.2240,3.3890,2,1
2017-03-16,2017,1,3,March,East,Ohio,Columbus,Technology,Accessories,159.9840,43.9956,2,1
2017-03-16,2017,1,3,March,East,Ohio,Columbus,Technology,Phones,44.3760,-7.3960,2,1
2017-03-16,2017,1,3,March,East,Ohio,Lakewood,Technology,Phones,445.4400,-81.6640,8,1
2017-03-16,2017,1,3,March,West,California,Los Angeles,Office Supplies,Appliances,140.6700,54.8613,3,1
2017-03-16,2017,1,3,March,West,California,Los Angeles,Office Supplies,Binders,90.1440,29.7888,11,1
2017-03-16,2017,1,3,March,West,California,Los Angeles,Office Supplies,Storage,310.1200,80.6312,2,1
2017-03-16,2017,1,3,March,West,Washington,Seattle,Office Supplies,Paper,6.4800,3.1104,1,1
2017-03-16,2017,1,3,March,West,Washington,Seattle,Office Supplies,Storage,46.5100,1.8604,1,1
2017-03-16,2017,1,3,March,West,Washington,Seattle,Technology,Phones,659.9760,49.4982,3,1
2017-03-17,2017,1,3,March,Central,Texas,Houston,Office Supplies,Binders,13.7760,-22.0416,6,1
2017-03-17,2017,1,3,March,Central,Texas,Houston,Office Supplies,Paper,10.2720,3.2100,3,1
2017-03-17,2017,1,3,March,East,New York,New York City,Office Supplies,Art,59.1000,22.4580,6,1
2017-03-17,2017,1,3,March,East,New York,New York City,Office Supplies,Binders,9.1440,3.0861,3,1
2017-03-17,2017,1,3,March,East,New York,New York City,Office Supplies,Labels,26.0600,12.4357,6,1
2017-03-17,2017,1,3,March,East,New York,New York City,Office Supplies,Storage,153.9700,40.0322,11,1
2017-03-17,2017,1,3,March,East,New York,New York City,Technology,Accessories,128.6600,31.8632,11,1
2017-03-17,2017,1,3,March,East,New York,New York City,Technology,Phones,119.7000,31.1220,6,1
2017-03-17,2017,1,3,March,South,Tennessee,Knoxville,Office Supplies,Labels,4.6080,1.6704,2,1
2017-03-17,2017,1,3,March,West,California,Lancaster,Office Supplies,Binders,17.4560,5.8914,2,1
2017-03-18,2017,1,3,March,Central,Texas,Dallas,Office Supplies,Art,23.8320,6.5538,3,1
2017-03-18,2017,1,3,March,Central,Texas,Houston,Technology,Phones,537.5440,47.0351,7,1
2017-03-18,2017,1,3,March,Central,Texas,Tyler,Furniture,Furnishings,82.5240,-41.2620,3,1
2017-03-18,2017,1,3,March,Central,Texas,Tyler,Office Supplies,Appliances,2.6880,-7.3920,3,1
2017-03-18,2017,1,3,March,Central,Texas,Tyler,Office Supplies,Binders,182.9940,-320.2395,3,1
2017-03-18,2017,1,3,March,Central,Texas,Tyler,Technology,Accessories,27.8160,4.5201,3,1
2017-03-18,2017,1,3,March,West,California,Los Angeles,Office Supplies,Appliances,90.8600,26.3494,7,1
2017-03-18,2017,1,3,March,West,California,Los Angeles,Office Supplies,Art,13.9000,3.7530,5,1
2017-03-18,2017,1,3,March,West,California,Los Angeles,Office Supplies,Envelopes,19.4000,9.3120,5,1
2017-03-18,2017,1,3,March,West,Washington,Seattle,Office Supplies,Art,46.2000,21.2520,4,1
2017-03-19,2017,1,3,March,East,New Jersey,Lakewood,Office Supplies,Art,8.9400,2.4138,3,1
2017-03-19,2017,1,3,March,East,New York,New York City,Office Supplies,Labels,28.9100,13.2986,7,1
2017-03-19,2017,1,3,March,West,California,Fresno,Furniture,Furnishings,30.9300,12.6813,1,1
2017-03-19,2017,1,3,March,West,California,Fresno,Furniture,Tables,697.1600,8.7145,5,1
2017-03-19,2017,1,3,March,West,California,Fresno,Office Supplies,Binders,42.1200,14.3983,9,1
2017-03-19,2017,1,3,March,West,California,Los Angeles,Office Supplies,Appliances,381.3600,106.7808,7,1
2017-03-19,2017,1,3,March,West,California,San Francisco,Office Supplies,Binders,19.8240,6.6906,6,1
2017-03-19,2017,1,3,March,West,California,San Francisco,Technology,Accessories,299.5000,96.9322,6,1
2017-03-19,2017,1,3,March,West,California,San Francisco,Technology,Phones,657.5040,-131.5008,6,1
2017-03-20,2017,1,3,March,Central,Indiana,Columbus,Furniture,Furnishings,2.9100,1.3677,1,1
2017-03-20,2017,1,3,March,Central,Texas,Houston,Office Supplies,Paper,330.7680,121.9116,9,1
2017-03-20,2017,1,3,March,East,Connecticut,Middletown,Office Supplies,Paper,61.9600,27.8820,2,1
2017-03-20,2017,1,3,March,East,Connecticut,Middletown,Technology,Accessories,238.0000,38.0800,2,1
2017-03-20,2017,1,3,March,West,Washington,Seattle,Technology,Accessories,265.9300,63.8232,7,1
2017-03-21,2017,1,3,March,Central,Indiana,Lafayette,Office Supplies,Paper,283.1800,135.9842,6,1
2017-03-21,2017,1,3,March,Central,Oklahoma,Tulsa,Furniture,Chairs,1805.8800,523.7052,6,1
2017-03-21,2017,1,3,March,East,Pennsylvania,Reading,Office Supplies,Envelopes,8.8560,2.8782,3,1
2017-03-21,2017,1,3,March,South,Florida,Pompano Beach,Office Supplies,Appliances,64.3840,8.0480,1,1
2017-03-21,2017,1,3,March,West,California,Los Angeles,Office Supplies,Binders,19.4400,6.8334,5,1
2017-03-21,2017,1,3,March,West,California,Los Angeles,Office Supplies,Storage,725.8400,210.4936,4,1
2017-03-21,2017,1,3,March,West,Washington,Seattle,Furniture,Furnishings,22.1400,6.4206,3,1
2017-03-21,2017,1,3,March,West,Washington,Seattle,Office Supplies,Binders,30.5760,10.3194,6,1
2017-03-21,2017,1,3,March,West,Washington,Seattle,Office Supplies,Fasteners,13.0200,0.3906,7,1
2017-03-21,2017,1,3,March,West,Washington,Seattle,Office Supplies,Storage,359.3200,7.1864,4,1
2017-03-23,2017,1,3,March,Central,Texas,Huntsville,Office Supplies,Storage,143.7280,-32.3388,2,1
2017-03-23,2017,1,3,March,East,New York,New York City,Office Supplies,Paper,25.6800,11.5560,6,1
2017-03-23,2017,1,3,March,East,New York,New York City,Office Supplies,Supplies,347.5800,17.3790,3,1
2017-03-23,2017,1,3,March,West,California,San Francisco,Furniture,Furnishings,211.8400,76.2624,8,1
2017-03-23,2017,1,3,March,West,Washington,Seattle,Office Supplies,Binders,34.7600,11.2970,5,1
2017-03-23,2017,1,3,March,West,Washington,Seattle,Office Supplies,Paper,20.0400,9.6192,3,1
2017-03-23,2017,1,3,March,West,Washington,Seattle,Office Supplies,Storage,32.4800,4.8720,2,1
2017-03-23,2017,1,3,March,West,Washington,Seattle,Technology,Copiers,13999.9600,6719.9808,4,1
2017-03-24,2017,1,3,March,Central,Texas,Beaumont,Office Supplies,Storage,12.7680,0.9576,2,1
2017-03-24,2017,1,3,March,East,New York,New York City,Furniture,Chairs,479.6100,62.7014,5,2
2017-03-24,2017,1,3,March,East,New York,New York City,Office Supplies,Envelopes,47.0100,22.0947,3,1
2017-03-24,2017,1,3,March,East,New York,New York City,Office Supplies,Paper,221.9200,106.5216,4,1
2017-03-24,2017,1,3,March,East,New York,New York City,Technology,Accessories,26.0000,11.7000,2,1
2017-03-24,2017,1,3,March,East,New York,New York City,Technology,Phones,469.9900,136.2971,1,1
2017-03-25,2017,1,3,March,Central,Texas,Dallas,Office Supplies,Paper,6.8480,2.1400,2,1
2017-03-25,2017,1,3,March,Central,Texas,San Antonio,Technology,Phones,470.3760,47.0376,3,1
2017-03-25,2017,1,3,March,Central,Wisconsin,Milwaukee,Furniture,Chairs,1986.5200,482.5819,11,1
2017-03-25,2017,1,3,March,East,New York,New York City,Office Supplies,Art,11.0500,2.9835,5,1
2017-03-25,2017,1,3,March,West,California,Fresno,Office Supplies,Appliances,176.0400,45.7704,4,1
2017-03-25,2017,1,3,March,West,California,Fresno,Office Supplies,Art,16.0200,4.4856,9,1
2017-03-25,2017,1,3,March,West,California,Fresno,Office Supplies,Binders,185.9200,62.7480,4,1
2017-03-25,2017,1,3,March,West,California,Fresno,Technology,Copiers,479.9840,59.9980,2,1
2017-03-25,2017,1,3,March,West,California,Fresno,Technology,Phones,211.1680,15.8376,4,1
2017-03-25,2017,1,3,March,West,Washington,Seattle,Office Supplies,Art,23.1000,6.9300,2,1
2017-03-26,2017,1,3,March,Central,Michigan,Dearborn,Furniture,Furnishings,60.8400,23.1192,3,1
2017-03-26,2017,1,3,March,Central,Texas,Houston,Office Supplies,Appliances,87.1680,-226.6368,8,1
2017-03-26,2017,1,3,March,Central,Texas,Houston,Office Supplies,Paper,74.3520,23.2350,3,1
2017-03-26,2017,1,3,March,Central,Texas,Houston,Office Supplies,Storage,32.2320,2.4174,3,1
2017-03-26,2017,1,3,March,Central,Texas,Houston,Technology,Accessories,143.9600,1.7995,5,1
2017-03-26,2017,1,3,March,Central,Texas,Houston,Technology,Copiers,2399.9600,569.9905,5,1
2017-03-26,2017,1,3,March,East,New York,New York City,Furniture,Bookcases,257.5680,-28.9764,2,1
2017-03-26,2017,1,3,March,East,New York,New York City,Technology,Phones,119.9600,33.5888,4,1
2017-03-26,2017,1,3,March,South,Virginia,Virginia Beach,Office Supplies,Fasteners,3.7600,1.3160,2,1
2017-03-26,2017,1,3,March,South,Virginia,Virginia Beach,Technology,Accessories,53.2500,20.7675,3,1
2017-03-26,2017,1,3,March,West,Washington,Seattle,Office Supplies,Art,19.8300,5.9490,1,1
2017-03-27,2017,1,3,March,Central,Texas,Houston,Furniture,Bookcases,1023.3320,-30.0980,5,1
2017-03-27,2017,1,3,March,Central,Texas,Houston,Furniture,Chairs,811.8040,-74.9710,5,1
2017-03-27,2017,1,3,March,Central,Texas,Houston,Technology,Accessories,39.9920,6.9986,1,1
2017-03-27,2017,1,3,March,East,Pennsylvania,Philadelphia,Furniture,Furnishings,15.0080,1.5008,2,1
2017-03-27,2017,1,3,March,South,Virginia,Richmond,Furniture,Tables,292.1000,58.4200,2,1
2017-03-27,2017,1,3,March,South,Virginia,Richmond,Office Supplies,Binders,17.7600,8.8800,2,1
2017-03-27,2017,1,3,March,South,Virginia,Richmond,Office Supplies,Labels,8.2600,3.7996,2,1
2017-03-27,2017,1,3,March,South,Virginia,Richmond,Office Supplies,Paper,17.6400,8.1144,4,1
2017-03-27,2017,1,3,March,South,Virginia,Richmond,Office Supplies,Storage,332.9400,9.9882,3,1
2017-03-27,2017,1,3,March,South,Virginia,Richmond,Technology,Phones,206.1000,55.6470,5,1
2017-03-27,2017,1,3,March,West,California,Fresno,Office Supplies,Paper,168.5800,80.2436,7,1
2017-03-28,2017,1,3,March,South,Florida,Jacksonville,Office Supplies,Binders,68.7420,-48.1194,9,1
2017-03-28,2017,1,3,March,West,California,Fairfield,Furniture,Furnishings,48.0400,16.9616,8,1
2017-03-28,2017,1,3,March,West,California,Fairfield,Office Supplies,Paper,59.7200,28.7952,9,1
2017-03-28,2017,1,3,March,West,California,Fairfield,Office Supplies,Storage,795.4800,7.9548,7,1
2017-03-28,2017,1,3,March,West,California,Fairfield,Technology,Machines,532.7200,53.2720,2,1
2017-03-29,2017,1,3,March,Central,Indiana,Lafayette,Office Supplies,Storage,81.4000,21.1640,5,1
2017-03-30,2017,1,3,March,Central,Oklahoma,Oklahoma City,Office Supplies,Envelopes,325.8600,149.8956,2,1
2017-03-30,2017,1,3,March,East,Pennsylvania,Lancaster,Office Supplies,Binders,5.7150,-4.7625,5,1
2017-03-30,2017,1,3,March,South,Georgia,Columbus,Office Supplies,Storage,59.7600,16.7328,1,1
2017-03-30,2017,1,3,March,West,California,Lakewood,Furniture,Furnishings,94.2000,39.5640,5,1
2017-03-30,2017,1,3,March,West,California,Los Angeles,Office Supplies,Art,6.0800,2.0672,2,1
2017-03-30,2017,1,3,March,West,California,Los Angeles,Technology,Phones,164.7920,18.5391,1,1
2017-03-31,2017,1,3,March,Central,Illinois,Chicago,Office Supplies,Binders,13.4680,-22.8956,13,1
2017-03-31,2017,1,3,March,Central,Texas,Amarillo,Furniture,Bookcases,205.3328,-36.2352,2,1
2017-03-31,2017,1,3,March,Central,Texas,Arlington,Office Supplies,Appliances,33.6200,-90.7740,5,1
2017-03-31,2017,1,3,March,East,New York,New York City,Furniture,Furnishings,29.7800,8.0406,2,1
2017-03-31,2017,1,3,March,East,New York,New York City,Office Supplies,Paper,75.0400,36.0192,8,1
2017-03-31,2017,1,3,March,East,New York,New York City,Technology,Phones,762.5300,198.2578,8,2
2017-03-31,2017,1,3,March,South,Georgia,Atlanta,Office Supplies,Binders,98.6600,48.0476,5,1
2017-03-31,2017,1,3,March,South,Georgia,Atlanta,Technology,Copiers,2999.9500,1439.9760,5,1
2017-03-31,2017,1,3,March,South,Kentucky,Henderson,Furniture,Furnishings,61.0000,25.6200,5,1
2017-03-31,2017,1,3,March,South,Kentucky,Henderson,Technology,Phones,671.9300,188.1404,7,1
2017-03-31,2017,1,3,March,West,California,Los Angeles,Office Supplies,Supplies,29.7000,8.0190,3,1
2017-04-01,2017,2,4,April,Central,Missouri,Springfield,Office Supplies,Envelopes,28.4000,13.3480,5,1
2017-04-01,2017,2,4,April,Central,Missouri,Springfield,Office Supplies,Storage,94.2000,23.5500,6,1
2017-04-01,2017,2,4,April,East,New York,New York City,Office Supplies,Paper,42.9300,19.3185,9,1
2017-04-01,2017,2,4,April,South,Florida,Jacksonville,Furniture,Chairs,218.3520,-19.1058,3,1
2017-04-01,2017,2,4,April,South,Florida,Jacksonville,Office Supplies,Appliances,20.8080,1.8207,3,1
2017-04-01,2017,2,4,April,South,Florida,Jacksonville,Office Supplies,Labels,6.2640,2.0358,3,1
2017-04-01,2017,2,4,April,South,Florida,Jacksonville,Technology,Phones,23.9760,-5.6943,3,1
2017-04-01,2017,2,4,April,South,South Carolina,Florence,Furniture,Furnishings,127.9500,21.7515,3,1
2017-04-01,2017,2,4,April,West,California,San Francisco,Furniture,Bookcases,482.6640,85.1760,8,1
2017-04-01,2017,2,4,April,West,California,San Francisco,Office Supplies,Binders,121.6800,38.0250,13,1
2017-04-01,2017,2,4,April,West,California,San Francisco,Office Supplies,Labels,5.7800,2.7166,2,1
2017-04-01,2017,2,4,April,West,California,San Francisco,Technology,Machines,4799.9840,359.9988,2,1
2017-04-02,2017,2,4,April,East,Connecticut,Meriden,Office Supplies,Art,11.1200,2.8912,4,1
2017-04-02,2017,2,4,April,South,Alabama,Decatur,Office Supplies,Labels,14.9400,6.8724,3,1
2017-04-02,2017,2,4,April,South,Georgia,Columbus,Furniture,Tables,411.8000,70.0060,2,1
2017-04-02,2017,2,4,April,South,Georgia,Columbus,Technology,Accessories,360.0000,129.6000,4,1
2017-04-02,2017,2,4,April,West,California,Los Angeles,Furniture,Furnishings,25.1100,6.5286,3,1
2017-04-03,2017,2,4,April,Central,Illinois,Chicago,Office Supplies,Art,7.0560,2.2050,3,1
2017-04-03,2017,2,4,April,East,Pennsylvania,Philadelphia,Furniture,Furnishings,25.4720,7.6416,4,1
2017-04-04,2017,2,4,April,Central,Illinois,Des Plaines,Technology,Phones,383.8400,47.9800,4,1
2017-04-04,2017,2,4,April,East,New York,New York City,Office Supplies,Art,7.0400,2.0416,4,1
2017-04-04,2017,2,4,April,East,New York,New York City,Office Supplies,Envelopes,16.9800,8.4900,1,1
2017-04-04,2017,2,4,April,East,New York,New York City,Office Supplies,Supplies,240.3700,7.2111,1,1
2017-04-04,2017,2,4,April,East,New York,New York City,Technology,Phones,160.2400,44.4550,3,1
2017-04-06,2017,2,4,April,Central,Iowa,Marion,Office Supplies,Paper,106.3200,49.9704,3,1
2017-04-06,2017,2,4,April,South,Tennessee,Chattanooga,Office Supplies,Binders,8.1000,-5.9400,5,1
2017-04-07,2017,2,4,April,South,Florida,Jacksonville,Office Supplies,Art,16.2560,1.2192,2,1
2017-04-07,2017,2,4,April,South,Florida,Jacksonville,Technology,Phones,219.1840,19.1786,2,1
2017-04-07,2017,2,4,April,South,Florida,Tampa,Furniture,Furnishings,258.0720,0.0000,3,1
2017-04-07,2017,2,4,April,South,Florida,Tampa,Furniture,Tables,854.4745,-350.2938,5,1
2017-04-07,2017,2,4,April,South,Florida,Tampa,Office Supplies,Binders,5.3280,-3.5520,2,1
2017-04-07,2017,2,4,April,South,Florida,Tampa,Technology,Accessories,617.9760,-7.7247,3,1
2017-04-08,2017,2,4,April,Central,Michigan,Oak Park,Furniture,Furnishings,580.8600,151.0236,5,1
2017-04-08,2017,2,4,April,East,New Jersey,Plainfield,Office Supplies,Appliances,41.9500,10.4875,5,1
2017-04-08,2017,2,4,April,East,New Jersey,Plainfield,Office Supplies,Storage,2591.5600,621.9744,4,1
2017-04-08,2017,2,4,April,South,Georgia,Roswell,Furniture,Furnishings,56.2800,15.7584,6,1
2017-04-08,2017,2,4,April,South,Georgia,Roswell,Office Supplies,Binders,2690.9700,1264.7559,3,1
2017-04-08,2017,2,4,April,West,California,San Francisco,Office Supplies,Paper,440.3100,212.8185,9,1
2017-04-09,2017,2,4,April,Central,Michigan,Detroit,Office Supplies,Binders,478.2400,219.9904,8,1
2017-04-09,2017,2,4,April,East,New York,New York City,Office Supplies,Art,35.9700,9.7119,3,1
2017-04-09,2017,2,4,April,East,New York,New York City,Office Supplies,Labels,18.4600,9.0454,5,1
2017-04-09,2017,2,4,April,East,New York,New York City,Office Supplies,Paper,204.5600,98.1888,6,1
2017-04-09,2017,2,4,April,East,New York,New York City,Office Supplies,Storage,501.8100,0.0000,3,1
2017-04-09,2017,2,4,April,East,Pennsylvania,York,Office Supplies,Binders,37.8960,-29.0536,4,1
2017-04-09,2017,2,4,April,East,Pennsylvania,York,Office Supplies,Paper,65.5840,23.7742,2,1
2017-04-09,2017,2,4,April,South,Florida,Jacksonville,Office Supplies,Binders,17.4300,-13.3630,1,1
2017-04-09,2017,2,4,April,South,Florida,Jacksonville,Office Supplies,Labels,15.1200,4.9140,3,1
2017-04-09,2017,2,4,April,South,Florida,Jacksonville,Office Supplies,Paper,251.6400,88.0740,3,1
2017-04-10,2017,2,4,April,Central,Texas,Austin,Office Supplies,Paper,10.3680,3.6288,2,1
2017-04-10,2017,2,4,April,Central,Texas,Austin,Technology,Accessories,95.7360,20.3439,3,1
2017-04-10,2017,2,4,April,East,Connecticut,Waterbury,Office Supplies,Storage,286.1500,71.5375,5,1
2017-04-10,2017,2,4,April,East,Connecticut,Waterbury,Technology,Accessories,99.9900,41.9958,1,1
2017-04-10,2017,2,4,April,East,New Jersey,New Brunswick,Office Supplies,Fasteners,7.1600,3.5800,2,1
2017-04-10,2017,2,4,April,East,New Jersey,New Brunswick,Office Supplies,Paper,7.6100,3.5767,1,1
2017-04-10,2017,2,4,April,East,Pennsylvania,Philadelphia,Furniture,Furnishings,36.6720,6.4176,3,1
2017-04-10,2017,2,4,April,East,Pennsylvania,Philadelphia,Office Supplies,Appliances,195.1040,21.9492,4,1
2017-04-10,2017,2,4,April,South,Florida,Jacksonville,Furniture,Furnishings,12.3200,1.8480,5,1
2017-04-10,2017,2,4,April,South,Florida,Jacksonville,Office Supplies,Binders,4.4190,-3.0933,3,1
2017-04-11,2017,2,4,April,Central,Texas,Lubbock,Office Supplies,Binders,11.3640,-17.0460,3,1
2017-04-11,2017,2,4,April,East,Ohio,Lancaster,Office Supplies,Storage,16.7680,1.4672,2,1
2017-04-11,2017,2,4,April,East,Ohio,Lancaster,Technology,Accessories,27.1200,-4.7460,2,1
2017-04-11,2017,2,4,April,South,North Carolina,Burlington,Office Supplies,Art,22.7440,2.5149,9,1
2017-04-11,2017,2,4,April,West,California,Pasadena,Office Supplies,Art,41.8600,14.2324,7,1
2017-04-11,2017,2,4,April,West,California,Pasadena,Technology,Accessories,199.9500,21.9945,5,1
2017-04-12,2017,2,4,April,East,Rhode Island,Providence,Office Supplies,Binders,29.7000,13.3650,5,1
2017-04-12,2017,2,4,April,East,Rhode Island,Providence,Office Supplies,Paper,39.9600,17.9820,4,1
2017-04-13,2017,2,4,April,East,Pennsylvania,Philadelphia,Office Supplies,Fasteners,7.9200,1.6830,5,1
2017-04-13,2017,2,4,April,West,California,Hesperia,Furniture,Chairs,436.7040,-38.2116,6,1
2017-04-13,2017,2,4,April,West,Washington,Seattle,Office Supplies,Binders,895.9200,302.3730,5,1
2017-04-13,2017,2,4,April,West,Washington,Seattle,Office Supplies,Paper,5.2800,2.3760,1,1
2017-04-14,2017,2,4,April,Central,Missouri,Springfield,Office Supplies,Binders,8.7600,4.2048,2,1
2017-04-14,2017,2,4,April,East,New Jersey,Morristown,Furniture,Furnishings,74.4500,20.1015,5,1
2017-04-14,2017,2,4,April,East,New York,New York City,Furniture,Bookcases,242.3520,9.0882,3,1
2017-04-14,2017,2,4,April,East,New York,New York City,Office Supplies,Binders,10.7760,3.5022,3,1
2017-04-14,2017,2,4,April,East,Ohio,Toledo,Office Supplies,Art,104.4480,23.8944,6,1
2017-04-14,2017,2,4,April,East,Ohio,Toledo,Office Supplies,Paper,13.8720,5.0286,3,1
2017-04-14,2017,2,4,April,South,North Carolina,Fayetteville,Furniture,Bookcases,198.2720,-32.2192,8,1
2017-04-15,2017,2,4,April,Central,Texas,Houston,Office Supplies,Paper,20.7360,7.2576,4,1
2017-04-15,2017,2,4,April,South,Florida,Miami,Office Supplies,Binders,15.5700,-11.9370,3,1
2017-04-15,2017,2,4,April,South,North Carolina,Concord,Office Supplies,Paper,15.5520,5.4432,3,1
2017-04-15,2017,2,4,April,South,Virginia,Arlington,Office Supplies,Art,4.8900,2.0049,1,1
2017-04-15,2017,2,4,April,West,California,Los Angeles,Office Supplies,Paper,79.1400,36.4044,3,1
2017-04-15,2017,2,4,April,West,Nevada,Henderson,Furniture,Furnishings,196.4500,70.7220,5,1
2017-04-16,2017,2,4,April,Central,Illinois,Chicago,Office Supplies,Art,16.5200,2.0650,5,1
2017-04-16,2017,2,4,April,Central,Texas,Houston,Office Supplies,Binders,28.9420,-49.0566,4,1
2017-04-16,2017,2,4,April,Central,Texas,Houston,Office Supplies,Storage,32.5440,-7.7292,2,1
2017-04-16,2017,2,4,April,East,Ohio,Columbus,Office Supplies,Binders,13.7100,-10.0540,5,1
2017-04-16,2017,2,4,April,South,Alabama,Hoover,Office Supplies,Supplies,477.2400,9.5448,4,1
2017-04-16,2017,2,4,April,South,Alabama,Hoover,Technology,Accessories,25.9800,1.5588,2,1
2017-04-16,2017,2,4,April,West,California,San Francisco,Office Supplies,Appliances,40.7400,12.2220,3,1
2017-04-16,2017,2,4,April,West,California,San Jose,Furniture,Bookcases,102.8330,-6.0490,1,1
2017-04-16,2017,2,4,April,West,California,San Jose,Office Supplies,Storage,205.9200,2.0592,4,1
2017-04-17,2017,2,4,April,Central,Illinois,Chicago,Office Supplies,Storage,195.1360,-43.9056,4,1
2017-04-17,2017,2,4,April,East,Pennsylvania,Philadelphia,Furniture,Furnishings,60.3120,5.2773,3,1
2017-04-17,2017,2,4,April,West,California,Los Angeles,Furniture,Chairs,218.3520,-19.1058,3,1
2017-04-17,2017,2,4,April,West,California,Los Angeles,Office Supplies,Fasteners,10.9000,3.5970,5,1
2017-04-17,2017,2,4,April,West,California,Los Angeles,Office Supplies,Labels,30.4200,14.7582,10,1
2017-04-17,2017,2,4,April,West,California,Los Angeles,Office Supplies,Paper,28.1400,13.5072,3,1
2017-04-17,2017,2,4,April,West,California,Los Angeles,Technology,Accessories,274.8900,46.7313,11,1
2017-04-17,2017,2,4,April,West,Colorado,Louisville,Office Supplies,Binders,42.5880,-31.6322,13,1
2017-04-17,2017,2,4,April,West,Colorado,Louisville,Office Supplies,Paper,20.7360,7.2576,4,1
2017-04-17,2017,2,4,April,West,Colorado,Louisville,Technology,Machines,2549.9850,-3399.9800,5,1
2017-04-20,2017,2,4,April,Central,Illinois,Chicago,Furniture,Chairs,317.0580,-18.1176,3,1
2017-04-20,2017,2,4,April,Central,Illinois,Chicago,Furniture,Furnishings,58.9600,-58.3580,7,2
2017-04-20,2017,2,4,April,Central,Illinois,Chicago,Office Supplies,Art,15.7600,3.5460,2,1
2017-04-20,2017,2,4,April,Central,Michigan,Detroit,Office Supplies,Binders,183.4200,88.7728,11,1
2017-04-20,2017,2,4,April,East,Ohio,Cleveland,Office Supplies,Binders,8.7000,-6.3800,5,1
2017-04-20,2017,2,4,April,East,Ohio,Cleveland,Office Supplies,Storage,848.5440,-21.2136,4,1
2017-04-20,2017,2,4,April,East,Ohio,Cleveland,Technology,Phones,122.3820,-24.4764,3,1
2017-04-20,2017,2,4,April,East,Pennsylvania,Philadelphia,Furniture,Furnishings,94.3760,19.9354,5,1
2017-04-20,2017,2,4,April,East,Pennsylvania,Philadelphia,Office Supplies,Storage,384.0400,39.0457,4,1
2017-04-21,2017,2,4,April,Central,Texas,Houston,Office Supplies,Appliances,97.2640,-243.1600,4,1
2017-04-21,2017,2,4,April,Central,Texas,Houston,Office Supplies,Binders,5.6280,-9.7023,6,1
2017-04-21,2017,2,4,April,Central,Texas,Houston,Office Supplies,Paper,20.7360,7.2576,4,1
2017-04-21,2017,2,4,April,Central,Texas,Houston,Technology,Accessories,47.9760,8.3958,3,1
2017-04-21,2017,2,4,April,East,Maryland,Baltimore,Furniture,Chairs,908.8200,227.2050,9,1
2017-04-21,2017,2,4,April,West,Washington,Seattle,Furniture,Furnishings,162.6000,34.1460,3,1
2017-04-21,2017,2,4,April,West,Washington,Seattle,Technology,Accessories,11.5400,3.4620,1,1
2017-04-22,2017,2,4,April,East,Pennsylvania,Philadelphia,Furniture,Furnishings,254.3520,0.0000,3,1
2017-04-22,2017,2,4,April,South,Georgia,Columbus,Office Supplies,Storage,675.0600,87.7578,3,1
2017-04-22,2017,2,4,April,West,California,San Francisco,Furniture,Furnishings,18.2800,6.2152,2,1
2017-04-23,2017,2,4,April,Central,Indiana,Lawrence,Technology,Accessories,155.3400,55.9224,6,1
2017-04-23,2017,2,4,April,East,New York,New York City,Office Supplies,Appliances,121.9400,35.3626,2,1
2017-04-23,2017,2,4,April,East,New York,New York City,Office Supplies,Supplies,177.6100,52.1850,12,2
2017-04-23,2017,2,4,April,East,Ohio,Columbus,Office Supplies,Binders,11.7600,-7.8400,5,1
2017-04-23,2017,2,4,April,East,Ohio,Columbus,Office Supplies,Paper,5.3440,1.8704,1,1
2017-04-23,2017,2,4,April,South,Tennessee,Clarksville,Furniture,Bookcases,387.1360,-14.5176,4,1
2017-04-23,2017,2,4,April,South,Tennessee,Clarksville,Furniture,Furnishings,77.9520,-11.6928,3,1
2017-04-23,2017,2,4,April,South,Tennessee,Clarksville,Office Supplies,Labels,3.0000,1.0500,1,1
2017-04-23,2017,2,4,April,South,Tennessee,Clarksville,Technology,Accessories,45.4080,11.9196,2,1
2017-04-23,2017,2,4,April,West,California,Pasadena,Furniture,Furnishings,90.5000,34.5102,9,1
2017-04-23,2017,2,4,April,West,California,Pasadena,Office Supplies,Binders,92.8800,30.1860,6,1
2017-04-23,2017,2,4,April,West,Colorado,Greeley,Furniture,Furnishings,11.6640,3.3534,3,1
2017-04-23,2017,2,4,April,West,Colorado,Greeley,Office Supplies,Envelopes,18.6880,7.0080,2,1
2017-04-24,2017,2,4,April,Central,Illinois,Chicago,Office Supplies,Binders,10.4300,-18.2525,5,1
2017-04-24,2017,2,4,April,Central,Illinois,Chicago,Office Supplies,Storage,72.7840,-18.1960,1,1
2017-04-24,2017,2,4,April,East,Pennsylvania,Philadelphia,Office Supplies,Appliances,99.2800,12.4100,2,1
2017-04-24,2017,2,4,April,East,Pennsylvania,Philadelphia,Office Supplies,Binders,8.7060,-6.7538,4,1
2017-04-24,2017,2,4,April,East,Rhode Island,Providence,Technology,Accessories,69.9800,4.8986,2,1
2017-04-24,2017,2,4,April,South,Florida,Jacksonville,Office Supplies,Storage,113.5680,-21.2940,2,1
2017-04-24,2017,2,4,April,West,Arizona,Mesa,Technology,Phones,552.0000,34.5000,10,1
2017-04-24,2017,2,4,April,West,California,Santa Barbara,Office Supplies,Fasteners,1.8100,0.6516,1,1
2017-04-25,2017,2,4,April,South,Tennessee,Nashville,Office Supplies,Art,109.9680,12.0480,14,1
2017-04-25,2017,2,4,April,West,Arizona,Chandler,Office Supplies,Art,8.8960,0.6672,4,1
2017-04-25,2017,2,4,April,West,California,Los Angeles,Furniture,Bookcases,344.9810,28.4102,7,1
2017-04-25,2017,2,4,April,West,California,Los Angeles,Office Supplies,Binders,87.2480,32.0228,5,2
2017-04-25,2017,2,4,April,West,California,Los Angeles,Office Supplies,Paper,19.0500,8.7630,3,1
2017-04-25,2017,2,4,April,West,California,San Francisco,Technology,Accessories,107.9700,22.6737,3,1
2017-04-26,2017,2,4,April,Central,Texas,Fort Worth,Furniture,Furnishings,1.9880,-1.4413,1,1
2017-04-26,2017,2,4,April,West,Washington,Seattle,Office Supplies,Labels,39.2800,19.2472,8,1
2017-04-26,2017,2,4,April,West,Washington,Seattle,Office Supplies,Paper,20.3400,9.3564,3,1
2017-04-27,2017,2,4,April,Central,Texas,Fort Worth,Furniture,Bookcases,220.2656,-42.1096,4,1
2017-04-27,2017,2,4,April,Central,Texas,Fort Worth,Office Supplies,Labels,33.1200,11.5920,4,1
2017-04-27,2017,2,4,April,West,California,Los Angeles,Office Supplies,Art,183.6100,51.4558,9,1
2017-04-27,2017,2,4,April,West,Washington,Seattle,Furniture,Furnishings,139.5800,39.0824,7,1
2017-04-28,2017,2,4,April,East,Pennsylvania,Philadelphia,Office Supplies,Art,6.8480,0.7704,2,1
2017-04-28,2017,2,4,April,East,Pennsylvania,Philadelphia,Office Supplies,Storage,8.3840,0.7336,1,1
2017-04-28,2017,2,4,April,South,Florida,Kissimmee,Technology,Phones,751.9840,84.5982,2,1
2017-04-28,2017,2,4,April,South,North Carolina,Wilmington,Office Supplies,Appliances,28.0800,5.2650,3,1
2017-04-29,2017,2,4,April,East,New Jersey,Orange,Office Supplies,Labels,4.9100,2.4059,1,1
2017-04-29,2017,2,4,April,East,Ohio,Dublin,Furniture,Tables,1048.3500,-69.8900,5,1
2017-04-30,2017,2,4,April,Central,Illinois,Danville,Office Supplies,Binders,43.3720,-69.3952,7,1
2017-04-30,2017,2,4,April,East,Connecticut,Manchester,Office Supplies,Labels,5.7600,2.8224,2,1
2017-04-30,2017,2,4,April,East,New York,New York City,Office Supplies,Envelopes,62.9600,28.3320,4,1
2017-04-30,2017,2,4,April,East,Ohio,Columbus,Office Supplies,Paper,10.3680,3.6288,2,1
2017-04-30,2017,2,4,April,East,Pennsylvania,Philadelphia,Office Supplies,Binders,13.8960,-9.2640,3,1
2017-04-30,2017,2,4,April,East,Pennsylvania,Philadelphia,Technology,Phones,677.5800,-158.1020,5,1
2017-04-30,2017,2,4,April,South,Florida,Boynton Beach,Office Supplies,Art,15.5280,4.8525,3,1
2017-04-30,2017,2,4,April,South,Florida,Boynton Beach,Office Supplies,Labels,16.5600,5.5548,5,1
2017-04-30,2017,2,4,April,South,Florida,Pompano Beach,Furniture,Furnishings,23.6800,6.2160,8,1
2017-04-30,2017,2,4,April,South,Florida,Pompano Beach,Technology,Accessories,2.3760,0.7425,3,1
2017-04-30,2017,2,4,April,South,Florida,Sanford,Furniture,Furnishings,220.7040,-8.2764,6,1
2017-04-30,2017,2,4,April,South,Florida,Sanford,Office Supplies,Binders,4.8420,-3.5508,3,1
2017-04-30,2017,2,4,April,West,California,Los Angeles,Office Supplies,Art,9.7800,4.0098,2,1
2017-04-30,2017,2,4,April,West,California,Los Angeles,Office Supplies,Binders,23.2400,7.5530,5,1
2017-04-30,2017,2,4,April,West,California,San Francisco,Furniture,Furnishings,64.9600,21.4368,2,1
2017-04-30,2017,2,4,April,West,California,San Francisco,Office Supplies,Envelopes,30.5600,14.9744,4,1
2017-04-30,2017,2,4,April,West,California,San Francisco,Office Supplies,Paper,163.9600,80.3404,4,1
2017-05-01,2017,2,5,May,South,Arkansas,Texarkana,Technology,Accessories,48.9000,18.0930,5,1
2017-05-01,2017,2,5,May,South,Florida,Coral Springs,Furniture,Bookcases,314.3520,-15.7176,3,1
2017-05-01,2017,2,5,May,South,Florida,Coral Springs,Office Supplies,Labels,4.6080,1.4976,2,1
2017-05-01,2017,2,5,May,South,Florida,Jacksonville,Furniture,Chairs,2803.9200,0.0000,5,1
2017-05-01,2017,2,5,May,South,Florida,Jacksonville,Furniture,Tables,933.2620,-458.1468,4,1
2017-05-01,2017,2,5,May,South,Florida,Jacksonville,Office Supplies,Supplies,3.3280,0.4160,2,1
2017-05-02,2017,2,5,May,East,New Jersey,Westfield,Furniture,Furnishings,129.9300,12.9930,3,1
2017-05-02,2017,2,5,May,West,California,Los Angeles,Office Supplies,Art,59.5200,15.4752,3,1
2017-05-02,2017,2,5,May,West,California,Los Angeles,Office Supplies,Paper,50.1000,22.8890,10,1
2017-05-02,2017,2,5,May,West,California,Los Angeles,Technology,Accessories,159.5600,59.0372,4,1
2017-05-03,2017,2,5,May,East,Pennsylvania,Philadelphia,Furniture,Furnishings,32.4480,7.3008,2,1
2017-05-03,2017,2,5,May,East,Pennsylvania,Philadelphia,Furniture,Tables,373.4700,-112.0410,5,1
2017-05-03,2017,2,5,May,East,Pennsylvania,Philadelphia,Office Supplies,Binders,90.5880,-62.5320,9,1
2017-05-03,2017,2,5,May,East,Pennsylvania,Philadelphia,Office Supplies,Fasteners,8.0000,2.8000,2,1
2017-05-03,2017,2,5,May,West,California,Los Angeles,Office Supplies,Storage,832.9600,65.2720,10,1
2017-05-03,2017,2,5,May,West,California,San Francisco,Office Supplies,Art,22.9600,6.6584,7,1
2017-05-03,2017,2,5,May,West,California,San Francisco,Office Supplies,Paper,25.9200,12.4416,4,1
2017-05-04,2017,2,5,May,East,Ohio,Springfield,Office Supplies,Binders,2.3130,-1.9275,1,1
2017-05-04,2017,2,5,May,East,Pennsylvania,Philadelphia,Office Supplies,Binders,11.5980,-9.0582,5,1
2017-05-04,2017,2,5,May,South,Virginia,Newport News,Office Supplies,Paper,41.5100,19.6515,6,1
2017-05-04,2017,2,5,May,South,Virginia,Newport News,Office Supplies,Storage,588.3500,170.2833,5,1
2017-05-04,2017,2,5,May,West,California,San Francisco,Furniture,Tables,300.9040,11.2839,1,1
2017-05-04,2017,2,5,May,West,California,San Francisco,Office Supplies,Paper,17.6100,8.4528,3,1
2017-05-04,2017,2,5,May,West,California,San Francisco,Technology,Phones,183.9600,20.6955,5,1
2017-05-04,2017,2,5,May,West,California,Westminster,Office Supplies,Appliances,243.1600,72.9480,2,1
2017-05-05,2017,2,5,May,East,New York,New York City,Office Supplies,Paper,6.6800,3.2064,1,1
2017-05-05,2017,2,5,May,South,Georgia,Columbus,Office Supplies,Binders,34.5000,15.5250,3,1
2017-05-05,2017,2,5,May,West,California,San Francisco,Office Supplies,Envelopes,23.1600,11.5800,2,1
2017-05-05,2017,2,5,May,West,Colorado,Louisville,Furniture,Bookcases,89.9910,-152.9847,3,1
2017-05-05,2017,2,5,May,West,Colorado,Louisville,Office Supplies,Binders,9.5520,-7.3232,8,1
2017-05-05,2017,2,5,May,West,Colorado,Louisville,Office Supplies,Envelopes,21.2400,7.4340,9,1
2017-05-06,2017,2,5,May,Central,Illinois,Chicago,Office Supplies,Art,6.4080,0.6408,3,1
2017-05-06,2017,2,5,May,Central,Illinois,Chicago,Technology,Accessories,600.7120,105.4347,11,2
2017-05-06,2017,2,5,May,Central,Texas,Fort Worth,Furniture,Bookcases,623.4648,-119.1918,7,1
2017-05-06,2017,2,5,May,Central,Texas,Fort Worth,Office Supplies,Binders,11.0600,-18.8020,10,1
2017-05-06,2017,2,5,May,Central,Texas,Fort Worth,Office Supplies,Storage,772.6800,-57.9510,5,1
2017-05-06,2017,2,5,May,East,New York,New York City,Office Supplies,Labels,59.2000,29.6000,4,1
2017-05-06,2017,2,5,May,South,North Carolina,Charlotte,Office Supplies,Binders,68.5410,-52.5481,11,1
2017-05-06,2017,2,5,May,South,North Carolina,Charlotte,Office Supplies,Labels,122.1200,39.6890,5,1
2017-05-06,2017,2,5,May,South,North Carolina,Charlotte,Technology,Phones,627.1680,70.5564,4,1
2017-05-06,2017,2,5,May,South,Virginia,Arlington,Office Supplies,Art,54.6600,18.0378,6,1
2017-05-06,2017,2,5,May,West,Arizona,Tucson,Office Supplies,Paper,84.4160,27.4352,4,1
2017-05-06,2017,2,5,May,West,California,Rancho Cucamonga,Office Supplies,Appliances,152.9400,41.2938,3,1
2017-05-07,2017,2,5,May,Central,Michigan,Detroit,Furniture,Chairs,1962.0900,549.6677,8,1
2017-05-07,2017,2,5,May,Central,Michigan,Detroit,Office Supplies,Appliances,87.4440,18.4604,2,1
2017-05-07,2017,2,5,May,West,California,Los Angeles,Technology,Accessories,79.9900,28.7964,1,1
2017-05-07,2017,2,5,May,West,California,Pasadena,Technology,Phones,419.9440,52.4930,7,1
2017-05-08,2017,2,5,May,Central,Texas,Mansfield,Office Supplies,Paper,41.4720,14.5152,8,1
2017-05-08,2017,2,5,May,East,Ohio,Columbus,Furniture,Chairs,47.9920,-2.0568,2,1
2017-05-08,2017,2,5,May,East,Pennsylvania,Philadelphia,Furniture,Chairs,128.0580,-23.7822,3,1
2017-05-08,2017,2,5,May,West,California,Los Angeles,Technology,Copiers,3359.9520,1049.9850,6,1
2017-05-08,2017,2,5,May,West,California,San Francisco,Office Supplies,Appliances,81.0800,22.7024,4,1
2017-05-09,2017,2,5,May,South,North Carolina,Jacksonville,Furniture,Chairs,207.0000,25.8750,3,1
2017-05-09,2017,2,5,May,South,North Carolina,Jacksonville,Office Supplies,Envelopes,65.2320,22.0158,3,1
2017-05-09,2017,2,5,May,West,Washington,Seattle,Furniture,Tables,286.8500,63.1070,1,1
2017-05-09,2017,2,5,May,West,Washington,Seattle,Office Supplies,Binders,147.9200,46.2250,5,1
2017-05-09,2017,2,5,May,West,Washington,Seattle,Office Supplies,Storage,171.2400,28.7484,7,1
2017-05-09,2017,2,5,May,West,Washington,Seattle,Technology,Accessories,199.9800,87.9912,2,1
2017-05-11,2017,2,5,May,Central,Texas,Austin,Furniture,Furnishings,7.9960,-6.9965,1,1
2017-05-11,2017,2,5,May,Central,Texas,Austin,Office Supplies,Art,5.2480,0.5904,2,1
2017-05-11,2017,2,5,May,Central,Texas,Austin,Office Supplies,Paper,6.8480,2.1400,2,1
2017-05-11,2017,2,5,May,Central,Texas,Austin,Office Supplies,Storage,74.4160,-14.8832,2,1
2017-05-11,2017,2,5,May,East,New York,New York City,Office Supplies,Art,43.9200,12.7368,3,1
2017-05-11,2017,2,5,May,West,Arizona,Phoenix,Furniture,Bookcases,209.9790,-356.9643,7,1
2017-05-11,2017,2,5,May,West,Washington,Seattle,Office Supplies,Binders,26.0320,9.4366,2,1
2017-05-11,2017,2,5,May,West,Washington,Seattle,Office Supplies,Labels,37.5900,17.6673,3,1
2017-05-11,2017,2,5,May,West,Washington,Seattle,Office Supplies,Paper,37.4400,16.8480,6,1
2017-05-12,2017,2,5,May,Central,Texas,Houston,Office Supplies,Binders,34.2400,-53.0720,4,1
2017-05-12,2017,2,5,May,Central,Texas,Houston,Office Supplies,Storage,127.9200,-15.9900,5,1
2017-05-12,2017,2,5,May,East,Massachusetts,Everett,Office Supplies,Paper,87.6000,42.0480,5,1
2017-05-12,2017,2,5,May,East,New Jersey,Vineland,Furniture,Furnishings,42.8500,15.4260,5,1
2017-05-12,2017,2,5,May,East,New Jersey,Vineland,Office Supplies,Labels,6.1600,2.9568,2,1
2017-05-12,2017,2,5,May,East,New Jersey,Vineland,Office Supplies,Supplies,17.0000,4.4200,2,1
2017-05-12,2017,2,5,May,East,New Jersey,Vineland,Technology,Accessories,87.4000,34.9600,5,1
2017-05-12,2017,2,5,May,East,Ohio,Cincinnati,Office Supplies,Labels,5.9040,1.9926,2,1
2017-05-12,2017,2,5,May,East,Ohio,Springfield,Office Supplies,Art,10.2720,1.1556,3,1
2017-05-12,2017,2,5,May,West,California,San Francisco,Furniture,Tables,285.4800,-10.7055,5,1
2017-05-12,2017,2,5,May,West,California,San Francisco,Office Supplies,Appliances,7.7700,2.0979,1,1
2017-05-12,2017,2,5,May,West,California,San Francisco,Office Supplies,Binders,19.1680,6.4692,4,1
2017-05-12,2017,2,5,May,West,California,San Francisco,Office Supplies,Supplies,238.6200,4.7724,2,1
2017-05-13,2017,2,5,May,Central,Indiana,Columbus,Office Supplies,Binders,914.9700,411.7365,3,1
2017-05-13,2017,2,5,May,Central,Indiana,Columbus,Office Supplies,Envelopes,180.9600,81.4320,2,1
2017-05-13,2017,2,5,May,Central,Indiana,Columbus,Office Supplies,Paper,14.9400,7.3206,3,1
2017-05-13,2017,2,5,May,Central,Indiana,Columbus,Office Supplies,Storage,530.3400,95.4612,2,1
2017-05-13,2017,2,5,May,Central,Indiana,Columbus,Technology,Phones,587.9700,158.7519,3,1
2017-05-13,2017,2,5,May,East,Delaware,Newark,Office Supplies,Binders,299.5200,149.7600,9,1
2017-05-13,2017,2,5,May,East,Pennsylvania,Philadelphia,Furniture,Chairs,458.4300,-124.4310,5,1
2017-05-13,2017,2,5,May,South,Tennessee,Franklin,Office Supplies,Appliances,20.7680,2.3364,2,1
2017-05-13,2017,2,5,May,West,California,San Francisco,Office Supplies,Labels,58.4800,27.4856,8,1
2017-05-14,2017,2,5,May,Central,Texas,Houston,Furniture,Chairs,899.4300,-12.8490,5,1
2017-05-14,2017,2,5,May,Central,Texas,Houston,Office Supplies,Art,46.2000,5.7750,5,1
2017-05-14,2017,2,5,May,Central,Texas,Houston,Office Supplies,Paper,124.8160,43.0862,5,1
2017-05-14,2017,2,5,May,Central,Texas,Houston,Technology,Phones,7.9920,0.6993,1,1
2017-05-14,2017,2,5,May,East,Maryland,Baltimore,Furniture,Chairs,261.9600,23.5764,2,1
2017-05-14,2017,2,5,May,East,Maryland,Baltimore,Office Supplies,Art,55.6600,17.0054,12,1
2017-05-14,2017,2,5,May,East,Maryland,Baltimore,Office Supplies,Labels,74.0000,37.0000,5,1
2017-05-14,2017,2,5,May,East,Maryland,Baltimore,Technology,Accessories,89.9700,18.8937,3,1
2017-05-14,2017,2,5,May,East,New York,New York City,Office Supplies,Storage,22.5800,5.8708,2,1
2017-05-14,2017,2,5,May,East,New York,New York City,Technology,Phones,539.9700,134.9925,3,1
2017-05-14,2017,2,5,May,East,Ohio,Cleveland,Office Supplies,Binders,58.1700,-46.5360,5,1
2017-05-14,2017,2,5,May,East,Ohio,Cleveland,Office Supplies,Labels,5.0400,1.7640,2,1
2017-05-14,2017,2,5,May,East,Ohio,Cleveland,Office Supplies,Paper,24.7840,7.7450,1,1
2017-05-14,2017,2,5,May,South,Mississippi,Gulfport,Office Supplies,Envelopes,48.6900,23.8581,9,1
2017-05-14,2017,2,5,May,West,California,Santa Ana,Furniture,Furnishings,18.2800,6.2152,2,1
2017-05-14,2017,2,5,May,West,California,Santa Ana,Technology,Accessories,1399.9300,601.9699,7,1
2017-05-14,2017,2,5,May,West,Washington,Seattle,Office Supplies,Paper,440.1900,206.8893,9,1
2017-05-14,2017,2,5,May,West,Washington,Seattle,Office Supplies,Supplies,64.4000,1.9320,5,1
2017-05-15,2017,2,5,May,Central,Illinois,Chicago,Office Supplies,Paper,56.7040,19.1376,2,1
2017-05-15,2017,2,5,May,Central,Illinois,Chicago,Technology,Phones,11.1200,3.4750,2,1
2017-05-15,2017,2,5,May,West,Arizona,Phoenix,Office Supplies,Binders,4.7520,-3.1680,2,1
2017-05-15,2017,2,5,May,West,Arizona,Phoenix,Office Supplies,Paper,15.5520,5.6376,3,1
2017-05-15,2017,2,5,May,West,Arizona,Phoenix,Technology,Phones,29.5920,2.5893,1,1
2017-05-15,2017,2,5,May,West,Washington,Seattle,Furniture,Chairs,263.5840,29.1204,3,1
2017-05-15,2017,2,5,May,West,Washington,Seattle,Furniture,Furnishings,39.9600,17.1828,2,1
2017-05-16,2017,2,5,May,East,Ohio,Akron,Office Supplies,Storage,221.0240,-55.2560,2,1
2017-05-18,2017,2,5,May,Central,Illinois,Chicago,Furniture,Furnishings,24.5000,-11.1669,4,1
2017-05-18,2017,2,5,May,Central,Missouri,Springfield,Office Supplies,Appliances,706.8600,197.9208,7,1
2017-05-18,2017,2,5,May,Central,Missouri,Springfield,Office Supplies,Binders,43.1900,20.7312,7,1
2017-05-18,2017,2,5,May,Central,Missouri,Springfield,Technology,Phones,114.9500,2.2990,5,1
2017-05-18,2017,2,5,May,Central,Texas,Mcallen,Office Supplies,Binders,8.8700,-13.9481,8,1
2017-05-18,2017,2,5,May,Central,Texas,Mcallen,Office Supplies,Storage,8.9280,0.6696,2,1
2017-05-18,2017,2,5,May,East,New York,New York City,Furniture,Furnishings,14.5600,6.2608,2,1
2017-05-18,2017,2,5,May,East,New York,New York City,Office Supplies,Binders,3.0480,1.0287,1,1
2017-05-18,2017,2,5,May,East,Pennsylvania,Philadelphia,Technology,Accessories,36.0480,-0.9012,3,1
2017-05-18,2017,2,5,May,South,Georgia,Sandy Springs,Furniture,Bookcases,302.9400,75.7350,3,1
2017-05-18,2017,2,5,May,South,Georgia,Sandy Springs,Office Supplies,Appliances,17.2400,4.4824,2,1
2017-05-18,2017,2,5,May,South,Georgia,Sandy Springs,Office Supplies,Binders,113.9400,54.6912,6,1
2017-05-18,2017,2,5,May,South,Georgia,Sandy Springs,Technology,Phones,90.7300,31.3119,7,1
2017-05-18,2017,2,5,May,West,Oregon,Portland,Technology,Phones,344.7040,38.7792,2,1
2017-05-19,2017,2,5,May,Central,Illinois,Rockford,Office Supplies,Paper,38.0160,13.7808,6,1
2017-05-19,2017,2,5,May,Central,Texas,Plano,Office Supplies,Labels,13.2160,4.2952,4,1
2017-05-19,2017,2,5,May,Central,Texas,Plano,Technology,Phones,95.9920,9.5992,1,1
2017-05-19,2017,2,5,May,East,New York,Mount Vernon,Office Supplies,Appliances,281.3400,109.7226,6,1
2017-05-19,2017,2,5,May,East,New York,Mount Vernon,Technology,Accessories,299.9700,113.9886,3,1
2017-05-19,2017,2,5,May,East,New York,Mount Vernon,Technology,Phones,307.9800,89.3142,2,1
2017-05-19,2017,2,5,May,South,Alabama,Huntsville,Office Supplies,Binders,26.1600,12.8184,4,1
2017-05-19,2017,2,5,May,South,Georgia,Atlanta,Furniture,Bookcases,1628.8200,374.6286,9,1
2017-05-19,2017,2,5,May,South,Georgia,Atlanta,Office Supplies,Paper,482.5700,232.5465,11,2
2017-05-19,2017,2,5,May,South,Georgia,Atlanta,Technology,Accessories,67.8000,4.0680,4,1
2017-05-19,2017,2,5,May,South,Georgia,Atlanta,Technology,Phones,377.9700,98.2722,3,1
2017-05-19,2017,2,5,May,South,Tennessee,Knoxville,Furniture,Chairs,314.3520,-35.3646,3,1
2017-05-19,2017,2,5,May,South,Tennessee,Knoxville,Office Supplies,Paper,27.8880,10.1094,7,1
2017-05-19,2017,2,5,May,West,California,San Francisco,Furniture,Chairs,681.4080,42.5880,12,1
2017-05-19,2017,2,5,May,West,California,San Francisco,Office Supplies,Art,9.1000,2.4158,3,1
2017-05-19,2017,2,5,May,West,California,San Francisco,Technology,Accessories,36.3200,10.8960,1,1
2017-05-19,2017,2,5,May,West,California,San Jose,Office Supplies,Binders,133.1200,49.9200,5,1
2017-05-19,2017,2,5,May,West,Washington,Seattle,Office Supplies,Appliances,97.1600,28.1764,2,1
2017-05-20,2017,2,5,May,Central,Michigan,Trenton,Office Supplies,Binders,41.2800,19.8144,2,1
2017-05-20,2017,2,5,May,Central,North Dakota,Fargo,Office Supplies,Art,179.3600,51.0132,17,1
2017-05-20,2017,2,5,May,Central,North Dakota,Fargo,Office Supplies,Fasteners,7.4100,3.4827,3,1
2017-05-20,2017,2,5,May,Central,North Dakota,Fargo,Office Supplies,Storage,704.7600,162.0948,4,1
2017-05-20,2017,2,5,May,West,California,Lakewood,Furniture,Chairs,518.2720,-97.1760,8,1
2017-05-20,2017,2,5,May,West,California,Lakewood,Furniture,Furnishings,6.9800,3.3504,1,1
2017-05-20,2017,2,5,May,West,California,Lakewood,Technology,Machines,343.2000,38.6100,1,1
2017-05-20,2017,2,5,May,West,Nevada,Las Vegas,Office Supplies,Appliances,64.9000,18.8210,5,1
2017-05-20,2017,2,5,May,West,Nevada,Las Vegas,Office Supplies,Binders,8.2880,3.0044,2,1
2017-05-20,2017,2,5,May,West,Nevada,Las Vegas,Technology,Phones,1123.1280,70.1955,9,1
2017-05-21,2017,2,5,May,East,New York,Auburn,Furniture,Furnishings,520.0500,72.8070,5,1
2017-05-21,2017,2,5,May,East,New York,Auburn,Office Supplies,Art,17.9700,5.2113,3,1
2017-05-22,2017,2,5,May,Central,Illinois,Chicago,Furniture,Chairs,181.9860,-54.5958,2,1
2017-05-22,2017,2,5,May,Central,Illinois,Chicago,Office Supplies,Binders,1.5920,-2.6268,2,1
2017-05-22,2017,2,5,May,Central,Illinois,Chicago,Office Supplies,Supplies,22.3440,2.5137,3,1
2017-05-22,2017,2,5,May,West,California,Los Angeles,Office Supplies,Art,49.5600,18.8328,7,1
2017-05-22,2017,2,5,May,West,California,Los Angeles,Technology,Accessories,68.4600,25.3302,7,1
2017-05-22,2017,2,5,May,West,California,San Francisco,Office Supplies,Art,12.6200,3.5764,4,1
2017-05-23,2017,2,5,May,Central,Texas,Houston,Office Supplies,Appliances,18.3200,-46.7160,5,1
2017-05-23,2017,2,5,May,Central,Texas,Houston,Office Supplies,Binders,1.1880,-1.9602,1,1
2017-05-23,2017,2,5,May,Central,Texas,Houston,Office Supplies,Fasteners,1.8240,0.6156,2,1
2017-05-23,2017,2,5,May,Central,Texas,Houston,Office Supplies,Storage,48.8160,-11.5938,3,1
2017-05-23,2017,2,5,May,West,California,Los Angeles,Furniture,Tables,171.2880,-6.4233,3,1
2017-05-25,2017,2,5,May,Central,Texas,Houston,Office Supplies,Storage,50.1360,-11.2806,3,1
2017-05-25,2017,2,5,May,East,New York,New York City,Furniture,Furnishings,18.8400,6.0288,3,1
2017-05-25,2017,2,5,May,East,New York,New York City,Office Supplies,Binders,663.9200,207.4750,5,1
2017-05-25,2017,2,5,May,East,New York,New York City,Office Supplies,Fasteners,3.2900,1.4805,1,1
2017-05-25,2017,2,5,May,East,New York,New York City,Technology,Accessories,120.0000,13.2000,8,1
2017-05-25,2017,2,5,May,South,Georgia,Columbus,Office Supplies,Binders,29.8400,13.4280,2,1
2017-05-26,2017,2,5,May,South,Kentucky,Louisville,Office Supplies,Appliances,208.4400,62.5320,3,1
2017-05-26,2017,2,5,May,South,Kentucky,Louisville,Office Supplies,Supplies,25.7600,0.7728,2,1
2017-05-26,2017,2,5,May,South,Virginia,Harrisonburg,Technology,Accessories,23.0800,6.9240,2,1
2017-05-26,2017,2,5,May,West,California,Oceanside,Office Supplies,Paper,12.9600,6.2208,2,1
2017-05-27,2017,2,5,May,Central,Oklahoma,Tulsa,Furniture,Furnishings,477.3000,138.4170,5,1
2017-05-27,2017,2,5,May,South,Kentucky,Louisville,Office Supplies,Binders,58.3400,28.0032,2,1
2017-05-27,2017,2,5,May,South,Kentucky,Louisville,Technology,Phones,539.9700,134.9925,3,1
2017-05-27,2017,2,5,May,South,North Carolina,Greensboro,Office Supplies,Binders,12.0600,-10.0500,5,1
2017-05-27,2017,2,5,May,South,North Carolina,Greensboro,Technology,Accessories,27.1920,0.3399,3,1
2017-05-27,2017,2,5,May,South,Tennessee,Memphis,Office Supplies,Paper,25.9200,9.0720,5,1
2017-05-27,2017,2,5,May,West,Idaho,Pocatello,Furniture,Furnishings,35.0000,14.7000,4,1
2017-05-27,2017,2,5,May,West,Idaho,Pocatello,Office Supplies,Storage,477.1500,28.6290,5,1
2017-05-27,2017,2,5,May,West,Idaho,Pocatello,Technology,Phones,302.3760,22.6782,3,1
2017-05-27,2017,2,5,May,West,Washington,Seattle,Office Supplies,Art,31.4400,7.8600,3,1
2017-05-27,2017,2,5,May,West,Washington,Seattle,Technology,Accessories,98.1600,9.8160,6,1
2017-05-28,2017,2,5,May,Central,Illinois,Chicago,Furniture,Chairs,106.8690,-29.0073,3,1
2017-05-28,2017,2,5,May,Central,Illinois,Chicago,Office Supplies,Binders,3.5640,-6.2370,3,1
2017-05-28,2017,2,5,May,Central,Texas,Houston,Technology,Phones,54.3680,4.0776,4,1
2017-05-28,2017,2,5,May,East,Maryland,Laurel,Furniture,Furnishings,27.4600,9.8856,2,1
2017-05-28,2017,2,5,May,East,Maryland,Laurel,Office Supplies,Appliances,125.1300,36.2877,3,1
2017-05-28,2017,2,5,May,East,New Hampshire,Concord,Furniture,Furnishings,247.4400,101.4504,8,1
2017-05-28,2017,2,5,May,East,Ohio,Cleveland,Furniture,Bookcases,115.9600,-64.9376,4,1
2017-05-28,2017,2,5,May,East,Ohio,Cleveland,Office Supplies,Paper,13.8720,5.0286,3,1
2017-05-28,2017,2,5,May,South,South Carolina,Columbia,Furniture,Chairs,301.9600,33.2156,2,1
2017-05-28,2017,2,5,May,West,Arizona,Phoenix,Office Supplies,Paper,15.5520,5.4432,3,1
2017-05-28,2017,2,5,May,West,Arizona,Phoenix,Technology,Accessories,271.9680,54.3936,4,1
2017-05-28,2017,2,5,May,West,Arizona,Phoenix,Technology,Phones,195.9600,19.5960,5,1
2017-05-29,2017,2,5,May,Central,Indiana,Columbus,Furniture,Furnishings,6.2400,2.6208,3,1
2017-05-29,2017,2,5,May,Central,Indiana,Columbus,Office Supplies,Appliances,465.1600,120.9416,2,1
2017-05-29,2017,2,5,May,Central,Indiana,Columbus,Office Supplies,Binders,43.4100,19.9686,1,1
2017-05-29,2017,2,5,May,Central,Indiana,Columbus,Office Supplies,Paper,7.9800,3.9900,1,1
2017-05-29,2017,2,5,May,Central,Nebraska,Omaha,Office Supplies,Fasteners,23.5500,1.1775,5,1
2017-05-29,2017,2,5,May,Central,Texas,Harlingen,Office Supplies,Paper,25.9200,9.3960,5,1
2017-05-29,2017,2,5,May,Central,Texas,Harlingen,Office Supplies,Storage,53.4240,4.6746,3,1
2017-05-29,2017,2,5,May,Central,Texas,Houston,Furniture,Furnishings,65.4240,-52.3392,4,1
2017-05-30,2017,2,5,May,Central,Texas,Dallas,Furniture,Bookcases,204.6664,-6.0196,1,1
2017-05-30,2017,2,5,May,South,Louisiana,Lafayette,Furniture,Bookcases,241.9600,33.8744,2,1
2017-05-30,2017,2,5,May,South,Louisiana,Lafayette,Furniture,Furnishings,8.0100,3.0438,3,1
2017-05-30,2017,2,5,May,South,Louisiana,Lafayette,Office Supplies,Binders,3.8900,1.8672,1,1
2017-05-30,2017,2,5,May,West,California,Los Angeles,Office Supplies,Paper,37.5200,18.0096,4,1
2017-05-30,2017,2,5,May,West,California,San Diego,Office Supplies,Art,35.1000,10.1790,6,1
2017-05-30,2017,2,5,May,West,Oregon,Tigard,Furniture,Furnishings,13.5920,-0.3398,1,1
2017-05-30,2017,2,5,May,West,Oregon,Tigard,Technology,Accessories,35.3600,-3.0940,2,1
2017-05-30,2017,2,5,May,West,Oregon,Tigard,Technology,Phones,156.7920,17.6391,1,1
2017-06-01,2017,2,6,June,Central,Indiana,Indianapolis,Furniture,Chairs,1925.8800,539.2464,6,1
2017-06-01,2017,2,6,June,Central,Indiana,Indianapolis,Office Supplies,Appliances,2405.2000,793.7160,8,1
2017-06-01,2017,2,6,June,Central,Indiana,Indianapolis,Office Supplies,Binders,17.3800,8.6900,2,1
2017-06-01,2017,2,6,June,Central,Indiana,Indianapolis,Technology,Accessories,123.8600,30.7136,4,1
2017-06-01,2017,2,6,June,Central,Nebraska,Fremont,Office Supplies,Binders,53.9000,25.8720,5,1
2017-06-01,2017,2,6,June,East,Ohio,Dublin,Office Supplies,Binders,3.7980,-2.6586,2,1
2017-06-01,2017,2,6,June,East,Ohio,Dublin,Office Supplies,Paper,27.7440,10.0572,6,1
2017-06-01,2017,2,6,June,East,Ohio,Dublin,Technology,Phones,158.3760,-34.3148,4,1
2017-06-01,2017,2,6,June,East,Ohio,Toledo,Office Supplies,Appliances,17.4800,1.3110,5,1
2017-06-01,2017,2,6,June,East,Pennsylvania,Philadelphia,Office Supplies,Storage,324.7440,-77.1267,3,1
2017-06-02,2017,2,6,June,Central,Texas,Houston,Office Supplies,Paper,10.6880,3.7408,2,1
2017-06-02,2017,2,6,June,East,Ohio,Lorain,Office Supplies,Storage,27.4400,2.4010,2,1
2017-06-02,2017,2,6,June,East,Ohio,Lorain,Technology,Phones,2.9700,-0.6435,1,1
2017-06-02,2017,2,6,June,South,North Carolina,Jacksonville,Office Supplies,Paper,25.3440,9.1872,4,1
2017-06-02,2017,2,6,June,West,Arizona,Mesa,Office Supplies,Envelopes,43.9200,15.9210,5,1
2017-06-02,2017,2,6,June,West,Arizona,Mesa,Office Supplies,Paper,25.3440,7.9200,6,1
2017-06-03,2017,2,6,June,East,New York,New York City,Furniture,Tables,384.7680,-115.4304,2,1
2017-06-03,2017,2,6,June,East,New York,New York City,Office Supplies,Paper,45.3600,22.2264,4,1
2017-06-03,2017,2,6,June,East,New York,New York City,Technology,Machines,78.6600,36.1836,6,1
2017-06-03,2017,2,6,June,South,Florida,Pembroke Pines,Furniture,Bookcases,241.5680,0.0000,2,1
2017-06-03,2017,2,6,June,South,Florida,Pembroke Pines,Office Supplies,Appliances,29.6720,2.4204,9,1
2017-06-03,2017,2,6,June,South,Florida,Pembroke Pines,Office Supplies,Binders,4.5540,-3.4914,3,1
2017-06-03,2017,2,6,June,South,Florida,Pembroke Pines,Office Supplies,Paper,15.5520,5.4432,3,1
2017-06-03,2017,2,6,June,South,Florida,Pembroke Pines,Technology,Accessories,316.3920,-6.7149,3,1
2017-06-03,2017,2,6,June,South,Florida,Pembroke Pines,Technology,Phones,503.9600,50.3960,5,1
2017-06-03,2017,2,6,June,South,Tennessee,Franklin,Furniture,Furnishings,35.1680,9.6712,7,1
2017-06-03,2017,2,6,June,West,California,Los Angeles,Office Supplies,Binders,3.9120,1.2714,1,1
2017-06-03,2017,2,6,June,West,California,Los Angeles,Office Supplies,Paper,11.9600,5.3820,2,1
2017-06-03,2017,2,6,June,West,California,Los Angeles,Technology,Accessories,44.7500,8.5025,5,1
2017-06-03,2017,2,6,June,West,Washington,Bellingham,Technology,Accessories,1099.5000,362.8350,10,1
2017-06-03,2017,2,6,June,West,Washington,Spokane,Office Supplies,Storage,136.2600,5.4504,9,1
2017-06-04,2017,2,6,June,Central,Minnesota,Apple Valley,Office Supplies,Art,8.6400,2.5056,3,1
2017-06-04,2017,2,6,June,Central,Texas,Frisco,Furniture,Furnishings,30.3360,-17.4432,6,1
2017-06-04,2017,2,6,June,Central,Texas,Missouri City,Office Supplies,Binders,6.3700,-9.5550,7,1
2017-06-04,2017,2,6,June,South,Alabama,Florence,Office Supplies,Paper,12.4800,5.6160,2,1
2017-06-04,2017,2,6,June,South,Arkansas,Jonesboro,Office Supplies,Binders,117.6200,58.4284,10,1
2017-06-04,2017,2,6,June,South,North Carolina,Monroe,Furniture,Furnishings,31.9840,1.9990,2,1
2017-06-04,2017,2,6,June,South,North Carolina,Monroe,Technology,Phones,71.9840,25.1944,2,1
2017-06-05,2017,2,6,June,Central,Texas,Pearland,Technology,Phones,470.3760,52.9173,3,1
2017-06-05,2017,2,6,June,South,Florida,Orlando,Office Supplies,Paper,20.7360,7.2576,4,1
2017-06-06,2017,2,6,June,West,California,San Francisco,Furniture,Furnishings,4.9500,2.1780,1,1
2017-06-06,2017,2,6,June,West,California,San Francisco,Office Supplies,Storage,26.4000,0.0000,5,1
2017-06-08,2017,2,6,June,Central,Illinois,Skokie,Office Supplies,Binders,12.1760,-18.8728,4,1
2017-06-08,2017,2,6,June,Central,Texas,Dallas,Office Supplies,Paper,85.0560,28.7064,3,1
2017-06-08,2017,2,6,June,Central,Texas,Dallas,Office Supplies,Supplies,23.7600,2.0790,3,1
2017-06-08,2017,2,6,June,Central,Texas,Dallas,Technology,Phones,381.5760,28.6182,3,1
2017-06-08,2017,2,6,June,Central,Texas,Pasadena,Office Supplies,Appliances,1.6240,-4.4660,2,1
2017-06-08,2017,2,6,June,East,Connecticut,Norwich,Office Supplies,Binders,10.3600,5.0764,2,1
2017-06-08,2017,2,6,June,West,Arizona,Glendale,Office Supplies,Binders,72.5880,-48.3920,2,1
2017-06-08,2017,2,6,June,West,Arizona,Glendale,Office Supplies,Storage,35.1680,-8.3524,2,1
2017-06-08,2017,2,6,June,West,Arizona,Glendale,Technology,Accessories,89.5440,12.3123,7,1
2017-06-08,2017,2,6,June,West,California,Los Angeles,Furniture,Bookcases,1497.6660,140.9568,2,1
2017-06-08,2017,2,6,June,West,California,Los Angeles,Technology,Phones,17.5200,-3.5040,2,1
2017-06-09,2017,2,6,June,Central,Illinois,Chicago,Furniture,Furnishings,23.9760,-14.3856,3,1
2017-06-09,2017,2,6,June,Central,Illinois,Chicago,Furniture,Tables,108.9250,-71.8905,1,1
2017-06-09,2017,2,6,June,Central,Illinois,Chicago,Office Supplies,Paper,36.3520,11.3600,8,1
2017-06-09,2017,2,6,June,Central,Texas,Dallas,Office Supplies,Storage,720.7600,54.0570,5,1
2017-06-09,2017,2,6,June,South,Virginia,Salem,Office Supplies,Paper,49.1200,23.0864,4,1
2017-06-10,2017,2,6,June,Central,Michigan,Rochester Hills,Technology,Accessories,132.5200,54.3332,4,1
2017-06-10,2017,2,6,June,East,New York,New York City,Office Supplies,Art,8.4000,4.2000,5,1
2017-06-10,2017,2,6,June,East,New York,New York City,Office Supplies,Fasteners,14.1300,0.7065,3,1
2017-06-10,2017,2,6,June,East,Pennsylvania,Philadelphia,Office Supplies,Paper,40.0320,15.0120,6,1
2017-06-10,2017,2,6,June,South,Florida,Jacksonville,Office Supplies,Storage,1347.5200,84.2200,8,1
2017-06-10,2017,2,6,June,West,California,Los Angeles,Furniture,Bookcases,514.1650,-30.2450,5,1
2017-06-10,2017,2,6,June,West,California,Los Angeles,Office Supplies,Art,16.4000,4.7560,5,1
2017-06-10,2017,2,6,June,West,California,Los Angeles,Office Supplies,Labels,29.6000,14.8000,2,1
2017-06-10,2017,2,6,June,West,California,Los Angeles,Technology,Phones,279.9600,17.4975,5,1
2017-06-10,2017,2,6,June,West,California,Thousand Oaks,Office Supplies,Art,14.7000,4.1160,7,1
2017-06-10,2017,2,6,June,West,Washington,Seattle,Office Supplies,Labels,11.5600,5.4332,4,1
2017-06-10,2017,2,6,June,West,Washington,Seattle,Office Supplies,Storage,15.5800,3.8950,1,1
2017-06-10,2017,2,6,June,West,Washington,Seattle,Technology,Phones,88.7760,7.7679,3,1
2017-06-11,2017,2,6,June,South,Alabama,Auburn,Office Supplies,Art,3.7600,1.0904,2,1
2017-06-11,2017,2,6,June,South,North Carolina,Hickory,Office Supplies,Binders,4.5720,-3.8100,4,1
2017-06-11,2017,2,6,June,West,Arizona,Peoria,Furniture,Chairs,280.7920,35.0990,1,1
2017-06-11,2017,2,6,June,West,Arizona,Peoria,Office Supplies,Art,103.9120,8.5870,6,1
2017-06-11,2017,2,6,June,West,Arizona,Peoria,Office Supplies,Storage,284.0400,-40.8078,7,1
2017-06-11,2017,2,6,June,West,California,Los Angeles,Office Supplies,Appliances,61.4400,16.5888,3,1
2017-06-11,2017,2,6,June,West,California,Los Angeles,Office Supplies,Paper,122.9700,60.2553,3,1
2017-06-11,2017,2,6,June,West,Washington,Seattle,Furniture,Bookcases,174.4200,41.8608,3,1
2017-06-11,2017,2,6,June,West,Washington,Seattle,Office Supplies,Binders,18.2880,6.6294,6,1
2017-06-11,2017,2,6,June,West,Washington,Seattle,Office Supplies,Paper,37.9400,18.2112,2,1
2017-06-11,2017,2,6,June,West,Washington,Seattle,Office Supplies,Storage,102.9600,1.0296,2,1
2017-06-11,2017,2,6,June,West,Washington,Seattle,Technology,Machines,385.8000,130.2075,5,1
2017-06-12,2017,2,6,June,Central,Illinois,Chicago,Furniture,Furnishings,8.8560,-6.8634,3,1
2017-06-12,2017,2,6,June,East,New York,New York City,Furniture,Chairs,858.2400,143.0400,4,1
2017-06-12,2017,2,6,June,East,New York,New York City,Office Supplies,Art,64.1400,16.6764,3,1
2017-06-12,2017,2,6,June,East,New York,New York City,Office Supplies,Binders,13.1280,4.2666,3,1
2017-06-12,2017,2,6,June,East,New York,New York City,Office Supplies,Paper,19.0400,9.3296,4,1
2017-06-12,2017,2,6,June,East,Ohio,Marion,Technology,Accessories,63.9200,19.1760,2,1
2017-06-12,2017,2,6,June,South,Florida,Saint Petersburg,Furniture,Furnishings,17.0880,1.0680,2,1
2017-06-12,2017,2,6,June,South,Georgia,Columbus,Furniture,Tables,452.9400,67.9410,3,1
2017-06-12,2017,2,6,June,South,Georgia,Columbus,Office Supplies,Binders,91.2000,41.9520,3,1
2017-06-12,2017,2,6,June,West,Washington,Kent,Office Supplies,Paper,19.4400,9.3312,3,1
2017-06-12,2017,2,6,June,West,Washington,Kent,Technology,Phones,71.9760,8.9970,3,1
2017-06-13,2017,2,6,June,Central,Illinois,Chicago,Furniture,Chairs,470.3020,-87.3418,7,1
2017-06-13,2017,2,6,June,Central,Illinois,Chicago,Office Supplies,Storage,164.7360,-39.1248,4,1
2017-06-13,2017,2,6,June,Central,Illinois,Chicago,Technology,Phones,47.9840,5.9980,2,1
2017-06-13,2017,2,6,June,South,Virginia,Springfield,Office Supplies,Art,181.8600,50.9208,7,1
2017-06-13,2017,2,6,June,West,Washington,Seattle,Furniture,Chairs,291.1360,-25.4744,4,1
2017-06-15,2017,2,6,June,Central,Illinois,Quincy,Office Supplies,Art,19.5600,1.7115,5,1
2017-06-15,2017,2,6,June,Central,Minnesota,Maple Grove,Office Supplies,Labels,44.4000,22.2000,3,1
2017-06-15,2017,2,6,June,Central,Minnesota,Maple Grove,Office Supplies,Paper,17.9400,8.7906,3,1
2017-06-15,2017,2,6,June,Central,Minnesota,Maple Grove,Office Supplies,Storage,84.5500,22.8285,5,1
2017-06-15,2017,2,6,June,South,North Carolina,Monroe,Furniture,Bookcases,77.7280,-3.8864,2,1
2017-06-15,2017,2,6,June,South,North Carolina,Monroe,Furniture,Chairs,698.3520,52.3764,3,1
2017-06-15,2017,2,6,June,South,Tennessee,Nashville,Furniture,Furnishings,31.1680,9.3504,4,1
2017-06-15,2017,2,6,June,South,Tennessee,Nashville,Furniture,Tables,120.9600,-28.2240,2,1
2017-06-15,2017,2,6,June,South,Tennessee,Nashville,Office Supplies,Appliances,76.6080,6.7032,8,1
2017-06-15,2017,2,6,June,South,Tennessee,Nashville,Office Supplies,Paper,91.3600,29.6920,5,1
2017-06-15,2017,2,6,June,South,Tennessee,Nashville,Office Supplies,Storage,142.7760,17.8470,1,1
2017-06-15,2017,2,6,June,South,Tennessee,Nashville,Technology,Phones,2479.9120,250.9909,11,1
2017-06-15,2017,2,6,June,West,California,Los Angeles,Office Supplies,Art,4.2600,1.7466,1,1
2017-06-15,2017,2,6,June,West,California,Los Angeles,Technology,Phones,119.9600,7.4975,1,1
2017-06-15,2017,2,6,June,West,California,San Francisco,Technology,Phones,47.9760,4.7976,3,1
2017-06-16,2017,2,6,June,Central,Illinois,Chicago,Office Supplies,Binders,5.9360,-8.9040,7,1
2017-06-16,2017,2,6,June,East,Ohio,Dublin,Office Supplies,Art,23.9200,1.7940,5,1
2017-06-16,2017,2,6,June,East,Ohio,Dublin,Technology,Accessories,479.9520,107.9892,6,1
2017-06-16,2017,2,6,June,South,Kentucky,Florence,Furniture,Chairs,301.9600,90.5880,2,1
2017-06-16,2017,2,6,June,South,Kentucky,Florence,Office Supplies,Appliances,180.6600,50.5848,3,1
2017-06-16,2017,2,6,June,South,Kentucky,Florence,Technology,Phones,257.9700,68.9920,3,1
2017-06-16,2017,2,6,June,South,North Carolina,Chapel Hill,Office Supplies,Art,14.0160,4.7304,3,1
2017-06-16,2017,2,6,June,West,California,San Francisco,Furniture,Chairs,1212.9600,90.9720,7,1
2017-06-16,2017,2,6,June,West,California,San Francisco,Office Supplies,Paper,18.5400,8.7138,2,1
2017-06-16,2017,2,6,June,West,New Mexico,Carlsbad,Office Supplies,Paper,211.6000,101.5680,7,1
2017-06-16,2017,2,6,June,West,New Mexico,Carlsbad,Office Supplies,Supplies,16.6800,4.3368,2,1
2017-06-17,2017,2,6,June,Central,Illinois,Skokie,Office Supplies,Binders,11.6640,-19.9512,8,1
2017-06-17,2017,2,6,June,Central,Illinois,Skokie,Office Supplies,Paper,12.2240,4.4312,2,1
2017-06-17,2017,2,6,June,East,New York,New York City,Technology,Accessories,101.3400,8.1072,3,1
2017-06-17,2017,2,6,June,East,New York,New York City,Technology,Machines,3404.5000,1668.2050,5,1
2017-06-17,2017,2,6,June,West,California,San Francisco,Office Supplies,Binders,51.3120,17.9592,3,1
2017-06-17,2017,2,6,June,West,Colorado,Commerce City,Office Supplies,Storage,146.3520,-32.9292,3,1
2017-06-17,2017,2,6,June,West,Washington,Olympia,Furniture,Furnishings,155.2500,46.5750,3,1
2017-06-17,2017,2,6,June,West,Washington,Olympia,Office Supplies,Storage,14.0300,4.0687,1,1
2017-06-18,2017,2,6,June,Central,Texas,Corpus Christi,Office Supplies,Paper,74.3520,23.2350,3,1
2017-06-18,2017,2,6,June,West,California,Los Angeles,Furniture,Bookcases,917.9235,75.5937,9,1
2017-06-18,2017,2,6,June,West,California,Los Angeles,Office Supplies,Paper,38.8800,19.0512,6,1
2017-06-19,2017,2,6,June,Central,Texas,Dallas,Furniture,Tables,457.4850,-84.9615,3,1
2017-06-19,2017,2,6,June,Central,Texas,Dallas,Office Supplies,Binders,6.8880,-11.0208,3,1
2017-06-19,2017,2,6,June,Central,Texas,Dallas,Office Supplies,Storage,153.5840,-32.6366,2,1
2017-06-19,2017,2,6,June,Central,Texas,Dallas,Office Supplies,Supplies,11.1840,0.8388,1,1
2017-06-19,2017,2,6,June,Central,Texas,Houston,Office Supplies,Appliances,2.7080,-6.3172,2,1
2017-06-19,2017,2,6,June,Central,Texas,Houston,Office Supplies,Paper,146.1760,47.5072,8,1
2017-06-19,2017,2,6,June,East,New York,New York City,Office Supplies,Binders,11.5680,3.7596,3,1
2017-06-19,2017,2,6,June,East,New York,New York City,Office Supplies,Paper,97.8200,45.9754,2,1
2017-06-19,2017,2,6,June,East,New York,New York City,Office Supplies,Storage,129.3000,6.4650,2,1
2017-06-19,2017,2,6,June,East,New York,New York City,Technology,Accessories,103.1200,10.3120,8,1
2017-06-19,2017,2,6,June,East,Ohio,Newark,Furniture,Chairs,760.1160,-43.4352,6,1
2017-06-19,2017,2,6,June,East,Ohio,Newark,Furniture,Furnishings,38.7840,7.2720,3,1
2017-06-19,2017,2,6,June,East,Ohio,Newark,Technology,Accessories,122.3280,1.5291,9,1
2017-06-19,2017,2,6,June,West,California,San Francisco,Furniture,Furnishings,50.3200,21.1344,4,1
2017-06-19,2017,2,6,June,West,California,San Francisco,Office Supplies,Paper,24.5600,11.5432,2,1
2017-06-20,2017,2,6,June,East,New Jersey,Belleville,Office Supplies,Labels,9.8200,4.8118,2,1
2017-06-20,2017,2,6,June,East,New Jersey,Belleville,Technology,Accessories,239.9700,71.9910,3,1
2017-06-20,2017,2,6,June,East,New York,New Rochelle,Office Supplies,Binders,51.3120,18.6006,3,1
2017-06-20,2017,2,6,June,East,New York,New Rochelle,Technology,Accessories,149.9500,14.9950,5,1
2017-06-20,2017,2,6,June,East,Ohio,Parma,Office Supplies,Art,5.2480,0.5904,2,1
2017-06-20,2017,2,6,June,East,Ohio,Parma,Office Supplies,Paper,31.1040,10.8864,6,1
2017-06-20,2017,2,6,June,South,Florida,Miami,Office Supplies,Storage,4.4640,0.3348,1,1
2017-06-20,2017,2,6,June,South,Virginia,Richmond,Office Supplies,Paper,32.4000,15.5520,5,1
2017-06-20,2017,2,6,June,South,Virginia,Richmond,Technology,Phones,503.9600,125.9900,4,1
2017-06-21,2017,2,6,June,East,Ohio,Cleveland,Furniture,Furnishings,17.9200,2.4640,5,1
2017-06-21,2017,2,6,June,East,Ohio,Cleveland,Office Supplies,Binders,41.2560,-34.3800,6,1
2017-06-21,2017,2,6,June,East,West Virginia,Wheeling,Office Supplies,Binders,88.6400,43.4336,7,1
2017-06-21,2017,2,6,June,East,West Virginia,Wheeling,Office Supplies,Paper,447.8400,219.4416,8,1
2017-06-22,2017,2,6,June,Central,Illinois,Chicago,Office Supplies,Binders,3.0360,-5.0094,3,1
2017-06-22,2017,2,6,June,Central,Michigan,Detroit,Furniture,Chairs,487.9600,146.3880,2,1
2017-06-22,2017,2,6,June,East,Pennsylvania,Philadelphia,Office Supplies,Binders,41.4870,-31.4623,8,1
2017-06-22,2017,2,6,June,East,Pennsylvania,Philadelphia,Office Supplies,Storage,8.9280,0.6696,2,1
2017-06-22,2017,2,6,June,South,Florida,Miami,Office Supplies,Envelopes,37.6080,12.6927,3,1
2017-06-24,2017,2,6,June,Central,Illinois,Decatur,Office Supplies,Binders,182.9940,-320.2395,3,1
2017-06-24,2017,2,6,June,Central,Illinois,Decatur,Office Supplies,Paper,10.2720,3.2100,3,1
2017-06-24,2017,2,6,June,East,New York,New York City,Furniture,Chairs,172.7640,32.6332,2,1
2017-06-24,2017,2,6,June,East,New York,New York City,Furniture,Furnishings,276.6900,49.8042,3,1
2017-06-24,2017,2,6,June,East,Ohio,Akron,Office Supplies,Paper,21.7440,6.7950,3,1
2017-06-24,2017,2,6,June,East,Rhode Island,Cranston,Office Supplies,Binders,102.9300,48.3771,3,1
2017-06-24,2017,2,6,June,West,California,Huntington Beach,Office Supplies,Art,95.9200,25.8984,8,1
2017-06-24,2017,2,6,June,West,California,Pomona,Office Supplies,Art,421.4200,123.6446,17,1
2017-06-24,2017,2,6,June,West,California,San Francisco,Office Supplies,Fasteners,2.8800,1.3536,1,1
2017-06-25,2017,2,6,June,Central,Illinois,Bolingbrook,Technology,Phones,148.4800,16.7040,2,1
2017-06-25,2017,2,6,June,East,New York,New York City,Furniture,Bookcases,400.7840,-5.0098,1,1
2017-06-25,2017,2,6,June,West,Oregon,Springfield,Office Supplies,Art,5.3440,0.7348,2,1
2017-06-25,2017,2,6,June,West,Oregon,Springfield,Office Supplies,Fasteners,11.3040,-2.1195,3,1
2017-06-25,2017,2,6,June,West,Oregon,Springfield,Office Supplies,Labels,71.0400,26.6400,6,1
2017-06-25,2017,2,6,June,West,Washington,Seattle,Furniture,Tables,871.4000,148.1380,4,1
2017-06-26,2017,2,6,June,Central,Indiana,La Porte,Furniture,Furnishings,526.4500,31.5870,5,1
2017-06-26,2017,2,6,June,Central,Michigan,Detroit,Office Supplies,Art,15.9200,5.4128,4,1
2017-06-26,2017,2,6,June,Central,Michigan,Detroit,Office Supplies,Paper,4.5400,2.0430,1,1
2017-06-26,2017,2,6,June,Central,Michigan,Detroit,Technology,Phones,543.9200,135.9800,8,1
2017-06-26,2017,2,6,June,East,New York,New York City,Office Supplies,Binders,102.3680,37.1084,2,1
2017-06-26,2017,2,6,June,East,New York,New York City,Office Supplies,Paper,68.5200,31.5192,3,1
2017-06-26,2017,2,6,June,East,New York,New York City,Office Supplies,Storage,986.8200,214.1640,7,2
2017-06-26,2017,2,6,June,East,New York,New York City,Office Supplies,Supplies,28.4000,8.2360,5,1
2017-06-26,2017,2,6,June,East,New York,New York City,Technology,Phones,239.9700,67.1916,3,1
2017-06-26,2017,2,6,June,East,Pennsylvania,Philadelphia,Technology,Phones,904.1160,114.5788,17,1
2017-06-26,2017,2,6,June,South,Florida,Miami,Furniture,Chairs,273.5520,-13.6776,3,1
2017-06-26,2017,2,6,June,South,Florida,Miami,Office Supplies,Labels,13.8720,4.6818,6,1
2017-06-26,2017,2,6,June,West,California,San Diego,Office Supplies,Storage,83.7600,1.6752,12,1
2017-06-26,2017,2,6,June,West,Colorado,Denver,Technology,Accessories,431.9280,64.7892,9,1
2017-06-27,2017,2,6,June,Central,Nebraska,Omaha,Office Supplies,Paper,20.0700,9.2322,3,1
2017-06-27,2017,2,6,June,East,New York,Watertown,Furniture,Chairs,191.6460,31.9410,3,1
2017-06-27,2017,2,6,June,West,Washington,Seattle,Furniture,Furnishings,126.3000,40.4160,3,1
2017-06-27,2017,2,6,June,West,Washington,Seattle,Office Supplies,Paper,19.4400,9.3312,3,1
2017-06-27,2017,2,6,June,West,Washington,Seattle,Technology,Accessories,1287.4500,244.6155,5,1
2017-06-29,2017,2,6,June,Central,Minnesota,Minneapolis,Office Supplies,Appliances,362.9400,90.7350,3,1
2017-06-29,2017,2,6,June,Central,Minnesota,Minneapolis,Office Supplies,Binders,11.5400,5.7700,2,1
2017-06-29,2017,2,6,June,Central,Texas,Dallas,Furniture,Bookcases,409.9992,-96.4704,3,1
2017-06-29,2017,2,6,June,Central,Texas,Dallas,Furniture,Tables,307.3140,-39.5118,3,1
2017-06-29,2017,2,6,June,Central,Texas,Dallas,Office Supplies,Appliances,21.3920,-54.5496,2,1
2017-06-29,2017,2,6,June,Central,Texas,Mesquite,Office Supplies,Paper,5.1840,1.8144,1,1
2017-06-29,2017,2,6,June,East,Connecticut,Milford,Furniture,Bookcases,638.8200,185.2578,9,1
2017-06-29,2017,2,6,June,East,Connecticut,Milford,Furniture,Furnishings,25.1600,8.5544,2,1
2017-06-29,2017,2,6,June,East,Connecticut,Milford,Office Supplies,Supplies,30.6900,7.9794,3,1
2017-06-29,2017,2,6,June,West,California,Anaheim,Office Supplies,Storage,1295.7800,310.9872,2,1
2017-06-29,2017,2,6,June,West,California,Los Angeles,Office Supplies,Art,11.6800,3.0368,2,1
2017-06-29,2017,2,6,June,West,California,Los Angeles,Office Supplies,Binders,1208.4720,403.9524,14,2
2017-06-29,2017,2,6,June,West,California,Los Angeles,Office Supplies,Storage,130.7100,39.2130,3,1
2017-06-29,2017,2,6,June,West,California,Los Angeles,Technology,Accessories,62.3100,22.4316,3,1
2017-06-30,2017,2,6,June,Central,Illinois,Chicago,Furniture,Chairs,569.0580,-178.8468,3,1
2017-06-30,2017,2,6,June,Central,Illinois,Chicago,Furniture,Furnishings,14.2240,-10.3124,2,1
2017-06-30,2017,2,6,June,Central,Illinois,Chicago,Technology,Phones,1001.5840,125.1980,2,1
2017-06-30,2017,2,6,June,East,New York,Mount Vernon,Office Supplies,Storage,1085.4200,282.2092,7,1
2017-06-30,2017,2,6,June,East,New York,New York City,Furniture,Furnishings,22.2300,9.7812,1,1
2017-06-30,2017,2,6,June,East,New York,New York City,Furniture,Tables,1044.6300,-295.9785,5,1
2017-06-30,2017,2,6,June,East,New York,New York City,Office Supplies,Storage,248.5700,67.1139,7,1
2017-06-30,2017,2,6,June,South,Tennessee,Memphis,Furniture,Furnishings,19.5200,5.3680,2,1
2017-06-30,2017,2,6,June,West,California,Los Angeles,Furniture,Bookcases,435.9990,5.1294,3,1
2017-06-30,2017,2,6,June,West,California,Los Angeles,Office Supplies,Paper,204.9500,100.4255,5,1
2017-06-30,2017,2,6,June,West,Nevada,Las Vegas,Office Supplies,Binders,75.7920,25.5798,3,1
2017-07-01,2017,3,7,July,Central,Indiana,Indianapolis,Office Supplies,Binders,169.9900,78.1954,1,1
2017-07-01,2017,3,7,July,Central,Indiana,Indianapolis,Office Supplies,Paper,25.9200,12.4416,4,1
2017-07-01,2017,3,7,July,Central,Indiana,Indianapolis,Office Supplies,Storage,443.9200,13.3176,4,1
2017-07-02,2017,3,7,July,Central,Texas,Houston,Office Supplies,Binders,5.2320,-8.1096,4,1
2017-07-02,2017,3,7,July,Central,Texas,Houston,Office Supplies,Paper,163.9600,59.4355,5,1
2017-07-03,2017,3,7,July,Central,Texas,Houston,Office Supplies,Paper,273.8960,92.4399,7,1
2017-07-03,2017,3,7,July,Central,Texas,Houston,Technology,Machines,597.1320,49.7610,3,1
2017-07-03,2017,3,7,July,Central,Texas,Plano,Technology,Phones,167.9680,62.9880,4,1
2017-07-03,2017,3,7,July,East,Massachusetts,Quincy,Office Supplies,Paper,24.5600,11.5432,2,1
2017-07-03,2017,3,7,July,East,Massachusetts,Quincy,Technology,Accessories,258.9000,93.2040,10,1
2017-07-03,2017,3,7,July,East,New Hampshire,Concord,Furniture,Furnishings,102.3000,26.5980,1,1
2017-07-03,2017,3,7,July,East,Ohio,Lancaster,Furniture,Tables,215.1480,-103.9882,2,1
2017-07-03,2017,3,7,July,East,Ohio,Lancaster,Office Supplies,Paper,63.8560,22.3254,10,1
2017-07-03,2017,3,7,July,South,Georgia,Columbus,Furniture,Furnishings,23.9900,5.5177,1,1
2017-07-03,2017,3,7,July,South,Georgia,Columbus,Technology,Phones,287.9700,77.7519,3,1
2017-07-03,2017,3,7,July,South,North Carolina,Burlington,Office Supplies,Art,9.5520,1.5522,3,1
2017-07-03,2017,3,7,July,South,North Carolina,Jacksonville,Technology,Accessories,24.0000,-2.7000,2,1
2017-07-03,2017,3,7,July,West,California,Citrus Heights,Furniture,Furnishings,129.3900,54.3438,3,1
2017-07-03,2017,3,7,July,West,California,Los Angeles,Office Supplies,Storage,87.9200,0.8792,4,1
2017-07-03,2017,3,7,July,West,New Mexico,Farmington,Furniture,Furnishings,545.8500,114.6285,9,1
2017-07-03,2017,3,7,July,West,Washington,Seattle,Technology,Accessories,1747.7800,769.0232,6,1
2017-07-03,2017,3,7,July,West,Washington,Seattle,Technology,Machines,2395.2000,209.5800,6,1
2017-07-03,2017,3,7,July,West,Washington,Seattle,Technology,Phones,7.9920,2.6973,1,1
2017-07-05,2017,3,7,July,Central,Nebraska,Fremont,Technology,Phones,79.9600,22.3888,4,1
2017-07-05,2017,3,7,July,Central,Texas,Dallas,Furniture,Furnishings,332.0280,-348.6294,9,1
2017-07-05,2017,3,7,July,Central,Texas,Dallas,Office Supplies,Binders,17.7100,-28.0821,10,1
2017-07-05,2017,3,7,July,Central,Texas,Dallas,Office Supplies,Paper,46.6560,16.9128,9,1
2017-07-06,2017,3,7,July,East,Pennsylvania,Philadelphia,Office Supplies,Binders,2.9460,-2.2586,2,1
2017-07-06,2017,3,7,July,East,Pennsylvania,Philadelphia,Office Supplies,Paper,16.0560,5.8203,3,1
2017-07-06,2017,3,7,July,South,Florida,Miami,Furniture,Chairs,239.2400,23.9240,1,1
2017-07-06,2017,3,7,July,West,California,Los Angeles,Furniture,Chairs,122.1360,-13.7403,3,1
2017-07-07,2017,3,7,July,East,New York,Long Beach,Office Supplies,Binders,17.4720,6.3336,3,1
2017-07-07,2017,3,7,July,East,Pennsylvania,Philadelphia,Furniture,Bookcases,87.2100,-45.3492,3,1
2017-07-07,2017,3,7,July,East,Pennsylvania,Philadelphia,Office Supplies,Paper,15.5520,5.4432,3,1
2017-07-07,2017,3,7,July,East,Pennsylvania,Philadelphia,Office Supplies,Storage,13.3920,1.0044,3,1
2017-07-07,2017,3,7,July,East,Pennsylvania,Philadelphia,Technology,Accessories,544.6960,90.6101,5,1
2017-07-07,2017,3,7,July,East,Pennsylvania,Philadelphia,Technology,Phones,683.9880,-113.9980,2,1
2017-07-07,2017,3,7,July,East,Rhode Island,Warwick,Technology,Accessories,252.0000,93.2400,4,1
2017-07-07,2017,3,7,July,West,California,Los Angeles,Office Supplies,Fasteners,5.9400,0.1188,3,1
2017-07-08,2017,3,7,July,East,Delaware,Newark,Furniture,Furnishings,123.9000,15.0698,6,1
2017-07-08,2017,3,7,July,East,Delaware,Newark,Office Supplies,Art,203.8600,54.1600,12,1
2017-07-08,2017,3,7,July,East,Delaware,Newark,Technology,Accessories,141.9000,58.1790,5,1
2017-07-08,2017,3,7,July,East,Massachusetts,Lowell,Office Supplies,Art,20.5200,7.2468,5,1
2017-07-08,2017,3,7,July,East,Massachusetts,Lowell,Office Supplies,Paper,24.5600,11.5432,2,1
2017-07-08,2017,3,7,July,West,California,Pico Rivera,Furniture,Furnishings,145.9000,62.7370,5,1
2017-07-08,2017,3,7,July,West,California,San Mateo,Office Supplies,Labels,75.1800,35.3346,6,1
2017-07-08,2017,3,7,July,West,Washington,Kent,Furniture,Furnishings,198.4600,99.2300,2,1
2017-07-08,2017,3,7,July,West,Washington,Kent,Office Supplies,Binders,23.1680,7.8192,2,1
2017-07-08,2017,3,7,July,West,Washington,Kent,Office Supplies,Labels,786.4800,385.3752,8,1
2017-07-08,2017,3,7,July,West,Washington,Kent,Technology,Accessories,50.0000,10.5000,2,1
2017-07-08,2017,3,7,July,West,Washington,Seattle,Furniture,Furnishings,15.8400,4.9104,3,1
2017-07-08,2017,3,7,July,West,Washington,Seattle,Office Supplies,Art,31.3600,10.5312,7,1
2017-07-08,2017,3,7,July,West,Washington,Seattle,Office Supplies,Binders,86.3760,30.2316,3,1
2017-07-08,2017,3,7,July,West,Washington,Seattle,Office Supplies,Paper,52.7600,24.2696,2,1
2017-07-09,2017,3,7,July,Central,Illinois,Chicago,Office Supplies,Appliances,58.4640,-146.1600,9,1
2017-07-09,2017,3,7,July,Central,Illinois,Chicago,Office Supplies,Art,8.8400,2.9835,5,1
2017-07-09,2017,3,7,July,Central,Illinois,Chicago,Office Supplies,Storage,228.9200,14.3075,5,1
2017-07-09,2017,3,7,July,Central,Indiana,Lafayette,Furniture,Furnishings,526.4500,31.5870,5,1
2017-07-09,2017,3,7,July,East,Connecticut,Manchester,Office Supplies,Art,119.0400,48.8064,6,1
2017-07-09,2017,3,7,July,East,Connecticut,Manchester,Office Supplies,Paper,274.8000,134.6520,5,1
2017-07-09,2017,3,7,July,East,Connecticut,Manchester,Office Supplies,Storage,195.6400,3.9128,4,1
2017-07-09,2017,3,7,July,East,Connecticut,Manchester,Technology,Phones,257.9800,74.8142,2,1
2017-07-09,2017,3,7,July,West,Oregon,Portland,Office Supplies,Binders,1.0800,-0.7920,2,1
2017-07-10,2017,3,7,July,Central,Illinois,Aurora,Office Supplies,Storage,298.4640,26.1156,6,1
2017-07-10,2017,3,7,July,South,Georgia,Columbus,Furniture,Furnishings,18.8400,7.9128,3,1
2017-07-10,2017,3,7,July,South,Georgia,Columbus,Office Supplies,Appliances,41.9100,10.8966,3,1
2017-07-11,2017,3,7,July,Central,Iowa,Waterloo,Office Supplies,Art,30.3200,11.8248,4,1
2017-07-11,2017,3,7,July,East,New York,New York City,Technology,Accessories,132.6000,17.2380,6,1
2017-07-11,2017,3,7,July,West,California,Los Angeles,Office Supplies,Appliances,168.1000,43.7060,5,1
2017-07-11,2017,3,7,July,West,California,Los Angeles,Office Supplies,Labels,8.6700,4.0749,3,1
2017-07-11,2017,3,7,July,West,California,Los Angeles,Technology,Accessories,1287.4500,244.6155,5,1
2017-07-11,2017,3,7,July,West,California,San Diego,Office Supplies,Binders,29.8000,9.3125,5,1
2017-07-11,2017,3,7,July,West,California,San Diego,Technology,Phones,71.9520,5.3964,6,1
2017-07-12,2017,3,7,July,East,Ohio,Fairfield,Office Supplies,Paper,3.8160,1.1925,1,1
2017-07-13,2017,3,7,July,Central,Kansas,Overland Park,Office Supplies,Paper,13.5600,6.2376,2,1
2017-07-13,2017,3,7,July,Central,Kansas,Overland Park,Office Supplies,Storage,360.3800,93.6988,2,1
2017-07-13,2017,3,7,July,East,Pennsylvania,Philadelphia,Furniture,Furnishings,91.0080,19.3392,9,1
2017-07-13,2017,3,7,July,East,Pennsylvania,Philadelphia,Technology,Phones,39.5940,-7.2589,1,1
2017-07-14,2017,3,7,July,East,Ohio,Columbus,Furniture,Furnishings,396.9200,148.8450,5,1
2017-07-14,2017,3,7,July,East,Ohio,Columbus,Office Supplies,Art,13.1200,2.1320,5,1
2017-07-14,2017,3,7,July,East,Ohio,Columbus,Office Supplies,Paper,9.2480,3.3524,2,1
2017-07-14,2017,3,7,July,East,Ohio,Columbus,Office Supplies,Storage,301.4960,22.6122,12,1
2017-07-14,2017,3,7,July,East,Ohio,Columbus,Technology,Phones,1889.9460,-377.9892,9,1
2017-07-14,2017,3,7,July,West,California,Westminster,Furniture,Furnishings,295.5300,57.7170,6,1
2017-07-14,2017,3,7,July,West,California,Westminster,Office Supplies,Art,71.9200,20.8568,4,1
2017-07-14,2017,3,7,July,West,California,Westminster,Office Supplies,Binders,4.4480,1.4456,2,1
2017-07-14,2017,3,7,July,West,California,Westminster,Office Supplies,Fasteners,4.9600,2.3312,4,1
2017-07-14,2017,3,7,July,West,California,Westminster,Technology,Accessories,140.9700,19.7358,3,1
2017-07-14,2017,3,7,July,West,California,Westminster,Technology,Phones,470.3760,52.9173,3,1
2017-07-15,2017,3,7,July,East,Delaware,Wilmington,Furniture,Tables,310.4430,-48.7839,3,1
2017-07-15,2017,3,7,July,East,Delaware,Wilmington,Office Supplies,Binders,26.5500,13.0095,3,1
2017-07-15,2017,3,7,July,East,New York,New York City,Furniture,Chairs,664.1460,88.5528,6,1
2017-07-15,2017,3,7,July,East,New York,New York City,Office Supplies,Art,6.5600,1.9024,2,1
2017-07-15,2017,3,7,July,East,New York,New York City,Office Supplies,Labels,7.8300,3.6018,3,1
2017-07-15,2017,3,7,July,East,New York,New York City,Office Supplies,Paper,8.9600,4.3904,2,1
2017-07-15,2017,3,7,July,East,New York,New York City,Technology,Accessories,41.9000,8.7990,2,1
2017-07-15,2017,3,7,July,South,Virginia,Suffolk,Furniture,Tables,872.9400,157.1292,3,1
2017-07-15,2017,3,7,July,South,Virginia,Suffolk,Office Supplies,Appliances,179.9400,50.3832,3,1
2017-07-15,2017,3,7,July,South,Virginia,Suffolk,Office Supplies,Paper,12.9600,6.2208,2,1
2017-07-16,2017,3,7,July,Central,Illinois,Woodstock,Office Supplies,Art,2.9120,0.9100,2,1
2017-07-16,2017,3,7,July,East,Pennsylvania,Philadelphia,Furniture,Chairs,71.3720,-1.0196,2,1
2017-07-16,2017,3,7,July,South,North Carolina,Charlotte,Furniture,Chairs,242.3520,15.1470,3,1
2017-07-17,2017,3,7,July,East,New York,Rome,Furniture,Furnishings,39.0800,14.4596,4,1
2017-07-17,2017,3,7,July,East,New York,Rome,Office Supplies,Paper,99.9000,47.9520,5,1
2017-07-17,2017,3,7,July,East,New York,Rome,Technology,Phones,269.9800,67.4950,2,1
2017-07-17,2017,3,7,July,South,Florida,Tampa,Furniture,Furnishings,7.9040,2.1736,2,1
2017-07-17,2017,3,7,July,West,California,Apple Valley,Furniture,Bookcases,1194.1650,210.7350,5,1
2017-07-17,2017,3,7,July,West,California,Apple Valley,Office Supplies,Envelopes,57.9000,28.9500,5,1
2017-07-17,2017,3,7,July,West,California,Apple Valley,Office Supplies,Paper,32.4000,15.5520,5,1
2017-07-17,2017,3,7,July,West,California,Apple Valley,Office Supplies,Storage,10.5600,0.0000,2,1
2017-07-17,2017,3,7,July,West,California,Los Angeles,Technology,Copiers,479.9840,89.9970,2,1
2017-07-18,2017,3,7,July,East,Pennsylvania,Philadelphia,Furniture,Chairs,198.7440,-14.1960,4,1
2017-07-18,2017,3,7,July,East,Pennsylvania,Philadelphia,Office Supplies,Supplies,9.1840,1.1480,2,1
2017-07-18,2017,3,7,July,East,Pennsylvania,Philadelphia,Technology,Copiers,599.9700,69.9965,5,1
2017-07-18,2017,3,7,July,West,Arizona,Phoenix,Furniture,Chairs,473.5440,-32.7987,5,1
2017-07-18,2017,3,7,July,West,Arizona,Phoenix,Furniture,Tables,801.6000,-448.8960,5,1
2017-07-18,2017,3,7,July,West,Arizona,Phoenix,Office Supplies,Binders,7.6560,-6.1248,4,1
2017-07-18,2017,3,7,July,West,Arizona,Phoenix,Office Supplies,Paper,16.0960,5.2312,2,1
2017-07-20,2017,3,7,July,Central,Illinois,Chicago,Furniture,Furnishings,8.7920,-5.7148,1,1
2017-07-20,2017,3,7,July,Central,Illinois,Chicago,Office Supplies,Storage,69.7120,8.7140,2,1
2017-07-20,2017,3,7,July,Central,Minnesota,Maple Grove,Office Supplies,Binders,735.9800,331.1910,2,1
2017-07-20,2017,3,7,July,Central,South Dakota,Sioux Falls,Furniture,Chairs,182.9400,27.4410,3,1
2017-07-20,2017,3,7,July,Central,South Dakota,Sioux Falls,Office Supplies,Appliances,416.3200,112.4064,2,1
2017-07-20,2017,3,7,July,Central,South Dakota,Sioux Falls,Office Supplies,Binders,103.8300,50.6250,12,1
2017-07-20,2017,3,7,July,Central,South Dakota,Sioux Falls,Office Supplies,Labels,14.6200,6.8714,2,1
2017-07-20,2017,3,7,July,Central,South Dakota,Sioux Falls,Technology,Accessories,389.9700,132.5898,3,1
2017-07-20,2017,3,7,July,East,New York,New York City,Furniture,Chairs,163.7640,25.4744,2,1
2017-07-20,2017,3,7,July,East,New York,New York City,Furniture,Furnishings,183.9200,31.2664,4,1
2017-07-20,2017,3,7,July,East,New York,New York City,Office Supplies,Paper,13.3600,6.4128,2,1
2017-07-21,2017,3,7,July,Central,Illinois,Aurora,Office Supplies,Binders,97.0560,-169.4184,11,1
2017-07-21,2017,3,7,July,Central,Illinois,Chicago,Office Supplies,Binders,2.1120,-3.3792,2,1
2017-07-21,2017,3,7,July,Central,Texas,Pharr,Furniture,Tables,124.4040,-21.3264,4,1
2017-07-21,2017,3,7,July,East,New Jersey,Plainfield,Office Supplies,Paper,6.4800,3.1752,1,1
2017-07-21,2017,3,7,July,East,New York,New York City,Office Supplies,Appliances,17.4800,4.5448,4,1
2017-07-21,2017,3,7,July,East,Ohio,Cleveland,Office Supplies,Binders,33.9300,-22.6200,3,1
2017-07-21,2017,3,7,July,East,Ohio,Cleveland,Office Supplies,Storage,222.3200,25.0110,7,1
2017-07-21,2017,3,7,July,East,Ohio,Cleveland,Technology,Phones,210.5640,-52.6410,6,1
2017-07-21,2017,3,7,July,South,Virginia,Salem,Furniture,Bookcases,302.9400,69.6762,3,1
2017-07-21,2017,3,7,July,South,Virginia,Salem,Furniture,Furnishings,8.8000,3.8720,5,1
2017-07-21,2017,3,7,July,South,Virginia,Salem,Office Supplies,Art,121.6200,35.2698,12,1
2017-07-21,2017,3,7,July,South,Virginia,Salem,Office Supplies,Binders,14.9400,7.1712,3,1
2017-07-21,2017,3,7,July,South,Virginia,Salem,Office Supplies,Supplies,231.7200,11.5860,2,1
2017-07-21,2017,3,7,July,South,Virginia,Salem,Technology,Phones,271.9600,67.9900,4,1
2017-07-21,2017,3,7,July,West,California,Concord,Office Supplies,Art,3.5200,1.6896,2,1
2017-07-21,2017,3,7,July,West,California,Concord,Technology,Phones,1626.1920,121.9644,9,1
2017-07-21,2017,3,7,July,West,California,San Diego,Furniture,Chairs,225.2960,22.5296,2,1
2017-07-21,2017,3,7,July,West,California,San Diego,Office Supplies,Binders,50.3520,17.6232,3,1
2017-07-21,2017,3,7,July,West,California,San Diego,Office Supplies,Paper,16.3400,7.6798,2,1
2017-07-21,2017,3,7,July,West,Utah,Murray,Office Supplies,Art,25.9900,7.5371,1,1
2017-07-21,2017,3,7,July,West,Utah,Murray,Technology,Phones,71.9280,6.2937,9,1
2017-07-22,2017,3,7,July,Central,Illinois,Chicago,Furniture,Chairs,526.3440,-75.1920,4,1
2017-07-22,2017,3,7,July,East,New York,New York City,Technology,Phones,29.9700,14.0859,3,1
2017-07-23,2017,3,7,July,Central,Illinois,Chicago,Office Supplies,Paper,63.3120,20.5764,3,1
2017-07-23,2017,3,7,July,Central,Illinois,Wheeling,Office Supplies,Art,121.5360,15.1920,4,1
2017-07-23,2017,3,7,July,Central,Indiana,Elkhart,Office Supplies,Art,11.6800,5.4896,2,1
2017-07-23,2017,3,7,July,Central,Indiana,Elkhart,Technology,Accessories,159.7500,11.1825,5,1
2017-07-23,2017,3,7,July,Central,Wisconsin,Kenosha,Technology,Accessories,399.9500,143.9820,5,1
2017-07-23,2017,3,7,July,East,New York,Long Beach,Office Supplies,Labels,41.4000,19.8720,4,1
2017-07-23,2017,3,7,July,East,New York,New York City,Office Supplies,Binders,27.0480,8.6166,6,2
2017-07-23,2017,3,7,July,West,California,Los Angeles,Office Supplies,Binders,15.1920,5.5071,3,1
2017-07-23,2017,3,7,July,West,California,Los Angeles,Office Supplies,Paper,58.3200,27.9936,9,1
2017-07-24,2017,3,7,July,West,California,Huntington Beach,Technology,Copiers,2399.9600,839.9860,5,1
2017-07-25,2017,3,7,July,Central,South Dakota,Sioux Falls,Office Supplies,Labels,20.2300,9.5081,7,1
2017-07-25,2017,3,7,July,Central,Texas,Dallas,Furniture,Tables,298.1160,-4.2588,6,1
2017-07-25,2017,3,7,July,East,Pennsylvania,Philadelphia,Furniture,Furnishings,20.0960,3.0144,4,1
2017-07-25,2017,3,7,July,East,Pennsylvania,Philadelphia,Furniture,Tables,138.5880,-34.6470,1,1
2017-07-25,2017,3,7,July,East,Pennsylvania,Philadelphia,Office Supplies,Labels,3.3040,1.0738,1,1
2017-07-25,2017,3,7,July,East,Pennsylvania,Philadelphia,Office Supplies,Paper,20.7360,7.2576,4,1
2017-07-25,2017,3,7,July,East,Pennsylvania,Philadelphia,Office Supplies,Storage,259.9200,-25.9920,5,1
2017-07-25,2017,3,7,July,East,Pennsylvania,Philadelphia,Office Supplies,Supplies,37.7520,4.2471,3,1
2017-07-26,2017,3,7,July,West,California,Los Angeles,Furniture,Chairs,362.3520,45.2940,3,1
2017-07-26,2017,3,7,July,West,California,Los Angeles,Technology,Accessories,1649.9500,659.9800,5,1
2017-07-27,2017,3,7,July,East,New York,Yonkers,Furniture,Furnishings,14.8900,4.0203,1,1
2017-07-27,2017,3,7,July,East,New York,Yonkers,Technology,Phones,543.9200,135.9800,8,1
2017-07-27,2017,3,7,July,South,Florida,Jacksonville,Furniture,Furnishings,91.0320,-2.2758,3,1
2017-07-27,2017,3,7,July,South,North Carolina,Raleigh,Furniture,Chairs,194.8480,12.1780,4,1
2017-07-27,2017,3,7,July,West,Washington,Seattle,Furniture,Furnishings,23.8800,10.5072,3,1
2017-07-27,2017,3,7,July,West,Washington,Seattle,Office Supplies,Paper,39.1600,18.2728,6,1
2017-07-27,2017,3,7,July,West,Washington,Seattle,Technology,Accessories,234.9500,32.8930,5,1
2017-07-28,2017,3,7,July,West,California,San Francisco,Office Supplies,Binders,9.9840,3.6192,4,1
2017-07-28,2017,3,7,July,West,California,San Francisco,Office Supplies,Storage,14.9800,4.1944,1,1
2017-07-28,2017,3,7,July,West,California,San Francisco,Technology,Phones,1145.6000,100.2400,4,1
2017-07-29,2017,3,7,July,Central,Oklahoma,Oklahoma City,Furniture,Chairs,302.6700,72.6408,3,1
2017-07-29,2017,3,7,July,Central,Oklahoma,Oklahoma City,Office Supplies,Appliances,137.6200,60.5528,2,1
2017-07-29,2017,3,7,July,Central,Oklahoma,Oklahoma City,Office Supplies,Binders,33.4800,16.4052,2,1
2017-07-29,2017,3,7,July,Central,Oklahoma,Oklahoma City,Technology,Phones,461.9700,133.9713,3,1
2017-07-29,2017,3,7,July,Central,Texas,Austin,Office Supplies,Fasteners,2.8960,0.4706,2,1
2017-07-29,2017,3,7,July,Central,Texas,Austin,Technology,Phones,124.7920,15.5990,1,1
2017-07-29,2017,3,7,July,East,New York,Troy,Office Supplies,Art,60.1200,22.2444,9,1
2017-07-29,2017,3,7,July,South,North Carolina,Jacksonville,Office Supplies,Appliances,34.8480,6.5340,2,1
2017-07-29,2017,3,7,July,South,North Carolina,Jacksonville,Office Supplies,Art,4.3680,0.3822,3,1
2017-07-29,2017,3,7,July,South,North Carolina,Jacksonville,Technology,Phones,22.0000,1.3750,5,1
2017-07-29,2017,3,7,July,West,Washington,Seattle,Furniture,Bookcases,115.9600,25.5112,2,1
2017-07-29,2017,3,7,July,West,Washington,Seattle,Technology,Accessories,90.5700,11.7741,3,1
2017-07-30,2017,3,7,July,East,Maryland,Baltimore,Technology,Phones,89.9500,43.1760,5,1
2017-07-30,2017,3,7,July,East,Ohio,Lakewood,Office Supplies,Binders,76.7760,-53.7432,4,1
2017-07-30,2017,3,7,July,West,California,Mission Viejo,Office Supplies,Labels,26.2500,12.6000,7,1
2017-07-30,2017,3,7,July,West,California,Mission Viejo,Office Supplies,Storage,330.4000,85.9040,2,1
2017-07-31,2017,3,7,July,Central,Illinois,Chicago,Technology,Phones,36.7920,4.1391,1,1
2017-07-31,2017,3,7,July,Central,Wisconsin,Milwaukee,Office Supplies,Appliances,155.8800,54.5580,6,1
2017-07-31,2017,3,7,July,Central,Wisconsin,Milwaukee,Office Supplies,Binders,17.5200,8.4096,4,1
2017-07-31,2017,3,7,July,East,Delaware,Wilmington,Office Supplies,Binders,860.9600,396.3719,8,1
2017-07-31,2017,3,7,July,East,Delaware,Wilmington,Office Supplies,Paper,11.5400,5.5392,1,1
2017-07-31,2017,3,7,July,East,Pennsylvania,Philadelphia,Office Supplies,Paper,54.8160,17.8152,3,1
2017-07-31,2017,3,7,July,East,Pennsylvania,Philadelphia,Technology,Phones,285.5760,-57.1152,4,1
2017-07-31,2017,3,7,July,South,Florida,Fort Lauderdale,Technology,Accessories,41.4240,8.2848,2,1
2017-07-31,2017,3,7,July,West,California,San Francisco,Furniture,Furnishings,36.9600,11.4576,7,1
2017-07-31,2017,3,7,July,West,California,San Francisco,Office Supplies,Storage,56.5600,15.2712,2,1
2017-08-01,2017,3,8,August,Central,Illinois,Chicago,Technology,Phones,95.9840,5.9990,2,1
2017-08-01,2017,3,8,August,Central,Texas,Austin,Office Supplies,Paper,36.2880,12.7008,7,1
2017-08-01,2017,3,8,August,Central,Texas,Austin,Technology,Machines,1439.9820,-263.9967,3,1
2017-08-01,2017,3,8,August,South,North Carolina,Charlotte,Technology,Phones,271.9600,16.9975,5,1
2017-08-01,2017,3,8,August,West,California,Salinas,Office Supplies,Binders,54.8960,18.5274,2,1
2017-08-01,2017,3,8,August,West,California,San Francisco,Office Supplies,Storage,186.5400,50.3658,3,1
2017-08-03,2017,3,8,August,Central,Illinois,Bloomington,Technology,Accessories,39.8160,7.4655,3,1
2017-08-03,2017,3,8,August,Central,Illinois,Chicago,Furniture,Bookcases,183.3720,-36.6744,2,1
2017-08-03,2017,3,8,August,East,Ohio,Fairfield,Office Supplies,Labels,16.5200,5.3690,5,1
2017-08-03,2017,3,8,August,West,California,Los Angeles,Office Supplies,Storage,99.8700,23.9688,3,1
2017-08-03,2017,3,8,August,West,California,San Francisco,Furniture,Furnishings,123.9600,11.1564,3,1
2017-08-03,2017,3,8,August,West,California,San Francisco,Office Supplies,Labels,51.7500,24.8400,5,1
2017-08-03,2017,3,8,August,West,Washington,Seattle,Office Supplies,Storage,16.0600,4.1756,1,1
2017-08-04,2017,3,8,August,Central,Texas,Carrollton,Office Supplies,Binders,3.3180,-5.6406,3,1
2017-08-04,2017,3,8,August,West,Colorado,Loveland,Office Supplies,Envelopes,8.7840,3.1842,1,1
2017-08-04,2017,3,8,August,West,Colorado,Loveland,Office Supplies,Paper,7.9680,2.8884,2,1
2017-08-05,2017,3,8,August,Central,Indiana,Indianapolis,Office Supplies,Binders,125.8800,60.4224,6,1
2017-08-05,2017,3,8,August,Central,Indiana,Indianapolis,Office Supplies,Labels,133.2000,66.6000,9,1
2017-08-05,2017,3,8,August,Central,Indiana,Indianapolis,Technology,Accessories,79.7800,29.5186,2,1
2017-08-05,2017,3,8,August,Central,Texas,Houston,Office Supplies,Storage,151.0560,7.5528,9,1
2017-08-05,2017,3,8,August,South,Kentucky,Richmond,Office Supplies,Paper,13.7600,6.3296,2,1
2017-08-06,2017,3,8,August,Central,Texas,Cedar Hill,Office Supplies,Paper,115.2960,40.3536,3,1
2017-08-06,2017,3,8,August,East,New Hampshire,Concord,Office Supplies,Art,227.8800,68.3640,6,1
2017-08-06,2017,3,8,August,East,New Hampshire,Concord,Office Supplies,Labels,24.6400,11.8272,8,1
2017-08-06,2017,3,8,August,East,New Hampshire,Concord,Technology,Phones,824.9500,247.4850,5,1
2017-08-06,2017,3,8,August,East,New York,New York City,Office Supplies,Supplies,70.1200,21.0360,4,1
2017-08-06,2017,3,8,August,South,Louisiana,Lafayette,Furniture,Bookcases,145.7400,23.3184,3,1
2017-08-06,2017,3,8,August,South,Louisiana,Lafayette,Furniture,Furnishings,15.4000,7.3920,5,1
2017-08-07,2017,3,8,August,Central,Minnesota,Moorhead,Technology,Accessories,63.9600,19.8276,4,1
2017-08-07,2017,3,8,August,Central,Texas,Dallas,Office Supplies,Storage,118.1600,-25.1090,2,1
2017-08-07,2017,3,8,August,Central,Texas,Dallas,Technology,Accessories,119.4480,-13.4379,3,1
2017-08-07,2017,3,8,August,East,New York,Long Beach,Office Supplies,Art,116.4800,31.6896,12,1
2017-08-07,2017,3,8,August,South,North Carolina,Jacksonville,Technology,Accessories,79.9920,21.9978,1,1
2017-08-07,2017,3,8,August,West,California,San Diego,Office Supplies,Binders,13.7600,4.6440,2,1
2017-08-07,2017,3,8,August,West,California,San Diego,Technology,Phones,159.9600,17.9955,5,1
2017-08-07,2017,3,8,August,West,California,San Jose,Office Supplies,Paper,244.5500,114.9385,5,1
2017-08-07,2017,3,8,August,West,California,Westminster,Furniture,Chairs,207.1840,25.8980,1,1
2017-08-07,2017,3,8,August,West,California,Westminster,Furniture,Furnishings,51.7500,15.5250,1,1
2017-08-07,2017,3,8,August,West,California,Westminster,Office Supplies,Appliances,1473.1000,412.4680,5,1
2017-08-07,2017,3,8,August,West,California,Westminster,Office Supplies,Binders,43.0800,15.8562,6,1
2017-08-07,2017,3,8,August,West,California,Westminster,Office Supplies,Paper,24.5600,11.5432,2,1
2017-08-07,2017,3,8,August,West,California,Westminster,Technology,Accessories,55.7600,7.8064,4,1
2017-08-07,2017,3,8,August,West,California,Westminster,Technology,Phones,707.8800,44.2425,3,1
2017-08-10,2017,3,8,August,Central,Indiana,Columbus,Furniture,Furnishings,121.3000,25.4730,2,1
2017-08-10,2017,3,8,August,Central,Indiana,Columbus,Office Supplies,Envelopes,70.0800,35.0400,6,1
2017-08-10,2017,3,8,August,Central,Indiana,Columbus,Technology,Phones,1454.4900,378.1674,9,1
2017-08-10,2017,3,8,August,Central,Indiana,Richmond,Office Supplies,Paper,177.2000,83.2840,5,1
2017-08-11,2017,3,8,August,Central,Texas,Bedford,Office Supplies,Art,9.1840,2.8700,7,1
2017-08-11,2017,3,8,August,Central,Texas,Bedford,Office Supplies,Binders,12.8640,-22.5120,8,1
2017-08-11,2017,3,8,August,Central,Texas,Bedford,Office Supplies,Paper,29.6640,10.0116,4,1
2017-08-11,2017,3,8,August,Central,Texas,Bedford,Technology,Phones,153.5840,13.4386,2,1
2017-08-11,2017,3,8,August,East,New York,New York City,Office Supplies,Paper,25.9200,12.4416,4,1
2017-08-11,2017,3,8,August,South,Louisiana,Lake Charles,Office Supplies,Binders,477.5100,219.6546,11,1
2017-08-12,2017,3,8,August,East,Maryland,Columbia,Furniture,Chairs,1779.9000,373.7790,5,1
2017-08-12,2017,3,8,August,East,Maryland,Columbia,Office Supplies,Art,237.4200,64.6290,8,1
2017-08-12,2017,3,8,August,South,Florida,Orlando,Office Supplies,Paper,20.7360,7.2576,4,1
2017-08-12,2017,3,8,August,West,California,Lake Forest,Furniture,Furnishings,54.9200,19.7712,4,1
2017-08-12,2017,3,8,August,West,California,Lake Forest,Office Supplies,Appliances,542.9400,152.0232,3,1
2017-08-12,2017,3,8,August,West,Washington,Seattle,Office Supplies,Binders,100.7040,37.7640,6,1
2017-08-12,2017,3,8,August,West,Washington,Seattle,Office Supplies,Paper,192.1600,92.2368,4,1
2017-08-12,2017,3,8,August,West,Washington,Seattle,Office Supplies,Storage,46.7400,11.6850,3,1
2017-08-12,2017,3,8,August,West,Washington,Seattle,Technology,Accessories,174.9500,12.2465,5,1
2017-08-12,2017,3,8,August,West,Washington,Seattle,Technology,Copiers,299.9900,89.9970,1,1
2017-08-12,2017,3,8,August,West,Washington,Seattle,Technology,Phones,242.6240,27.2952,8,1
2017-08-13,2017,3,8,August,East,Pennsylvania,Philadelphia,Office Supplies,Labels,17.5440,5.9211,3,1
2017-08-13,2017,3,8,August,South,Tennessee,Memphis,Furniture,Chairs,423.6480,47.6604,2,1
2017-08-13,2017,3,8,August,South,Tennessee,Memphis,Furniture,Furnishings,31.9840,0.0000,1,1
2017-08-13,2017,3,8,August,South,Tennessee,Memphis,Office Supplies,Appliances,272.0480,30.6054,7,1
2017-08-13,2017,3,8,August,South,Tennessee,Memphis,Office Supplies,Binders,1614.5820,-1237.8462,6,1
2017-08-13,2017,3,8,August,South,Tennessee,Memphis,Office Supplies,Envelopes,14.7600,4.7970,5,1
2017-08-13,2017,3,8,August,South,Tennessee,Memphis,Office Supplies,Fasteners,24.3200,9.1200,5,1
2017-08-13,2017,3,8,August,South,Tennessee,Memphis,Technology,Accessories,1.5840,0.4752,2,1
2017-08-13,2017,3,8,August,West,California,San Diego,Office Supplies,Binders,36.0240,11.7078,3,1
2017-08-13,2017,3,8,August,West,California,San Francisco,Office Supplies,Appliances,83.7900,22.6233,7,1
2017-08-13,2017,3,8,August,West,California,San Francisco,Office Supplies,Art,59.5200,15.4752,3,1
2017-08-13,2017,3,8,August,West,California,San Francisco,Office Supplies,Storage,31.4400,8.4888,3,1
2017-08-13,2017,3,8,August,West,California,San Francisco,Office Supplies,Supplies,31.9200,9.2568,4,1
2017-08-14,2017,3,8,August,West,California,Los Angeles,Furniture,Tables,418.2960,5.2287,3,1
2017-08-14,2017,3,8,August,West,California,San Francisco,Office Supplies,Art,16.6800,4.3368,6,1
2017-08-14,2017,3,8,August,West,California,San Francisco,Office Supplies,Labels,5.7600,2.8224,2,1
2017-08-15,2017,3,8,August,Central,Minnesota,Roseville,Office Supplies,Labels,50.4000,23.1840,8,1
2017-08-15,2017,3,8,August,East,New Jersey,Plainfield,Office Supplies,Appliances,97.8400,25.4384,2,1
2017-08-15,2017,3,8,August,East,Pennsylvania,Philadelphia,Office Supplies,Storage,1801.6320,-337.8060,6,1
2017-08-16,2017,3,8,August,South,Tennessee,Columbia,Office Supplies,Binders,13.4280,-11.1900,3,1
2017-08-16,2017,3,8,August,South,Tennessee,Columbia,Office Supplies,Storage,67.1360,-0.8392,4,1
2017-08-17,2017,3,8,August,Central,Texas,Houston,Furniture,Chairs,74.5920,-2.1312,4,1
2017-08-17,2017,3,8,August,Central,Texas,Houston,Furniture,Furnishings,16.7840,-22.2388,2,1
2017-08-17,2017,3,8,August,Central,Texas,Houston,Office Supplies,Appliances,38.8640,-99.1032,4,1
2017-08-17,2017,3,8,August,Central,Texas,Houston,Office Supplies,Art,8.0160,1.0020,3,1
2017-08-17,2017,3,8,August,Central,Texas,Houston,Office Supplies,Supplies,5.5520,-1.0410,2,1
2017-08-17,2017,3,8,August,East,New York,Watertown,Furniture,Chairs,462.5640,97.6524,2,1
2017-08-17,2017,3,8,August,East,New York,Watertown,Office Supplies,Binders,895.9200,302.3730,5,1
2017-08-17,2017,3,8,August,East,Pennsylvania,Philadelphia,Furniture,Chairs,4416.1740,-630.8820,9,1
2017-08-17,2017,3,8,August,South,Kentucky,Louisville,Office Supplies,Binders,102.9300,48.3771,3,1
2017-08-17,2017,3,8,August,South,Kentucky,Louisville,Technology,Accessories,98.1600,9.8160,6,1
2017-08-17,2017,3,8,August,West,California,Brentwood,Office Supplies,Appliances,2518.2900,654.7554,9,1
2017-08-17,2017,3,8,August,West,California,Brentwood,Office Supplies,Binders,234.9760,82.2416,11,1
2017-08-17,2017,3,8,August,West,California,Brentwood,Office Supplies,Envelopes,23.3600,11.6800,2,1
2017-08-17,2017,3,8,August,West,California,Brentwood,Office Supplies,Paper,8.5600,3.8520,2,1
2017-08-17,2017,3,8,August,West,California,Brentwood,Office Supplies,Storage,540.5700,140.5482,3,1
2017-08-17,2017,3,8,August,West,California,Brentwood,Technology,Phones,71.9760,8.9970,3,1
2017-08-18,2017,3,8,August,Central,Texas,Dallas,Office Supplies,Binders,28.1240,-44.6038,9,1
2017-08-18,2017,3,8,August,Central,Texas,Dallas,Office Supplies,Storage,200.0640,12.5040,3,1
2017-08-18,2017,3,8,August,East,Massachusetts,New Bedford,Technology,Accessories,23.1800,7.6494,2,1
2017-08-18,2017,3,8,August,East,New York,New York City,Furniture,Furnishings,138.4400,46.1548,7,1
2017-08-18,2017,3,8,August,East,New York,New York City,Office Supplies,Binders,107.4240,33.5700,9,1
2017-08-18,2017,3,8,August,East,New York,New York City,Technology,Phones,37.9100,10.9939,1,1
2017-08-18,2017,3,8,August,East,Ohio,Columbus,Office Supplies,Art,9.9120,1.2390,3,1
2017-08-18,2017,3,8,August,East,Ohio,Lakewood,Office Supplies,Binders,10.7820,-7.9068,3,1
2017-08-18,2017,3,8,August,West,Washington,Seattle,Furniture,Furnishings,65.9400,22.4196,3,1
2017-08-18,2017,3,8,August,West,Washington,Seattle,Office Supplies,Binders,2793.5280,942.8157,9,1
2017-08-18,2017,3,8,August,West,Washington,Seattle,Office Supplies,Storage,1323.1200,351.3948,9,2
2017-08-18,2017,3,8,August,West,Washington,Seattle,Technology,Accessories,2340.0600,595.7400,11,1
2017-08-19,2017,3,8,August,Central,Illinois,Chicago,Office Supplies,Binders,2.2960,-3.9032,2,1
2017-08-19,2017,3,8,August,East,Massachusetts,Lawrence,Office Supplies,Binders,387.9900,182.3553,1,1
2017-08-19,2017,3,8,August,East,Massachusetts,Lawrence,Office Supplies,Paper,19.4400,9.3312,3,1
2017-08-19,2017,3,8,August,West,Utah,Salt Lake City,Office Supplies,Binders,102.7200,37.2360,3,1
2017-08-20,2017,3,8,August,East,Massachusetts,Franklin,Office Supplies,Storage,40.2900,10.4754,3,1
2017-08-20,2017,3,8,August,South,North Carolina,Charlotte,Technology,Phones,35.9600,3.5960,1,1
2017-08-20,2017,3,8,August,West,California,Fresno,Office Supplies,Binders,239.1200,77.7140,5,1
2017-08-20,2017,3,8,August,West,California,Los Angeles,Office Supplies,Paper,25.9200,12.4416,4,1
2017-08-20,2017,3,8,August,West,California,San Francisco,Office Supplies,Storage,226.5600,63.4368,6,1
2017-08-20,2017,3,8,August,West,California,San Francisco,Office Supplies,Supplies,17.2200,5.1660,3,1
2017-08-20,2017,3,8,August,West,California,San Francisco,Technology,Phones,107.8800,10.7880,3,1
2017-08-21,2017,3,8,August,Central,Minnesota,Lakeville,Office Supplies,Envelopes,15.2800,7.4872,2,1
2017-08-21,2017,3,8,August,Central,Minnesota,Lakeville,Office Supplies,Fasteners,35.0000,16.8000,7,1
2017-08-21,2017,3,8,August,Central,Minnesota,Lakeville,Office Supplies,Supplies,37.2400,10.7996,4,1
2017-08-21,2017,3,8,August,East,Maryland,Columbia,Furniture,Furnishings,117.0800,39.8072,6,1
2017-08-21,2017,3,8,August,East,Maryland,Columbia,Office Supplies,Paper,277.4000,133.1520,5,1
2017-08-21,2017,3,8,August,East,New York,New York City,Office Supplies,Binders,4337.6400,1464.3546,13,1
2017-08-21,2017,3,8,August,South,Mississippi,Jackson,Furniture,Chairs,866.4000,225.2640,4,1
2017-08-21,2017,3,8,August,West,Arizona,Chandler,Office Supplies,Paper,83.8800,29.3580,1,1
2017-08-21,2017,3,8,August,West,California,Oakland,Furniture,Furnishings,129.9200,10.3936,4,1
2017-08-21,2017,3,8,August,West,California,Oakland,Furniture,Tables,568.7280,28.4364,3,1
2017-08-21,2017,3,8,August,West,California,Oakland,Office Supplies,Appliances,203.5200,54.9504,3,1
2017-08-21,2017,3,8,August,West,California,Oakland,Office Supplies,Art,17.1200,4.9648,4,1
2017-08-21,2017,3,8,August,West,California,Oakland,Office Supplies,Binders,117.1440,42.4647,9,1
2017-08-21,2017,3,8,August,West,California,Oakland,Office Supplies,Labels,51.7500,24.8400,5,1
2017-08-21,2017,3,8,August,West,California,Oakland,Technology,Phones,431.9680,37.7972,4,1
2017-08-21,2017,3,8,August,West,Colorado,Louisville,Furniture,Furnishings,22.7520,7.1100,3,1
2017-08-21,2017,3,8,August,West,Colorado,Louisville,Office Supplies,Paper,6.6720,2.0850,1,1
2017-08-21,2017,3,8,August,West,Colorado,Louisville,Office Supplies,Storage,237.0960,20.7459,3,1
2017-08-21,2017,3,8,August,West,Washington,Seattle,Furniture,Chairs,388.7040,38.8704,6,1
2017-08-21,2017,3,8,August,West,Washington,Seattle,Office Supplies,Storage,572.5800,34.3548,6,1
2017-08-21,2017,3,8,August,West,Washington,Seattle,Technology,Accessories,33.1800,11.6130,2,1
2017-08-22,2017,3,8,August,East,Pennsylvania,Philadelphia,Furniture,Tables,314.5320,-83.8752,2,1
2017-08-22,2017,3,8,August,West,California,San Francisco,Furniture,Tables,210.0080,2.6251,1,1
2017-08-23,2017,3,8,August,South,Florida,Tallahassee,Furniture,Furnishings,2.7840,0.4176,2,1
2017-08-23,2017,3,8,August,South,Florida,Tallahassee,Office Supplies,Appliances,161.3760,12.1032,6,1
2017-08-23,2017,3,8,August,South,Florida,Tallahassee,Office Supplies,Paper,58.2880,18.4330,7,1
2017-08-23,2017,3,8,August,South,Florida,Tallahassee,Technology,Phones,4367.8960,327.5922,13,1
2017-08-24,2017,3,8,August,East,New York,New York City,Office Supplies,Binders,28.4160,9.0204,5,1
2017-08-24,2017,3,8,August,East,Ohio,Lancaster,Office Supplies,Appliances,646.2720,64.6272,8,1
2017-08-24,2017,3,8,August,East,Ohio,Lancaster,Office Supplies,Paper,10.3680,3.7584,2,1
2017-08-25,2017,3,8,August,East,Ohio,Cleveland,Office Supplies,Storage,25.6960,1.9272,2,1
2017-08-25,2017,3,8,August,East,Pennsylvania,Philadelphia,Furniture,Bookcases,130.9800,-89.0664,2,1
2017-08-25,2017,3,8,August,South,North Carolina,Charlotte,Office Supplies,Paper,192.1600,67.2560,5,1
2017-08-25,2017,3,8,August,South,Tennessee,Jackson,Office Supplies,Art,9.7280,1.7024,2,1
2017-08-25,2017,3,8,August,South,Tennessee,Jackson,Office Supplies,Paper,3.4240,1.0700,1,1
2017-08-26,2017,3,8,August,Central,Illinois,Chicago,Furniture,Furnishings,64.9600,-43.8480,5,1
2017-08-26,2017,3,8,August,Central,Michigan,Detroit,Office Supplies,Storage,53.7200,13.9672,4,1
2017-08-26,2017,3,8,August,South,Georgia,Columbus,Technology,Accessories,71.9800,15.1158,2,1
2017-08-27,2017,3,8,August,Central,Texas,Dallas,Office Supplies,Art,5.9520,0.3720,1,1
2017-08-27,2017,3,8,August,East,Massachusetts,Franklin,Furniture,Tables,1488.4240,-297.6848,7,1
2017-08-27,2017,3,8,August,East,New York,New York City,Office Supplies,Binders,37.0080,11.5650,6,1
2017-08-27,2017,3,8,August,East,New York,New York City,Office Supplies,Storage,63.8400,16.5984,8,1
2017-08-27,2017,3,8,August,East,New York,New York City,Technology,Phones,347.9700,100.9113,3,1
2017-08-27,2017,3,8,August,East,Pennsylvania,Philadelphia,Office Supplies,Paper,12.6720,3.9600,3,1
2017-08-27,2017,3,8,August,East,Pennsylvania,Philadelphia,Technology,Accessories,1119.8880,209.9790,14,1
2017-08-27,2017,3,8,August,South,Florida,Port Saint Lucie,Office Supplies,Appliances,14.3360,0.8960,4,1
2017-08-27,2017,3,8,August,South,Florida,Tampa,Office Supplies,Envelopes,2.8960,0.9774,1,1
2017-08-27,2017,3,8,August,South,Tennessee,Franklin,Office Supplies,Paper,5.1840,1.8144,1,1
2017-08-27,2017,3,8,August,West,Arizona,Mesa,Furniture,Furnishings,120.5760,33.1584,8,1
2017-08-27,2017,3,8,August,West,California,Inglewood,Furniture,Chairs,230.2800,23.0280,3,1
2017-08-27,2017,3,8,August,West,California,Inglewood,Furniture,Furnishings,198.4600,99.2300,2,1
2017-08-27,2017,3,8,August,West,California,Inglewood,Office Supplies,Appliances,321.9200,96.5760,4,1
2017-08-27,2017,3,8,August,West,California,Inglewood,Office Supplies,Binders,841.5680,294.5488,2,1
2017-08-27,2017,3,8,August,West,California,Inglewood,Office Supplies,Paper,116.2800,56.9772,3,1
2017-08-27,2017,3,8,August,West,California,Inglewood,Office Supplies,Storage,354.9000,17.7450,5,1
2017-08-27,2017,3,8,August,West,California,Inglewood,Office Supplies,Supplies,28.4000,8.2360,5,1
2017-08-27,2017,3,8,August,West,California,Inglewood,Technology,Copiers,879.9840,329.9940,2,1
2017-08-28,2017,3,8,August,Central,Illinois,Chicago,Office Supplies,Paper,52.0640,17.2720,11,1
2017-08-28,2017,3,8,August,Central,Wisconsin,Milwaukee,Office Supplies,Appliances,91.6000,26.5640,5,1
2017-08-28,2017,3,8,August,Central,Wisconsin,Milwaukee,Office Supplies,Supplies,21.8100,5.8887,3,1
2017-08-28,2017,3,8,August,West,Washington,Seattle,Furniture,Tables,1137.7500,250.3050,5,1
2017-08-28,2017,3,8,August,West,Washington,Seattle,Office Supplies,Art,5.5600,1.4456,2,1
2017-08-28,2017,3,8,August,West,Washington,Seattle,Office Supplies,Binders,99.6800,32.3960,5,1
2017-08-28,2017,3,8,August,West,Washington,Seattle,Technology,Phones,35.1680,11.4296,4,1
2017-08-29,2017,3,8,August,Central,Illinois,Quincy,Office Supplies,Binders,3.2400,-5.1840,9,1
2017-08-29,2017,3,8,August,Central,Illinois,Quincy,Office Supplies,Labels,47.3600,17.7600,4,1
2017-08-29,2017,3,8,August,Central,Illinois,Quincy,Office Supplies,Storage,27.4400,2.4010,2,1
2017-08-29,2017,3,8,August,East,Pennsylvania,Philadelphia,Office Supplies,Art,9.4080,0.7056,7,1
2017-08-29,2017,3,8,August,West,California,Los Angeles,Furniture,Furnishings,148.0200,41.4456,3,1
2017-08-31,2017,3,8,August,Central,Indiana,Lawrence,Office Supplies,Appliances,638.7300,166.0698,9,1
2017-08-31,2017,3,8,August,South,Louisiana,Monroe,Technology,Accessories,659.9000,217.7670,2,1
2017-08-31,2017,3,8,August,South,North Carolina,Fayetteville,Office Supplies,Paper,229.5440,83.2097,7,1
2017-08-31,2017,3,8,August,West,Arizona,Tempe,Office Supplies,Fasteners,8.3760,2.7222,3,1
2017-08-31,2017,3,8,August,West,Arizona,Tempe,Office Supplies,Storage,10.7440,0.8058,1,1
2017-08-31,2017,3,8,August,West,California,San Francisco,Office Supplies,Binders,6.6720,2.1684,3,1
2017-08-31,2017,3,8,August,West,California,San Francisco,Office Supplies,Storage,193.9500,9.6975,3,1
2017-08-31,2017,3,8,August,West,California,San Francisco,Technology,Phones,689.4080,77.5584,4,1
2017-08-31,2017,3,8,August,West,Oregon,Salem,Office Supplies,Supplies,6.2080,0.6984,2,1
2017-08-31,2017,3,8,August,West,Washington,Spokane,Furniture,Chairs,569.5680,7.1196,2,1
2017-08-31,2017,3,8,August,West,Washington,Spokane,Office Supplies,Storage,149.7300,43.4217,7,1
2017-09-01,2017,3,9,September,Central,Michigan,Detroit,Furniture,Chairs,498.2600,134.5302,7,1
2017-09-01,2017,3,9,September,East,New York,New York City,Furniture,Furnishings,114.9000,39.0660,5,1
2017-09-01,2017,3,9,September,West,Washington,Redmond,Office Supplies,Binders,22.9200,8.0220,5,1
2017-09-01,2017,3,9,September,West,Washington,Redmond,Technology,Accessories,19.9900,6.7966,1,1
2017-09-01,2017,3,9,September,West,Washington,Seattle,Furniture,Tables,283.5600,45.3696,4,1
2017-09-01,2017,3,9,September,West,Washington,Seattle,Office Supplies,Appliances,314.6000,103.8180,4,1
2017-09-01,2017,3,9,September,West,Washington,Seattle,Office Supplies,Art,7.5800,2.9562,1,1
2017-09-02,2017,3,9,September,Central,Illinois,Chicago,Office Supplies,Appliances,5.5880,-15.0876,2,1
2017-09-02,2017,3,9,September,Central,Illinois,Chicago,Office Supplies,Fasteners,16.0000,5.6000,4,1
2017-09-02,2017,3,9,September,Central,Illinois,Chicago,Office Supplies,Storage,235.9200,-44.2350,5,1
2017-09-02,2017,3,9,September,Central,Illinois,Chicago,Technology,Accessories,40.6800,-7.1190,3,1
2017-09-02,2017,3,9,September,Central,Michigan,Jackson,Office Supplies,Storage,352.3800,81.0474,2,1
2017-09-02,2017,3,9,September,Central,Michigan,Jackson,Technology,Accessories,1928.7800,829.3754,7,1
2017-09-02,2017,3,9,September,Central,Michigan,Jackson,Technology,Phones,1199.8000,323.9460,4,1
2017-09-02,2017,3,9,September,East,Connecticut,Meriden,Office Supplies,Paper,226.7400,110.9724,7,1
2017-09-02,2017,3,9,September,East,Connecticut,Meriden,Office Supplies,Storage,10.9000,2.8340,1,1
2017-09-02,2017,3,9,September,East,New York,New York City,Furniture,Chairs,1282.4100,213.7350,5,1
2017-09-02,2017,3,9,September,East,New York,New York City,Furniture,Furnishings,11.5400,3.4620,2,1
2017-09-02,2017,3,9,September,East,New York,New York City,Furniture,Tables,254.5260,-93.3262,1,1
2017-09-02,2017,3,9,September,East,New York,New York City,Office Supplies,Appliances,12.9800,3.7642,1,1
2017-09-02,2017,3,9,September,East,New York,New York City,Office Supplies,Art,28.0200,8.6820,5,1
2017-09-02,2017,3,9,September,East,New York,New York City,Office Supplies,Binders,26.4320,8.9208,8,1
2017-09-02,2017,3,9,September,East,New York,New York City,Office Supplies,Labels,18.9000,9.0720,6,1
2017-09-02,2017,3,9,September,East,New York,New York City,Office Supplies,Paper,17.1200,7.7040,4,1
2017-09-02,2017,3,9,September,East,New York,New York City,Technology,Accessories,405.9700,78.3928,5,1
2017-09-02,2017,3,9,September,East,New York,New York City,Technology,Phones,197.9700,57.4113,3,1
2017-09-02,2017,3,9,September,East,Ohio,Cleveland,Furniture,Furnishings,15.0720,4.1448,3,1
2017-09-02,2017,3,9,September,East,Pennsylvania,Philadelphia,Office Supplies,Paper,12.1920,4.1148,3,1
2017-09-02,2017,3,9,September,South,Kentucky,Henderson,Office Supplies,Binders,1577.9400,757.4112,3,1
2017-09-02,2017,3,9,September,West,California,Bakersfield,Office Supplies,Art,9.4000,2.7260,5,1
2017-09-02,2017,3,9,September,West,California,Bakersfield,Office Supplies,Labels,74.0000,37.0000,5,1
2017-09-02,2017,3,9,September,West,California,Bakersfield,Technology,Phones,201.5840,12.5990,2,1
2017-09-02,2017,3,9,September,West,California,Los Angeles,Furniture,Furnishings,511.5000,132.9900,5,1
2017-09-02,2017,3,9,September,West,California,Los Angeles,Furniture,Tables,236.5280,-2.9566,2,1
2017-09-02,2017,3,9,September,West,California,Los Angeles,Office Supplies,Appliances,43.1000,11.2060,5,1
2017-09-02,2017,3,9,September,West,California,Los Angeles,Office Supplies,Binders,166.6400,52.7770,10,2
2017-09-02,2017,3,9,September,West,California,San Francisco,Office Supplies,Art,6.5700,1.7739,3,1
2017-09-02,2017,3,9,September,West,Colorado,Fort Collins,Office Supplies,Labels,11.6960,3.9474,2,1
2017-09-02,2017,3,9,September,West,Washington,Seattle,Furniture,Chairs,215.9760,-2.6997,3,1
2017-09-03,2017,3,9,September,Central,Illinois,Chicago,Office Supplies,Binders,42.6160,-68.1856,7,1
2017-09-03,2017,3,9,September,Central,Illinois,Chicago,Office Supplies,Paper,8.9040,3.3390,3,1
2017-09-03,2017,3,9,September,Central,Illinois,Chicago,Technology,Accessories,100.8000,21.4200,2,1
2017-09-03,2017,3,9,September,Central,Texas,Dallas,Furniture,Furnishings,108.4000,-105.6900,5,1
2017-09-03,2017,3,9,September,East,New York,New York City,Furniture,Chairs,272.5650,6.0462,3,1
2017-09-03,2017,3,9,September,East,New York,New York City,Office Supplies,Art,5.5600,2.2240,2,1
2017-09-03,2017,3,9,September,East,New York,New York City,Office Supplies,Paper,419.4000,201.3120,4,1
2017-09-03,2017,3,9,September,South,Florida,Palm Coast,Office Supplies,Envelopes,24.4480,8.8624,4,1
2017-09-03,2017,3,9,September,West,California,Concord,Furniture,Bookcases,239.6660,14.0980,2,1
2017-09-03,2017,3,9,September,West,California,La Mesa,Office Supplies,Binders,82.5600,28.8960,5,1
2017-09-03,2017,3,9,September,West,California,La Mesa,Technology,Accessories,284.9700,85.4910,3,1
2017-09-03,2017,3,9,September,West,California,San Francisco,Office Supplies,Art,5.9600,1.6688,2,1
2017-09-04,2017,3,9,September,Central,Illinois,Chicago,Furniture,Bookcases,825.1740,-117.8820,9,1
2017-09-04,2017,3,9,September,Central,Illinois,Chicago,Office Supplies,Art,6.9120,0.8640,3,1
2017-09-04,2017,3,9,September,Central,Illinois,Chicago,Office Supplies,Paper,17.7600,5.5500,3,1
2017-09-04,2017,3,9,September,Central,Texas,Coppell,Office Supplies,Art,23.3120,6.9570,12,1
2017-09-04,2017,3,9,September,Central,Texas,Coppell,Office Supplies,Storage,16.7840,-0.2098,1,1
2017-09-04,2017,3,9,September,Central,Texas,Garland,Office Supplies,Art,30.3840,3.7980,1,1
2017-09-04,2017,3,9,September,East,New Hampshire,Nashua,Office Supplies,Fasteners,14.8200,6.9654,6,1
2017-09-04,2017,3,9,September,East,New York,Long Beach,Technology,Accessories,91.9600,39.5428,4,1
2017-09-04,2017,3,9,September,East,Ohio,Akron,Office Supplies,Art,8.2560,0.6192,4,1
2017-09-04,2017,3,9,September,East,Ohio,Akron,Office Supplies,Binders,29.9280,-23.5056,7,1
2017-09-04,2017,3,9,September,East,Ohio,Akron,Office Supplies,Paper,11.5200,3.7440,4,1
2017-09-04,2017,3,9,September,East,Pennsylvania,Philadelphia,Technology,Accessories,19.0400,-1.4280,4,1
2017-09-04,2017,3,9,September,South,Florida,Boynton Beach,Furniture,Chairs,97.1840,6.0740,2,1
2017-09-04,2017,3,9,September,South,Florida,Boynton Beach,Office Supplies,Paper,10.3680,3.6288,2,1
2017-09-04,2017,3,9,September,West,California,Apple Valley,Office Supplies,Paper,12.9600,6.2208,2,1
2017-09-04,2017,3,9,September,West,California,Apple Valley,Technology,Phones,43.1760,15.1116,3,1
2017-09-04,2017,3,9,September,West,California,Los Angeles,Furniture,Tables,1322.3520,-99.1764,3,1
2017-09-04,2017,3,9,September,West,California,Los Angeles,Office Supplies,Binders,487.9840,152.4950,2,1
2017-09-04,2017,3,9,September,West,California,Los Angeles,Office Supplies,Storage,272.1700,65.8982,9,2
2017-09-04,2017,3,9,September,West,California,Los Angeles,Technology,Phones,5.5600,1.7375,1,1
2017-09-04,2017,3,9,September,West,California,Oakland,Office Supplies,Binders,11.8080,4.1328,3,1
2017-09-04,2017,3,9,September,West,California,San Francisco,Furniture,Tables,1478.2720,92.3920,8,1
2017-09-04,2017,3,9,September,West,California,San Francisco,Office Supplies,Binders,13.3440,4.3368,6,1
2017-09-04,2017,3,9,September,West,California,Santa Ana,Office Supplies,Storage,421.1000,105.2750,2,1
2017-09-04,2017,3,9,September,West,Oregon,Redmond,Office Supplies,Binders,88.0740,-58.7160,7,1
2017-09-05,2017,3,9,September,South,Florida,Fort Lauderdale,Office Supplies,Storage,147.1840,-29.4368,2,1
2017-09-05,2017,3,9,September,South,Tennessee,Knoxville,Office Supplies,Art,71.9600,7.1960,5,1
2017-09-05,2017,3,9,September,South,Tennessee,Knoxville,Office Supplies,Paper,15.5520,5.4432,3,1
2017-09-05,2017,3,9,September,South,Tennessee,Knoxville,Technology,Accessories,89.5680,-1.1196,4,1
2017-09-05,2017,3,9,September,West,Washington,Seattle,Office Supplies,Art,2.7800,0.7228,1,1
2017-09-07,2017,3,9,September,Central,Illinois,Chicago,Office Supplies,Paper,73.0080,26.4654,9,1
2017-09-07,2017,3,9,September,Central,Missouri,Independence,Office Supplies,Binders,1577.9400,757.4112,3,1
2017-09-07,2017,3,9,September,Central,Missouri,Saint Charles,Furniture,Furnishings,135.3000,37.8840,5,1
2017-09-07,2017,3,9,September,Central,Missouri,Saint Charles,Technology,Accessories,113.5200,46.5432,4,1
2017-09-07,2017,3,9,September,Central,Wisconsin,Milwaukee,Technology,Accessories,13.4800,1.8872,1,1
2017-09-07,2017,3,9,September,East,New York,New York City,Office Supplies,Storage,478.0800,133.8624,8,1
2017-09-07,2017,3,9,September,East,Pennsylvania,Philadelphia,Office Supplies,Envelopes,4.8960,1.6524,3,1
2017-09-07,2017,3,9,September,East,Pennsylvania,Philadelphia,Office Supplies,Labels,29.2400,9.8685,5,1
2017-09-07,2017,3,9,September,East,Pennsylvania,Philadelphia,Office Supplies,Paper,15.5520,5.4432,3,1
2017-09-07,2017,3,9,September,East,Rhode Island,Providence,Office Supplies,Paper,56.8600,26.5552,7,1
2017-09-07,2017,3,9,September,South,Tennessee,Nashville,Office Supplies,Appliances,81.5680,7.1372,2,1
2017-09-07,2017,3,9,September,West,Arizona,Phoenix,Office Supplies,Binders,7.8570,-6.0237,3,1
2017-09-07,2017,3,9,September,West,California,Los Angeles,Furniture,Furnishings,67.7000,10.6962,7,2
2017-09-07,2017,3,9,September,West,California,Modesto,Furniture,Chairs,161.5680,-28.2744,2,1
2017-09-07,2017,3,9,September,West,Oregon,Portland,Office Supplies,Storage,37.6800,2.3550,3,1
2017-09-07,2017,3,9,September,West,Oregon,Portland,Technology,Accessories,279.9440,80.4839,7,1
2017-09-07,2017,3,9,September,West,Utah,Draper,Furniture,Furnishings,25.1600,10.5672,2,1
2017-09-07,2017,3,9,September,West,Utah,Draper,Technology,Phones,126.5600,47.4600,4,1
2017-09-07,2017,3,9,September,West,Washington,Edmonds,Furniture,Furnishings,80.9600,34.8128,4,1
2017-09-07,2017,3,9,September,West,Washington,Edmonds,Office Supplies,Art,25.9800,7.2744,1,1
2017-09-07,2017,3,9,September,West,Washington,Edmonds,Technology,Phones,455.7120,34.1784,2,1
2017-09-08,2017,3,9,September,Central,Illinois,Chicago,Furniture,Tables,765.6250,-566.5625,7,1
2017-09-08,2017,3,9,September,Central,Texas,Arlington,Furniture,Chairs,213.4300,-39.6370,5,1
2017-09-08,2017,3,9,September,Central,Texas,Arlington,Furniture,Furnishings,21.1840,-11.6512,2,1
2017-09-08,2017,3,9,September,Central,Texas,Arlington,Office Supplies,Binders,42.6160,-68.1856,7,1
2017-09-08,2017,3,9,September,Central,Texas,Arlington,Office Supplies,Fasteners,45.9200,15.4980,5,1
2017-09-08,2017,3,9,September,Central,Texas,Arlington,Office Supplies,Paper,20.7360,7.2576,4,1
2017-09-08,2017,3,9,September,Central,Texas,Arlington,Technology,Copiers,319.9840,107.9946,2,1
2017-09-08,2017,3,9,September,Central,Texas,Houston,Technology,Accessories,85.2000,20.2350,6,1
2017-09-08,2017,3,9,September,East,New York,New York City,Office Supplies,Storage,65.1200,16.9312,4,1
2017-09-08,2017,3,9,September,East,Ohio,Dublin,Technology,Accessories,9.0960,1.7055,1,1
2017-09-08,2017,3,9,September,East,Ohio,Marion,Technology,Accessories,116.8320,33.5892,4,1
2017-09-08,2017,3,9,September,East,Pennsylvania,Philadelphia,Technology,Phones,258.5280,-47.3968,2,1
2017-09-08,2017,3,9,September,South,Florida,Hialeah,Office Supplies,Storage,61.6800,5.3970,5,1
2017-09-08,2017,3,9,September,South,Florida,Hialeah,Technology,Phones,158.3760,13.8579,3,1
2017-09-09,2017,3,9,September,Central,Michigan,Roseville,Office Supplies,Envelopes,17.4800,8.2156,2,1
2017-09-09,2017,3,9,September,Central,Texas,Plano,Office Supplies,Labels,9.8560,3.4496,4,1
2017-09-09,2017,3,9,September,East,Ohio,Cleveland,Furniture,Furnishings,66.1120,-9.0904,2,1
2017-09-09,2017,3,9,September,East,Ohio,Cleveland,Office Supplies,Art,25.9200,3.8880,5,1
2017-09-09,2017,3,9,September,East,Ohio,Toledo,Office Supplies,Binders,11.1180,-8.7790,5,1
2017-09-09,2017,3,9,September,East,Ohio,Toledo,Office Supplies,Labels,17.7120,5.9778,6,1
2017-09-09,2017,3,9,September,East,Pennsylvania,Philadelphia,Furniture,Chairs,141.3720,-48.4704,2,1
2017-09-09,2017,3,9,September,East,Pennsylvania,Philadelphia,Furniture,Furnishings,17.0240,1.7024,2,1
2017-09-09,2017,3,9,September,East,Pennsylvania,Philadelphia,Office Supplies,Art,4.6720,1.5768,1,1
2017-09-09,2017,3,9,September,East,Pennsylvania,Philadelphia,Office Supplies,Binders,7.5390,-5.9300,3,1
2017-09-09,2017,3,9,September,East,Pennsylvania,Philadelphia,Technology,Accessories,354.5760,93.4380,6,1
2017-09-09,2017,3,9,September,East,Pennsylvania,Philadelphia,Technology,Phones,1931.9580,-386.3916,7,1
2017-09-09,2017,3,9,September,South,South Carolina,Florence,Office Supplies,Storage,685.2600,27.2532,12,1
2017-09-09,2017,3,9,September,South,Tennessee,Columbia,Furniture,Furnishings,14.1360,4.2408,3,1
2017-09-09,2017,3,9,September,South,Tennessee,Columbia,Office Supplies,Paper,177.5360,62.1376,4,1
2017-09-09,2017,3,9,September,South,Tennessee,Columbia,Office Supplies,Storage,258.4800,-3.2310,2,1
2017-09-09,2017,3,9,September,South,Tennessee,Columbia,Office Supplies,Supplies,8.8320,-1.9872,3,1
2017-09-09,2017,3,9,September,West,Arizona,Glendale,Office Supplies,Paper,6.3680,2.3880,2,1
2017-09-09,2017,3,9,September,West,California,Los Angeles,Furniture,Chairs,243.9200,-15.2450,5,1
2017-09-09,2017,3,9,September,West,California,Los Angeles,Office Supplies,Art,6.5600,1.9024,2,1
2017-09-09,2017,3,9,September,West,California,Los Angeles,Office Supplies,Paper,47.5200,22.8096,9,1
2017-09-09,2017,3,9,September,West,California,Los Angeles,Office Supplies,Storage,99.8700,23.9688,3,1
2017-09-09,2017,3,9,September,West,California,Los Angeles,Technology,Accessories,159.9600,51.1872,4,1
2017-09-09,2017,3,9,September,West,Oregon,Portland,Office Supplies,Appliances,11.1760,0.8382,1,1
2017-09-09,2017,3,9,September,West,Oregon,Portland,Office Supplies,Paper,31.1040,11.2752,6,1
2017-09-10,2017,3,9,September,Central,Illinois,Chicago,Office Supplies,Binders,762.5940,-1143.8910,3,1
2017-09-10,2017,3,9,September,Central,Illinois,Naperville,Technology,Phones,147.1680,16.5564,4,1
2017-09-10,2017,3,9,September,Central,Missouri,Springfield,Office Supplies,Appliances,58.1700,21.8697,5,1
2017-09-10,2017,3,9,September,Central,Missouri,Springfield,Office Supplies,Binders,29.9100,14.3568,6,1
2017-09-10,2017,3,9,September,Central,Missouri,Springfield,Office Supplies,Paper,24.9000,11.7030,5,1
2017-09-10,2017,3,9,September,Central,Missouri,Springfield,Office Supplies,Storage,286.2900,17.1774,3,1
2017-09-10,2017,3,9,September,Central,Missouri,Springfield,Technology,Accessories,409.6500,60.2010,11,1
2017-09-10,2017,3,9,September,East,Massachusetts,Lawrence,Office Supplies,Art,14.8800,3.7200,2,1
2017-09-10,2017,3,9,September,East,New York,New York City,Office Supplies,Paper,18.7600,9.0048,2,1
2017-09-10,2017,3,9,September,East,Ohio,Akron,Office Supplies,Paper,85.0560,28.7064,3,1
2017-09-10,2017,3,9,September,East,Ohio,Springfield,Technology,Accessories,37.0560,8.8008,4,1
2017-09-10,2017,3,9,September,East,Ohio,Springfield,Technology,Phones,259.8960,-56.3108,2,1
2017-09-10,2017,3,9,September,South,Georgia,Atlanta,Office Supplies,Binders,2.7800,1.3622,1,1
2017-09-10,2017,3,9,September,West,California,Los Angeles,Furniture,Chairs,362.3520,27.1764,3,1
2017-09-10,2017,3,9,September,West,California,Los Angeles,Office Supplies,Binders,7.1840,2.2450,2,1
2017-09-11,2017,3,9,September,Central,Illinois,Chicago,Office Supplies,Fasteners,10.5280,3.2900,4,1
2017-09-11,2017,3,9,September,Central,Illinois,Chicago,Office Supplies,Paper,20.5440,6.4200,6,1
2017-09-11,2017,3,9,September,Central,Texas,Houston,Furniture,Tables,512.1900,-65.8530,5,1
2017-09-11,2017,3,9,September,Central,Texas,Houston,Office Supplies,Appliances,1.5560,-4.2012,2,1
2017-09-11,2017,3,9,September,Central,Texas,Houston,Office Supplies,Paper,10.2720,3.2100,3,1
2017-09-11,2017,3,9,September,South,Florida,Jacksonville,Furniture,Furnishings,34.5040,6.0382,1,1
2017-09-11,2017,3,9,September,South,Georgia,Columbus,Office Supplies,Paper,184.6600,84.9436,7,1
2017-09-11,2017,3,9,September,South,Kentucky,Georgetown,Office Supplies,Appliances,195.6800,50.8768,4,1
2017-09-11,2017,3,9,September,South,Kentucky,Georgetown,Office Supplies,Fasteners,14.2000,6.6740,4,1
2017-09-11,2017,3,9,September,South,Virginia,Richmond,Office Supplies,Appliances,67.9000,20.3700,5,1
2017-09-11,2017,3,9,September,West,California,Long Beach,Furniture,Chairs,2054.2720,256.7840,8,1
2017-09-11,2017,3,9,September,West,California,Long Beach,Office Supplies,Envelopes,22.1800,10.8682,2,1
2017-09-11,2017,3,9,September,West,California,Long Beach,Office Supplies,Paper,12.9600,6.2208,2,1
2017-09-11,2017,3,9,September,West,California,San Francisco,Furniture,Furnishings,32.3600,11.6496,4,1
2017-09-11,2017,3,9,September,West,California,San Francisco,Office Supplies,Appliances,406.6000,113.8480,5,1
2017-09-11,2017,3,9,September,West,California,Santa Ana,Office Supplies,Paper,19.4400,9.3312,3,1
2017-09-11,2017,3,9,September,West,California,Santa Ana,Technology,Phones,143.9520,17.9940,6,1
2017-09-11,2017,3,9,September,West,Washington,Seattle,Furniture,Chairs,177.5680,8.8784,2,1
2017-09-11,2017,3,9,September,West,Washington,Seattle,Office Supplies,Binders,1471.9600,459.9875,5,1
2017-09-11,2017,3,9,September,West,Washington,Seattle,Office Supplies,Paper,90.7200,43.5456,14,1
2017-09-11,2017,3,9,September,West,Washington,Seattle,Technology,Phones,79.9600,-17.9910,5,1
2017-09-12,2017,3,9,September,East,Maryland,Baltimore,Office Supplies,Appliances,90.8600,26.3494,7,1
2017-09-12,2017,3,9,September,East,Maryland,Baltimore,Office Supplies,Paper,134.7500,65.4780,10,1
2017-09-12,2017,3,9,September,East,Rhode Island,Woonsocket,Office Supplies,Binders,45.7800,22.8900,3,1
2017-09-12,2017,3,9,September,East,Rhode Island,Woonsocket,Office Supplies,Paper,45.3600,21.7728,7,1
2017-09-12,2017,3,9,September,West,California,Los Angeles,Furniture,Furnishings,8.3600,3.0096,2,1
2017-09-12,2017,3,9,September,West,California,Los Angeles,Office Supplies,Paper,166.4400,79.8912,3,1
2017-09-13,2017,3,9,September,South,North Carolina,Asheville,Office Supplies,Art,15.9200,2.7860,5,1
2017-09-14,2017,3,9,September,Central,Michigan,Jackson,Office Supplies,Paper,19.0500,8.7630,3,1
2017-09-14,2017,3,9,September,East,New Jersey,Orange,Office Supplies,Art,70.9500,18.4470,3,1
2017-09-14,2017,3,9,September,East,New York,New York City,Furniture,Chairs,589.4100,-6.5490,5,1
2017-09-14,2017,3,9,September,East,New York,New York City,Office Supplies,Art,29.9500,8.6855,5,1
2017-09-14,2017,3,9,September,East,New York,New York City,Office Supplies,Paper,20.1200,9.5164,4,1
2017-09-14,2017,3,9,September,East,New York,New York City,Office Supplies,Storage,70.9800,3.5490,1,1
2017-09-14,2017,3,9,September,East,New York,New York City,Technology,Phones,1079.8500,323.9550,3,1
2017-09-14,2017,3,9,September,East,Ohio,Springfield,Technology,Accessories,895.9440,190.3881,7,1
2017-09-14,2017,3,9,September,East,Pennsylvania,Philadelphia,Furniture,Chairs,113.3720,-29.1528,2,1
2017-09-14,2017,3,9,September,East,Pennsylvania,Philadelphia,Furniture,Furnishings,127.9360,4.7976,8,1
2017-09-14,2017,3,9,September,East,Pennsylvania,Philadelphia,Office Supplies,Binders,22.1940,-14.7960,6,1
2017-09-14,2017,3,9,September,East,Pennsylvania,Philadelphia,Technology,Machines,253.7550,-186.8575,3,1
2017-09-14,2017,3,9,September,South,North Carolina,Raleigh,Office Supplies,Appliances,942.7840,94.2784,4,1
2017-09-14,2017,3,9,September,South,North Carolina,Raleigh,Office Supplies,Paper,74.3520,23.2350,3,1
2017-09-14,2017,3,9,September,West,California,Los Angeles,Office Supplies,Labels,56.7000,26.0820,9,1
2017-09-15,2017,3,9,September,Central,Illinois,Chicago,Technology,Phones,323.9760,20.2485,3,1
2017-09-15,2017,3,9,September,Central,Texas,Houston,Office Supplies,Art,31.7440,8.3328,2,1
2017-09-15,2017,3,9,September,Central,Texas,Houston,Office Supplies,Paper,31.8720,11.5536,8,1
2017-09-15,2017,3,9,September,East,Connecticut,Waterbury,Office Supplies,Storage,38.6200,10.8136,2,1
2017-09-15,2017,3,9,September,East,Connecticut,Waterbury,Technology,Accessories,59.9800,10.7964,2,1
2017-09-15,2017,3,9,September,East,Massachusetts,Everett,Furniture,Bookcases,782.9400,203.5644,3,1
2017-09-15,2017,3,9,September,East,Massachusetts,Everett,Office Supplies,Art,16.2800,6.5120,2,1
2017-09-15,2017,3,9,September,East,Massachusetts,Everett,Office Supplies,Binders,242.4800,116.3904,7,1
2017-09-15,2017,3,9,September,East,Massachusetts,Everett,Technology,Phones,39.9900,11.5971,1,1
2017-09-15,2017,3,9,September,East,New Jersey,Lakewood,Furniture,Chairs,512.9600,143.6288,4,1
2017-09-15,2017,3,9,September,East,New Jersey,Lakewood,Furniture,Furnishings,47.4000,18.9600,5,1
2017-09-15,2017,3,9,September,East,New Jersey,Lakewood,Office Supplies,Storage,81.9600,0.0000,2,1
2017-09-15,2017,3,9,September,East,New Jersey,Lakewood,Technology,Phones,395.9400,102.9444,6,1
2017-09-15,2017,3,9,September,East,New York,New York City,Furniture,Furnishings,35.5600,12.0904,7,1
2017-09-15,2017,3,9,September,South,Tennessee,Lebanon,Office Supplies,Paper,163.9600,59.4355,5,1
2017-09-15,2017,3,9,September,West,California,Los Angeles,Furniture,Chairs,184.7520,-20.7846,3,1
2017-09-15,2017,3,9,September,West,California,Los Angeles,Office Supplies,Binders,2357.4880,884.0580,7,1
2017-09-15,2017,3,9,September,West,California,Los Angeles,Technology,Phones,369.5440,32.3351,7,1
2017-09-15,2017,3,9,September,West,California,San Francisco,Furniture,Chairs,218.3520,0.0000,3,1
2017-09-15,2017,3,9,September,West,California,San Francisco,Furniture,Furnishings,529.9000,105.9800,5,1
2017-09-15,2017,3,9,September,West,California,San Francisco,Furniture,Tables,300.9040,11.2839,1,1
2017-09-15,2017,3,9,September,West,California,San Francisco,Office Supplies,Appliances,108.9600,30.5088,2,1
2017-09-15,2017,3,9,September,West,California,San Francisco,Office Supplies,Art,99.3000,41.7060,10,1
2017-09-15,2017,3,9,September,West,California,San Francisco,Office Supplies,Binders,2.6880,0.8400,1,1
2017-09-15,2017,3,9,September,West,Utah,Salt Lake City,Office Supplies,Binders,295.0560,106.9578,9,1
2017-09-15,2017,3,9,September,West,Washington,Seattle,Office Supplies,Art,12.4200,5.2164,3,1
2017-09-16,2017,3,9,September,Central,Texas,Austin,Office Supplies,Envelopes,17.5680,6.3684,2,1
2017-09-16,2017,3,9,September,Central,Texas,Austin,Technology,Phones,55.9920,5.5992,1,1
2017-09-16,2017,3,9,September,East,Pennsylvania,Philadelphia,Furniture,Furnishings,22.5120,2.2512,3,1
2017-09-16,2017,3,9,September,East,Pennsylvania,Philadelphia,Office Supplies,Binders,541.6380,-415.3706,4,1
2017-09-16,2017,3,9,September,East,Pennsylvania,Philadelphia,Office Supplies,Paper,41.2800,13.6776,10,2
2017-09-16,2017,3,9,September,East,Pennsylvania,Philadelphia,Technology,Accessories,119.9600,34.1886,5,1
2017-09-16,2017,3,9,September,South,Kentucky,Florence,Technology,Accessories,18.0000,3.2400,1,1
2017-09-16,2017,3,9,September,West,California,Inglewood,Office Supplies,Art,5.9800,1.5548,1,1
2017-09-16,2017,3,9,September,West,California,Inglewood,Office Supplies,Paper,8.8200,4.0572,2,1
2017-09-16,2017,3,9,September,West,California,San Francisco,Office Supplies,Fasteners,17.9000,8.7710,5,1
2017-09-17,2017,3,9,September,Central,Texas,Houston,Furniture,Chairs,318.4300,-77.3330,5,1
2017-09-17,2017,3,9,September,Central,Texas,Houston,Office Supplies,Art,9.9120,3.2214,3,1
2017-09-17,2017,3,9,September,Central,Texas,Houston,Office Supplies,Binders,5.8000,-10.1500,5,1
2017-09-17,2017,3,9,September,Central,Texas,Houston,Technology,Phones,1415.7600,88.4850,6,1
2017-09-17,2017,3,9,September,East,New Jersey,Morristown,Office Supplies,Storage,34.0500,9.5340,3,1
2017-09-17,2017,3,9,September,East,New Jersey,Morristown,Technology,Machines,480.0000,225.6000,4,1
2017-09-17,2017,3,9,September,South,Georgia,Roswell,Furniture,Chairs,723.9200,188.2192,4,1
2017-09-17,2017,3,9,September,South,Georgia,Roswell,Office Supplies,Paper,106.3200,49.9704,3,1
2017-09-17,2017,3,9,September,West,Idaho,Boise,Technology,Accessories,89.9700,37.7874,3,1
2017-09-17,2017,3,9,September,West,Utah,Provo,Furniture,Bookcases,1292.9400,77.5764,3,1
2017-09-17,2017,3,9,September,West,Utah,Provo,Office Supplies,Binders,48.1440,16.7283,8,1
2017-09-17,2017,3,9,September,West,Utah,Provo,Office Supplies,Labels,14.4000,7.0560,5,1
2017-09-17,2017,3,9,September,West,Utah,Provo,Office Supplies,Paper,164.8800,80.7912,3,1
2017-09-17,2017,3,9,September,West,Utah,Provo,Office Supplies,Storage,261.7400,65.4350,2,1
2017-09-17,2017,3,9,September,West,Washington,Seattle,Office Supplies,Paper,12.9600,6.3504,2,1
2017-09-18,2017,3,9,September,Central,Nebraska,Grand Island,Office Supplies,Paper,15.9600,7.9800,2,1
2017-09-18,2017,3,9,September,Central,Texas,Arlington,Office Supplies,Art,8.9280,0.5580,2,1
2017-09-18,2017,3,9,September,Central,Texas,Arlington,Office Supplies,Storage,47.5840,-2.9740,2,1
2017-09-18,2017,3,9,September,Central,Texas,Dallas,Office Supplies,Envelopes,114.8480,35.8900,4,1
2017-09-18,2017,3,9,September,Central,Wisconsin,Green Bay,Office Supplies,Paper,22.7200,10.2240,4,1
2017-09-18,2017,3,9,September,East,New York,New York City,Furniture,Furnishings,9.8200,3.2406,2,1
2017-09-18,2017,3,9,September,East,New York,New York City,Office Supplies,Paper,19.4400,9.3312,3,1
2017-09-18,2017,3,9,September,South,Georgia,Columbus,Furniture,Furnishings,20.3200,6.9088,4,1
2017-09-18,2017,3,9,September,South,Georgia,Columbus,Office Supplies,Art,113.9400,34.1820,3,1
2017-09-18,2017,3,9,September,South,Georgia,Columbus,Office Supplies,Paper,321.4300,151.8409,16,1
2017-09-18,2017,3,9,September,South,Georgia,Columbus,Office Supplies,Supplies,34.4800,9.9992,2,1
2017-09-18,2017,3,9,September,South,Georgia,Columbus,Technology,Phones,507.6600,146.2646,10,1
2017-09-18,2017,3,9,September,West,California,San Francisco,Office Supplies,Art,8.8200,2.3814,3,1
2017-09-18,2017,3,9,September,West,California,San Francisco,Office Supplies,Envelopes,10.8600,5.1042,3,1
2017-09-18,2017,3,9,September,West,California,San Francisco,Office Supplies,Paper,143.7000,68.9760,3,1
2017-09-18,2017,3,9,September,West,New Mexico,Clovis,Office Supplies,Binders,10.0800,3.5280,7,1
2017-09-18,2017,3,9,September,West,New Mexico,Clovis,Technology,Accessories,101.3400,8.1072,3,1
2017-09-19,2017,3,9,September,East,New York,New York City,Office Supplies,Paper,32.4000,15.5520,5,1
2017-09-19,2017,3,9,September,East,Pennsylvania,Philadelphia,Office Supplies,Binders,4.8420,-3.3894,3,1
2017-09-19,2017,3,9,September,South,Florida,Melbourne,Office Supplies,Storage,95.6160,9.5616,2,1
2017-09-19,2017,3,9,September,South,Georgia,Columbus,Office Supplies,Art,35.4000,13.4520,5,1
2017-09-19,2017,3,9,September,West,Arizona,Phoenix,Office Supplies,Binders,18.1800,-13.9380,4,1
2017-09-19,2017,3,9,September,West,Arizona,Phoenix,Office Supplies,Storage,12.6240,-2.5248,2,1
2017-09-19,2017,3,9,September,West,Arizona,Phoenix,Technology,Accessories,89.5840,4.4792,2,1
2017-09-19,2017,3,9,September,West,Arizona,Phoenix,Technology,Phones,471.9200,29.4950,2,1
2017-09-19,2017,3,9,September,West,California,Los Angeles,Office Supplies,Art,40.0600,10.9178,5,1
2017-09-19,2017,3,9,September,West,California,Los Angeles,Technology,Accessories,149.9500,31.4895,5,1
2017-09-19,2017,3,9,September,West,Oregon,Springfield,Furniture,Bookcases,72.5880,-128.2388,2,1
2017-09-19,2017,3,9,September,West,Oregon,Springfield,Furniture,Furnishings,409.2160,61.3824,8,1
2017-09-19,2017,3,9,September,West,Oregon,Springfield,Office Supplies,Art,23.8320,6.5538,3,1
2017-09-19,2017,3,9,September,West,Oregon,Springfield,Technology,Phones,191.9760,19.1976,3,1
2017-09-20,2017,3,9,September,East,New York,New York City,Furniture,Chairs,5496.1740,1011.7262,20,1
2017-09-20,2017,3,9,September,East,New York,New York City,Office Supplies,Binders,11.7840,3.9771,3,1
2017-09-20,2017,3,9,September,East,New York,New York City,Office Supplies,Fasteners,4.3600,1.7876,2,1
2017-09-20,2017,3,9,September,East,New York,New York City,Office Supplies,Paper,52.2800,24.4340,11,1
2017-09-20,2017,3,9,September,East,New York,New York City,Office Supplies,Storage,45.4000,12.7120,4,1
2017-09-20,2017,3,9,September,East,New York,New York City,Technology,Accessories,345.4100,137.9418,7,1
2017-09-20,2017,3,9,September,East,New York,New York City,Technology,Phones,1404.5100,379.2177,5,1
2017-09-21,2017,3,9,September,Central,Minnesota,Rochester,Office Supplies,Binders,20.1600,9.8784,7,1
2017-09-21,2017,3,9,September,East,Pennsylvania,Philadelphia,Office Supplies,Binders,1.9080,-1.5264,2,1
2017-09-21,2017,3,9,September,South,Florida,Miami,Office Supplies,Binders,12.2940,-8.6058,1,1
2017-09-21,2017,3,9,September,South,Georgia,Columbus,Office Supplies,Appliances,80.4800,24.1440,1,1
2017-09-21,2017,3,9,September,West,California,Los Angeles,Office Supplies,Storage,15.5100,3.8775,1,1
2017-09-21,2017,3,9,September,West,California,San Francisco,Office Supplies,Paper,55.8600,27.9300,7,1
2017-09-21,2017,3,9,September,West,Washington,Seattle,Technology,Accessories,151.9600,41.5092,4,1
2017-09-22,2017,3,9,September,Central,Michigan,Lansing,Furniture,Bookcases,241.9600,41.1332,2,1
2017-09-22,2017,3,9,September,Central,Michigan,Lansing,Office Supplies,Labels,27.7200,13.3056,9,1
2017-09-22,2017,3,9,September,Central,Texas,Pearland,Office Supplies,Binders,11.2280,-18.5262,7,1
2017-09-22,2017,3,9,September,Central,Texas,Pearland,Office Supplies,Envelopes,13.3920,5.0220,3,1
2017-09-22,2017,3,9,September,Central,Wisconsin,Milwaukee,Office Supplies,Binders,33.0400,15.5288,8,1
2017-09-22,2017,3,9,September,Central,Wisconsin,Milwaukee,Office Supplies,Paper,219.8400,107.7216,4,1
2017-09-22,2017,3,9,September,Central,Wisconsin,Milwaukee,Technology,Accessories,98.1600,9.8160,6,1
2017-09-22,2017,3,9,September,Central,Wisconsin,Milwaukee,Technology,Phones,86.9700,25.2213,3,1
2017-09-22,2017,3,9,September,East,Delaware,Wilmington,Technology,Phones,391.9800,113.6742,2,1
2017-09-22,2017,3,9,September,East,New Hampshire,Concord,Office Supplies,Storage,67.4000,17.5240,5,1
2017-09-22,2017,3,9,September,East,New York,New York City,Furniture,Furnishings,12.0700,3.9831,1,1
2017-09-22,2017,3,9,September,East,New York,New York City,Office Supplies,Binders,40.1760,14.5638,3,1
2017-09-22,2017,3,9,September,East,New York,New York City,Technology,Accessories,1071.0000,171.3600,9,1
2017-09-22,2017,3,9,September,East,Pennsylvania,Philadelphia,Office Supplies,Binders,5.6070,-4.2987,1,1
2017-09-22,2017,3,9,September,East,Pennsylvania,Philadelphia,Office Supplies,Supplies,4663.7360,-1049.3406,7,1
2017-09-22,2017,3,9,September,East,Pennsylvania,Philadelphia,Technology,Accessories,79.9840,22.9954,2,1
2017-09-22,2017,3,9,September,South,Arkansas,Fayetteville,Office Supplies,Binders,691.9600,318.3016,4,1
2017-09-22,2017,3,9,September,South,Arkansas,Fayetteville,Technology,Accessories,34.9500,15.3780,5,1
2017-09-22,2017,3,9,September,South,Georgia,Smyrna,Office Supplies,Art,17.9400,6.4584,3,1
2017-09-22,2017,3,9,September,South,Georgia,Smyrna,Office Supplies,Paper,12.9600,6.2208,2,1
2017-09-22,2017,3,9,September,West,California,Santa Ana,Office Supplies,Supplies,21.9600,6.1488,2,1
2017-09-22,2017,3,9,September,West,New Mexico,Albuquerque,Office Supplies,Paper,27.1800,12.2310,3,1
2017-09-23,2017,3,9,September,Central,Illinois,Chicago,Office Supplies,Appliances,73.1760,-197.5752,6,1
2017-09-23,2017,3,9,September,Central,Illinois,Chicago,Office Supplies,Paper,20.7360,7.2576,4,1
2017-09-23,2017,3,9,September,Central,Illinois,Chicago,Technology,Phones,39.9840,-8.9964,2,1
2017-09-23,2017,3,9,September,Central,Oklahoma,Tulsa,Technology,Accessories,291.9600,102.1860,4,1
2017-09-23,2017,3,9,September,Central,Texas,Lubbock,Office Supplies,Paper,9.2480,3.3524,2,1
2017-09-23,2017,3,9,September,South,Arkansas,Pine Bluff,Office Supplies,Paper,12.9600,6.2208,2,1
2017-09-23,2017,3,9,September,South,Arkansas,Pine Bluff,Technology,Accessories,199.9500,63.9840,5,1
2017-09-23,2017,3,9,September,South,Florida,Miami,Office Supplies,Paper,251.6400,88.0740,3,1
2017-09-23,2017,3,9,September,West,California,Los Angeles,Furniture,Chairs,594.8160,59.4816,2,1
2017-09-23,2017,3,9,September,West,California,Los Angeles,Office Supplies,Binders,72.9600,23.7120,3,1
2017-09-23,2017,3,9,September,West,California,Los Angeles,Office Supplies,Paper,211.0400,97.0784,8,1
2017-09-23,2017,3,9,September,West,California,San Francisco,Office Supplies,Appliances,160.9600,48.2880,2,1
2017-09-23,2017,3,9,September,West,California,San Francisco,Office Supplies,Binders,25.8240,9.0384,6,1
2017-09-23,2017,3,9,September,West,Colorado,Fort Collins,Furniture,Bookcases,180.5880,-240.7840,2,1
2017-09-23,2017,3,9,September,West,Colorado,Fort Collins,Office Supplies,Envelopes,14.3520,5.2026,3,1
2017-09-23,2017,3,9,September,West,Colorado,Fort Collins,Technology,Accessories,47.9840,0.5998,2,1
2017-09-23,2017,3,9,September,West,Colorado,Louisville,Furniture,Furnishings,29.3280,3.6660,3,1
2017-09-23,2017,3,9,September,West,Washington,Seattle,Office Supplies,Appliances,119.9600,33.5888,2,1
2017-09-23,2017,3,9,September,West,Washington,Seattle,Office Supplies,Binders,6.8800,2.3220,1,1
2017-09-23,2017,3,9,September,West,Washington,Seattle,Office Supplies,Storage,31.4400,8.4888,3,1
2017-09-24,2017,3,9,September,Central,Illinois,Chicago,Furniture,Chairs,520.4640,-14.8704,2,1
2017-09-24,2017,3,9,September,Central,Illinois,Chicago,Office Supplies,Paper,11.4240,3.7128,3,1
2017-09-24,2017,3,9,September,Central,Minnesota,Saint Cloud,Furniture,Chairs,603.9200,181.1760,4,1
2017-09-24,2017,3,9,September,Central,Minnesota,Saint Cloud,Technology,Accessories,727.9000,288.4380,9,1
2017-09-24,2017,3,9,September,East,Massachusetts,Lawrence,Technology,Phones,829.8300,241.1094,5,1
2017-09-24,2017,3,9,September,East,Ohio,Lancaster,Technology,Phones,1169.6940,-253.4337,3,1
2017-09-24,2017,3,9,September,East,Ohio,Newark,Furniture,Furnishings,103.0560,24.4758,3,1
2017-09-24,2017,3,9,September,South,Florida,Hollywood,Office Supplies,Binders,15.5700,-11.4180,3,1
2017-09-24,2017,3,9,September,South,Florida,Hollywood,Technology,Phones,383.9600,38.3960,5,1
2017-09-24,2017,3,9,September,South,Florida,Miami,Office Supplies,Labels,235.9440,85.5297,3,1
2017-09-24,2017,3,9,September,South,Florida,Miami,Technology,Accessories,17.8800,2.4585,3,1
2017-09-24,2017,3,9,September,South,Georgia,Columbus,Office Supplies,Binders,38.7100,17.8066,7,1
2017-09-24,2017,3,9,September,South,Georgia,Columbus,Office Supplies,Storage,40.2900,10.0725,3,1
2017-09-24,2017,3,9,September,South,Georgia,Sandy Springs,Office Supplies,Art,27.0000,8.6736,7,1
2017-09-24,2017,3,9,September,South,Georgia,Sandy Springs,Office Supplies,Labels,15.7500,7.5600,5,1
2017-09-24,2017,3,9,September,South,Georgia,Sandy Springs,Office Supplies,Storage,15.5100,3.8775,1,1
2017-09-24,2017,3,9,September,South,Georgia,Sandy Springs,Technology,Phones,89.9000,25.1720,2,1
2017-09-24,2017,3,9,September,West,California,Los Angeles,Technology,Machines,506.2800,177.1980,3,1
2017-09-24,2017,3,9,September,West,California,Los Angeles,Technology,Phones,859.2000,75.1800,3,1
2017-09-24,2017,3,9,September,West,California,San Francisco,Office Supplies,Paper,31.0800,15.2292,6,1
2017-09-24,2017,3,9,September,West,California,San Francisco,Office Supplies,Supplies,7.3000,2.1900,2,1
2017-09-24,2017,3,9,September,West,Washington,Seattle,Furniture,Furnishings,199.8000,71.9280,10,1
2017-09-25,2017,3,9,September,Central,Minnesota,Rochester,Furniture,Chairs,269.9700,51.2943,3,1
2017-09-25,2017,3,9,September,Central,Minnesota,Rochester,Office Supplies,Binders,8.2600,3.8822,2,1
2017-09-25,2017,3,9,September,East,New York,New York City,Furniture,Chairs,488.6460,86.8704,3,1
2017-09-25,2017,3,9,September,East,New York,New York City,Furniture,Furnishings,47.1200,20.7328,8,1
2017-09-25,2017,3,9,September,East,New York,New York City,Office Supplies,Art,5.5600,1.4456,2,1
2017-09-25,2017,3,9,September,East,New York,New York City,Office Supplies,Labels,20.7000,9.9360,2,1
2017-09-25,2017,3,9,September,East,Ohio,Cincinnati,Office Supplies,Art,10.6080,0.9282,6,1
2017-09-25,2017,3,9,September,East,Ohio,Cincinnati,Technology,Accessories,119.9600,35.9880,5,1
2017-09-25,2017,3,9,September,East,Ohio,Lakewood,Office Supplies,Envelopes,24.4480,8.8624,4,1
2017-09-25,2017,3,9,September,East,Pennsylvania,Chester,Office Supplies,Binders,8.5950,-6.3030,5,1
2017-09-25,2017,3,9,September,East,Pennsylvania,Chester,Office Supplies,Supplies,190.8960,-42.9516,2,1
2017-09-25,2017,3,9,September,South,Virginia,Richmond,Office Supplies,Storage,177.5500,47.9385,5,1
2017-09-25,2017,3,9,September,West,Montana,Helena,Office Supplies,Storage,39.9000,10.3740,5,1
2017-09-26,2017,3,9,September,South,Florida,Miramar,Furniture,Chairs,419.1360,-57.6312,4,1
2017-09-26,2017,3,9,September,West,California,San Francisco,Furniture,Furnishings,9.2400,2.9568,3,1
2017-09-26,2017,3,9,September,West,California,San Francisco,Office Supplies,Binders,948.2160,319.8099,6,1
2017-09-26,2017,3,9,September,West,California,San Francisco,Office Supplies,Envelopes,71.8800,33.0648,6,1
2017-09-26,2017,3,9,September,West,California,San Francisco,Office Supplies,Paper,35.8800,16.1460,6,1
2017-09-26,2017,3,9,September,West,Oregon,Salem,Office Supplies,Art,2.2240,0.5560,1,1
2017-09-28,2017,3,9,September,Central,Texas,Brownsville,Office Supplies,Supplies,1.7440,-0.3488,1,1
2017-09-28,2017,3,9,September,East,Pennsylvania,Philadelphia,Office Supplies,Binders,2.6550,-1.8585,1,1
2017-09-28,2017,3,9,September,South,Florida,Jacksonville,Office Supplies,Paper,10.3680,3.6288,2,1
2017-09-28,2017,3,9,September,West,California,Los Angeles,Furniture,Furnishings,9.2400,4.4352,3,1
2017-09-28,2017,3,9,September,West,Colorado,Aurora,Furniture,Furnishings,32.7760,3.2776,1,1
2017-09-28,2017,3,9,September,West,Colorado,Aurora,Office Supplies,Appliances,209.7920,26.2240,2,1
2017-09-28,2017,3,9,September,West,Colorado,Aurora,Office Supplies,Binders,76.7760,-58.8616,4,1
2017-09-28,2017,3,9,September,West,Colorado,Aurora,Office Supplies,Paper,14.3520,5.2026,3,1
2017-09-28,2017,3,9,September,West,Colorado,Aurora,Office Supplies,Storage,147.1840,-29.4368,2,1
2017-09-28,2017,3,9,September,West,Colorado,Aurora,Technology,Accessories,54.3840,1.3596,2,1
2017-09-29,2017,3,9,September,Central,Texas,Pasadena,Office Supplies,Envelopes,27.9680,9.4392,4,1
2017-09-29,2017,3,9,September,Central,Texas,Pasadena,Office Supplies,Labels,7.9680,2.5896,2,1
2017-09-29,2017,3,9,September,Central,Texas,Pasadena,Technology,Machines,336.5100,44.8680,3,1
2017-09-29,2017,3,9,September,East,New York,Hempstead,Office Supplies,Envelopes,7.9800,3.9102,3,1
2017-09-29,2017,3,9,September,East,New York,Mount Vernon,Office Supplies,Envelopes,23.3400,10.9698,3,1
2017-09-29,2017,3,9,September,East,New York,Mount Vernon,Office Supplies,Paper,51.5500,24.2285,5,1
2017-09-29,2017,3,9,September,East,Ohio,Marion,Office Supplies,Storage,51.1680,-6.3960,2,1
2017-09-29,2017,3,9,September,East,Ohio,Mentor,Furniture,Chairs,63.6860,-15.4666,1,1
2017-09-29,2017,3,9,September,East,Ohio,Mentor,Furniture,Furnishings,21.2480,7.4368,4,1
2017-09-29,2017,3,9,September,East,Ohio,Mentor,Furniture,Tables,344.2200,-189.3210,2,1
2017-09-29,2017,3,9,September,East,Ohio,Mentor,Office Supplies,Paper,24.0000,8.0832,5,1
2017-09-29,2017,3,9,September,East,Ohio,Mentor,Technology,Accessories,239.9760,65.9934,3,1
2017-09-29,2017,3,9,September,South,Tennessee,Memphis,Office Supplies,Storage,243.9200,-54.8820,5,1
2017-09-29,2017,3,9,September,West,California,Bakersfield,Furniture,Chairs,72.7840,0.0000,1,1
2017-09-29,2017,3,9,September,West,California,Bakersfield,Furniture,Furnishings,51.7500,15.5250,1,1
2017-09-29,2017,3,9,September,West,California,Bakersfield,Office Supplies,Appliances,97.8400,25.4384,2,1
2017-09-29,2017,3,9,September,West,California,Bakersfield,Office Supplies,Binders,46.6720,16.3352,2,1
2017-09-29,2017,3,9,September,West,California,Bakersfield,Office Supplies,Fasteners,35.0000,16.8000,7,1
2017-09-29,2017,3,9,September,West,California,Lodi,Office Supplies,Supplies,97.3000,28.2170,7,1
2017-09-29,2017,3,9,September,West,California,Los Angeles,Office Supplies,Art,99.2000,25.7920,5,1
2017-09-30,2017,3,9,September,Central,Texas,Arlington,Office Supplies,Binders,11.6460,-17.4690,9,1
2017-09-30,2017,3,9,September,East,Maryland,Baltimore,Office Supplies,Paper,164.8800,80.7912,3,1
2017-09-30,2017,3,9,September,East,Pennsylvania,Philadelphia,Office Supplies,Labels,20.6640,6.9741,7,1
2017-09-30,2017,3,9,September,West,California,Los Angeles,Technology,Accessories,159.9800,47.9940,2,1
2017-09-30,2017,3,9,September,West,Washington,Seattle,Office Supplies,Appliances,3.8900,1.0114,1,1
2017-09-30,2017,3,9,September,West,Washington,Seattle,Office Supplies,Paper,179.7000,88.0530,5,1
2017-10-01,2017,4,10,October,Central,Nebraska,Fremont,Office Supplies,Paper,104.8500,50.3280,1,1
2017-10-01,2017,4,10,October,Central,Texas,San Antonio,Office Supplies,Art,6.6720,0.5004,6,1
2017-10-01,2017,4,10,October,East,New York,New York City,Technology,Machines,1704.8900,767.2005,11,1
2017-10-01,2017,4,10,October,West,California,San Francisco,Technology,Accessories,104.7500,21.9975,5,1
2017-10-01,2017,4,10,October,West,California,San Jose,Furniture,Chairs,108.6080,9.5032,4,1
2017-10-01,2017,4,10,October,West,California,San Jose,Office Supplies,Appliances,241.9600,60.4900,2,1
2017-10-01,2017,4,10,October,West,California,San Jose,Office Supplies,Binders,63.2160,21.3534,14,1
2017-10-01,2017,4,10,October,West,Washington,Seattle,Furniture,Chairs,451.1520,0.0000,3,1
2017-10-01,2017,4,10,October,West,Washington,Seattle,Office Supplies,Binders,81.0880,27.3672,7,1
2017-10-01,2017,4,10,October,West,Washington,Seattle,Office Supplies,Paper,111.2800,54.3328,11,1
2017-10-02,2017,4,10,October,Central,Michigan,Trenton,Furniture,Furnishings,157.7400,56.7864,11,1
2017-10-02,2017,4,10,October,Central,Michigan,Trenton,Office Supplies,Art,56.9800,22.7920,7,1
2017-10-02,2017,4,10,October,Central,Michigan,Trenton,Office Supplies,Binders,60.9300,28.1142,4,1
2017-10-02,2017,4,10,October,Central,Texas,Houston,Office Supplies,Appliances,37.2080,-94.8804,8,1
2017-10-02,2017,4,10,October,East,New York,New York City,Office Supplies,Paper,49.1200,23.0864,4,1
2017-10-02,2017,4,10,October,East,New York,New York City,Technology,Phones,65.9900,17.1574,1,1
2017-10-02,2017,4,10,October,South,Alabama,Montgomery,Furniture,Furnishings,10.1600,3.4544,2,1
2017-10-02,2017,4,10,October,South,Tennessee,Knoxville,Furniture,Furnishings,41.2240,8.8255,5,1
2017-10-02,2017,4,10,October,South,Tennessee,Knoxville,Furniture,Tables,2314.1160,-1002.7836,7,1
2017-10-02,2017,4,10,October,South,Tennessee,Knoxville,Office Supplies,Binders,61.5960,-48.1356,7,1
2017-10-02,2017,4,10,October,South,Tennessee,Knoxville,Office Supplies,Paper,20.7360,7.2576,4,1
2017-10-02,2017,4,10,October,West,California,Los Angeles,Office Supplies,Binders,112.1200,42.0450,5,1
2017-10-02,2017,4,10,October,West,California,Los Angeles,Office Supplies,Storage,1575.1400,204.7682,7,1
2017-10-02,2017,4,10,October,West,California,San Francisco,Furniture,Furnishings,17.4600,5.9364,2,1
2017-10-02,2017,4,10,October,West,California,San Francisco,Technology,Machines,369.1600,32.3015,11,1
2017-10-02,2017,4,10,October,West,Oregon,Springfield,Furniture,Bookcases,217.7640,-384.7164,6,1
2017-10-02,2017,4,10,October,West,Oregon,Springfield,Office Supplies,Art,95.1440,10.7037,7,1
2017-10-02,2017,4,10,October,West,Oregon,Springfield,Office Supplies,Binders,22.6380,-16.6012,7,1
2017-10-02,2017,4,10,October,West,Oregon,Springfield,Office Supplies,Supplies,39.0720,4.3956,6,1
2017-10-02,2017,4,10,October,West,Washington,Seattle,Office Supplies,Fasteners,8.9400,4.1124,3,1
2017-10-02,2017,4,10,October,West,Washington,Seattle,Technology,Phones,84.7840,-20.1362,2,1
2017-10-03,2017,4,10,October,Central,Minnesota,Minneapolis,Office Supplies,Binders,1793.9800,843.1706,2,1
2017-10-03,2017,4,10,October,Central,Texas,Pasadena,Office Supplies,Art,20.6400,2.3220,5,1
2017-10-03,2017,4,10,October,East,New York,New York City,Furniture,Furnishings,83.9200,21.8192,4,1
2017-10-03,2017,4,10,October,East,New York,New York City,Office Supplies,Art,6.6300,3.1161,3,1
2017-10-03,2017,4,10,October,East,New York,New York City,Technology,Accessories,371.9700,66.9546,3,1
2017-10-03,2017,4,10,October,East,New York,Rochester,Office Supplies,Storage,22.5800,5.8708,2,1
2017-10-03,2017,4,10,October,South,Florida,Hialeah,Office Supplies,Appliances,17.9200,1.1200,5,1
2017-10-03,2017,4,10,October,South,Florida,Hialeah,Office Supplies,Paper,15.5520,5.4432,3,1
2017-10-03,2017,4,10,October,West,California,Pasadena,Furniture,Tables,171.2880,-6.4233,3,1
2017-10-04,2017,4,10,October,East,Maryland,Clinton,Furniture,Furnishings,19.9800,8.5914,1,1
2017-10-05,2017,4,10,October,East,New York,New York City,Furniture,Chairs,221.3820,2.4598,2,1
2017-10-05,2017,4,10,October,East,New York,New York City,Office Supplies,Binders,75.7920,25.5798,3,1
2017-10-05,2017,4,10,October,East,New York,New York City,Technology,Machines,5199.9600,1351.9896,4,1
2017-10-05,2017,4,10,October,East,New York,New York City,Technology,Phones,248.7300,47.1186,11,2
2017-10-05,2017,4,10,October,West,California,Chico,Furniture,Chairs,435.1680,-59.8356,4,1
2017-10-05,2017,4,10,October,West,California,Chico,Furniture,Furnishings,72.9000,26.9730,5,1
2017-10-05,2017,4,10,October,West,California,Chico,Furniture,Tables,206.3520,5.1588,3,1
2017-10-05,2017,4,10,October,West,California,Chico,Office Supplies,Appliances,15.8000,4.1080,4,1
2017-10-05,2017,4,10,October,West,California,Chico,Office Supplies,Fasteners,14.9000,6.8540,5,1
2017-10-05,2017,4,10,October,West,California,Chico,Technology,Phones,7.9920,2.6973,1,1
2017-10-05,2017,4,10,October,West,California,San Francisco,Office Supplies,Binders,59.8560,20.6998,9,1
2017-10-05,2017,4,10,October,West,California,San Francisco,Office Supplies,Paper,61.9600,27.8820,2,1
2017-10-05,2017,4,10,October,West,Colorado,Denver,Technology,Accessories,63.8240,13.5626,2,1
2017-10-06,2017,4,10,October,Central,Illinois,Chicago,Office Supplies,Art,19.1520,1.1970,2,1
2017-10-06,2017,4,10,October,Central,Illinois,Chicago,Office Supplies,Storage,290.3360,32.6628,2,1
2017-10-06,2017,4,10,October,East,New Jersey,Belleville,Office Supplies,Paper,150.1800,72.0864,4,1
2017-10-06,2017,4,10,October,East,New York,New York City,Office Supplies,Paper,58.0300,27.7531,4,2
2017-10-06,2017,4,10,October,East,New York,New York City,Office Supplies,Storage,344.9100,10.3473,3,1
2017-10-06,2017,4,10,October,East,New York,New York City,Technology,Accessories,319.9600,115.1856,4,1
2017-10-06,2017,4,10,October,West,Arizona,Chandler,Office Supplies,Art,9.3440,1.8688,2,1
2017-10-06,2017,4,10,October,West,Idaho,Meridian,Furniture,Furnishings,41.9600,2.9372,2,1
2017-10-06,2017,4,10,October,West,Idaho,Meridian,Office Supplies,Appliances,227.8400,66.0736,4,1
2017-10-06,2017,4,10,October,West,Idaho,Meridian,Office Supplies,Paper,37.9400,18.2112,2,1
2017-10-07,2017,4,10,October,Central,Michigan,Detroit,Office Supplies,Storage,85.5200,22.2352,2,1
2017-10-07,2017,4,10,October,Central,Texas,Houston,Office Supplies,Binders,4.2400,-6.3600,5,1
2017-10-07,2017,4,10,October,South,North Carolina,Charlotte,Furniture,Tables,154.7640,-36.1116,3,1
2017-10-07,2017,4,10,October,South,North Carolina,Charlotte,Office Supplies,Binders,50.4540,-33.6360,6,1
2017-10-07,2017,4,10,October,South,North Carolina,Charlotte,Office Supplies,Fasteners,18.9360,5.9175,3,1
2017-10-07,2017,4,10,October,South,North Carolina,Charlotte,Office Supplies,Storage,580.6720,65.3256,4,1
2017-10-07,2017,4,10,October,South,North Carolina,Charlotte,Technology,Phones,222.3840,16.6788,2,1
2017-10-07,2017,4,10,October,West,California,Los Angeles,Technology,Accessories,1115.9100,200.8638,9,1
2017-10-07,2017,4,10,October,West,California,Los Angeles,Technology,Phones,208.6640,-1.9944,17,1
2017-10-07,2017,4,10,October,West,California,San Francisco,Furniture,Bookcases,307.6660,-14.4784,2,1
2017-10-08,2017,4,10,October,East,New York,New York City,Furniture,Chairs,145.7640,3.2392,2,1
2017-10-08,2017,4,10,October,East,Rhode Island,Cranston,Office Supplies,Storage,42.7600,11.1176,1,1
2017-10-08,2017,4,10,October,West,California,San Diego,Office Supplies,Storage,40.6800,0.4068,2,1
2017-10-08,2017,4,10,October,West,California,San Diego,Technology,Accessories,275.9600,121.6608,6,1
2017-10-08,2017,4,10,October,West,California,San Diego,Technology,Phones,103.1920,11.6091,1,1
2017-10-09,2017,4,10,October,Central,Illinois,Aurora,Furniture,Tables,719.0950,-473.2698,8,1
2017-10-09,2017,4,10,October,Central,Texas,League City,Furniture,Chairs,254.0580,-32.6646,3,1
2017-10-09,2017,4,10,October,Central,Texas,League City,Office Supplies,Art,67.1440,5.8751,7,1
2017-10-09,2017,4,10,October,East,New York,New York City,Furniture,Bookcases,314.3520,-15.7176,3,1
2017-10-09,2017,4,10,October,East,New York,New York City,Office Supplies,Binders,31.0560,10.4814,9,1
2017-10-09,2017,4,10,October,East,New York,New York City,Office Supplies,Paper,18.9800,8.9206,2,1
2017-10-09,2017,4,10,October,East,Ohio,Lakewood,Furniture,Furnishings,45.8880,9.1776,4,1
2017-10-09,2017,4,10,October,South,North Carolina,Wilmington,Office Supplies,Paper,10.8160,3.5152,4,1
2017-10-09,2017,4,10,October,West,California,Los Angeles,Office Supplies,Paper,35.2000,16.5440,5,1
2017-10-10,2017,4,10,October,Central,Illinois,Aurora,Furniture,Chairs,239.3580,-47.8716,3,1
2017-10-12,2017,4,10,October,Central,Illinois,Rockford,Furniture,Chairs,254.6040,-18.1860,14,1
2017-10-12,2017,4,10,October,Central,Texas,Dallas,Office Supplies,Paper,10.3680,3.7584,2,1
2017-10-12,2017,4,10,October,Central,Texas,Dallas,Technology,Accessories,831.8640,127.1811,5,2
2017-10-12,2017,4,10,October,Central,Texas,Dallas,Technology,Phones,369.5440,27.7158,7,1
2017-10-12,2017,4,10,October,East,New Jersey,Lakewood,Furniture,Bookcases,2154.9000,129.2940,5,1
2017-10-12,2017,4,10,October,East,New Jersey,Lakewood,Furniture,Furnishings,40.4800,17.4064,2,1
2017-10-12,2017,4,10,October,East,New Jersey,Lakewood,Office Supplies,Fasteners,17.9000,8.7710,5,1
2017-10-12,2017,4,10,October,East,New Jersey,Lakewood,Technology,Accessories,45.0000,4.9500,3,1
2017-10-12,2017,4,10,October,East,New York,New York City,Office Supplies,Paper,9.9600,4.6812,2,1
2017-10-12,2017,4,10,October,East,West Virginia,Wheeling,Furniture,Tables,673.3440,-76.9536,3,1
2017-10-12,2017,4,10,October,South,North Carolina,Monroe,Office Supplies,Paper,7.9680,2.6892,2,1
2017-10-12,2017,4,10,October,West,California,Los Angeles,Office Supplies,Art,5.8800,1.5876,2,1
2017-10-12,2017,4,10,October,West,California,Los Angeles,Technology,Accessories,435.8400,130.7520,12,1
2017-10-12,2017,4,10,October,West,California,San Francisco,Office Supplies,Binders,101.8400,36.9170,5,1
2017-10-12,2017,4,10,October,West,California,San Francisco,Technology,Accessories,0.9900,0.4356,1,1
2017-10-12,2017,4,10,October,West,New Mexico,Albuquerque,Office Supplies,Binders,79.8720,29.9520,3,1
2017-10-12,2017,4,10,October,West,New Mexico,Albuquerque,Technology,Accessories,595.0000,95.2000,5,1
2017-10-13,2017,4,10,October,Central,Illinois,Freeport,Furniture,Furnishings,10.4760,-6.8094,3,1
2017-10-13,2017,4,10,October,Central,Illinois,Freeport,Office Supplies,Binders,96.7840,-145.1760,4,1
2017-10-13,2017,4,10,October,Central,Illinois,Freeport,Office Supplies,Paper,63.3120,20.5764,3,1
2017-10-13,2017,4,10,October,East,New York,New York City,Office Supplies,Appliances,904.9000,253.3720,5,1
2017-10-13,2017,4,10,October,East,Pennsylvania,Philadelphia,Office Supplies,Labels,24.8400,8.6940,3,1
2017-10-13,2017,4,10,October,East,Pennsylvania,Philadelphia,Office Supplies,Paper,29.8240,9.9840,6,1
2017-10-13,2017,4,10,October,East,Pennsylvania,Philadelphia,Office Supplies,Storage,59.7120,5.9712,6,1
2017-10-13,2017,4,10,October,South,Kentucky,Louisville,Office Supplies,Storage,348.5600,104.5680,8,1
2017-10-13,2017,4,10,October,South,Louisiana,Lafayette,Furniture,Tables,1504.5200,346.0396,4,1
2017-10-13,2017,4,10,October,South,Louisiana,Lafayette,Office Supplies,Labels,11.0700,5.2029,3,1
2017-10-13,2017,4,10,October,South,Louisiana,Lafayette,Office Supplies,Paper,25.9200,12.4416,4,1
2017-10-13,2017,4,10,October,West,California,Sacramento,Office Supplies,Binders,5083.9600,1906.4850,5,1
2017-10-13,2017,4,10,October,West,California,Sacramento,Technology,Accessories,209.9400,39.8886,6,1
2017-10-13,2017,4,10,October,West,California,Sacramento,Technology,Phones,31.9840,-7.9960,2,1
2017-10-14,2017,4,10,October,Central,Illinois,Chicago,Office Supplies,Binders,40.8520,-66.0118,10,1
2017-10-14,2017,4,10,October,East,Maryland,Columbia,Office Supplies,Binders,37.6600,18.4534,7,1
2017-10-14,2017,4,10,October,West,California,Oakland,Furniture,Furnishings,9.4600,3.6894,2,1
2017-10-14,2017,4,10,October,West,California,San Francisco,Technology,Accessories,46.3600,15.2988,4,1
2017-10-15,2017,4,10,October,East,Connecticut,Fairfield,Office Supplies,Labels,13.0500,6.0030,5,1
2017-10-15,2017,4,10,October,West,California,Camarillo,Office Supplies,Labels,14.7300,7.2177,3,1
2017-10-15,2017,4,10,October,West,California,Los Angeles,Furniture,Tables,510.2400,6.3780,3,1
2017-10-15,2017,4,10,October,West,California,Los Angeles,Office Supplies,Paper,204.9500,100.4255,5,1
2017-10-15,2017,4,10,October,West,California,San Francisco,Office Supplies,Art,87.9200,26.3760,4,1
2017-10-15,2017,4,10,October,West,California,Thousand Oaks,Furniture,Furnishings,22.7200,9.3152,1,1
2017-10-15,2017,4,10,October,West,California,Thousand Oaks,Office Supplies,Labels,152.6500,70.2190,5,1
2017-10-15,2017,4,10,October,West,Utah,Orem,Office Supplies,Art,11.6800,4.2048,2,1
2017-10-16,2017,4,10,October,East,New York,New York City,Furniture,Furnishings,547.3000,175.1360,13,1
2017-10-16,2017,4,10,October,South,Kentucky,Richmond,Office Supplies,Binders,124.7500,57.3850,5,1
2017-10-16,2017,4,10,October,South,Tennessee,Columbia,Furniture,Tables,1875.2580,-968.8833,7,1
2017-10-16,2017,4,10,October,South,Tennessee,Columbia,Technology,Accessories,18.5280,4.4004,2,1
2017-10-16,2017,4,10,October,West,Arizona,Scottsdale,Office Supplies,Paper,307.7760,111.5688,7,1
2017-10-16,2017,4,10,October,West,Arizona,Yuma,Technology,Machines,599.9850,-479.9880,5,1
2017-10-17,2017,4,10,October,East,Rhode Island,Warwick,Office Supplies,Paper,12.9600,6.2208,2,1
2017-10-17,2017,4,10,October,East,Rhode Island,Warwick,Office Supplies,Storage,49.9600,9.4924,2,1
2017-10-17,2017,4,10,October,West,California,Modesto,Technology,Phones,52.7920,4.6193,1,1
2017-10-17,2017,4,10,October,West,California,San Diego,Office Supplies,Art,10.6400,2.7664,4,1
2017-10-19,2017,4,10,October,Central,Illinois,Chicago,Furniture,Tables,91.2750,-67.5435,1,1
2017-10-19,2017,4,10,October,Central,Texas,Houston,Office Supplies,Paper,29.4720,9.9468,3,1
2017-10-19,2017,4,10,October,Central,Texas,Houston,Technology,Phones,16.6800,5.2125,3,1
2017-10-19,2017,4,10,October,Central,Texas,Waco,Furniture,Bookcases,328.3992,-91.7586,3,1
2017-10-19,2017,4,10,October,Central,Texas,Waco,Office Supplies,Binders,2.0720,-3.5224,2,1
2017-10-19,2017,4,10,October,East,Massachusetts,Lawrence,Furniture,Furnishings,56.5600,14.7056,4,1
2017-10-19,2017,4,10,October,East,Massachusetts,Lawrence,Office Supplies,Storage,32.7000,8.5020,3,1
2017-10-19,2017,4,10,October,East,Pennsylvania,Philadelphia,Office Supplies,Art,123.2560,9.2442,7,1
2017-10-19,2017,4,10,October,East,Pennsylvania,Philadelphia,Office Supplies,Paper,23.6800,7.4000,4,1
2017-10-19,2017,4,10,October,East,Pennsylvania,Philadelphia,Technology,Phones,309.5760,-56.7556,4,1
2017-10-19,2017,4,10,October,South,North Carolina,Burlington,Office Supplies,Binders,1633.1880,-1306.5504,4,1
2017-10-19,2017,4,10,October,West,California,San Francisco,Furniture,Furnishings,30.5600,10.3904,2,1
2017-10-19,2017,4,10,October,West,California,San Francisco,Furniture,Tables,24.3680,-3.3506,2,1
2017-10-19,2017,4,10,October,West,California,San Francisco,Office Supplies,Binders,39.6240,13.8684,3,1
2017-10-19,2017,4,10,October,West,California,San Francisco,Office Supplies,Envelopes,8.9600,4.3008,2,1
2017-10-19,2017,4,10,October,West,California,San Francisco,Office Supplies,Labels,31.5000,15.1200,10,1
2017-10-20,2017,4,10,October,East,New York,New York City,Office Supplies,Labels,24.5500,12.0295,5,1
2017-10-20,2017,4,10,October,East,Ohio,Akron,Furniture,Tables,284.3640,-75.8304,2,1
2017-10-20,2017,4,10,October,East,Ohio,Akron,Office Supplies,Storage,665.4080,66.5408,2,1
2017-10-20,2017,4,10,October,East,Pennsylvania,Philadelphia,Office Supplies,Paper,45.5280,15.9348,3,1
2017-10-20,2017,4,10,October,South,Arkansas,Little Rock,Office Supplies,Art,13.3600,4.1416,4,1
2017-10-20,2017,4,10,October,South,Arkansas,Little Rock,Office Supplies,Binders,145.8500,70.0080,5,1
2017-10-20,2017,4,10,October,South,Arkansas,Little Rock,Office Supplies,Paper,39.9600,18.7812,2,1
2017-10-20,2017,4,10,October,South,Florida,Jacksonville,Furniture,Furnishings,43.9360,6.0412,4,1
2017-10-20,2017,4,10,October,South,Florida,Jacksonville,Office Supplies,Art,4.4480,1.1120,2,1
2017-10-20,2017,4,10,October,South,Florida,Jacksonville,Office Supplies,Paper,6.6720,2.5020,1,1
2017-10-20,2017,4,10,October,South,Florida,Jacksonville,Office Supplies,Storage,4.7680,-0.7748,2,1
2017-10-20,2017,4,10,October,South,North Carolina,Durham,Office Supplies,Paper,14.3520,4.4850,3,1
2017-10-20,2017,4,10,October,South,North Carolina,Durham,Technology,Phones,15.9840,1.3986,2,1
2017-10-20,2017,4,10,October,West,California,Woodland,Office Supplies,Binders,20.9280,7.5864,4,1
2017-10-20,2017,4,10,October,West,California,Woodland,Office Supplies,Labels,3.7500,1.8000,1,1
2017-10-21,2017,4,10,October,Central,Illinois,Chicago,Office Supplies,Appliances,23.9920,-62.3792,2,1
2017-10-21,2017,4,10,October,Central,Indiana,Indianapolis,Office Supplies,Storage,909.1200,9.0912,8,1
2017-10-21,2017,4,10,October,Central,Oklahoma,Muskogee,Furniture,Tables,262.1100,62.9064,1,1
2017-10-21,2017,4,10,October,Central,Oklahoma,Muskogee,Technology,Phones,1439.9200,374.3792,8,1
2017-10-21,2017,4,10,October,Central,Wisconsin,Milwaukee,Office Supplies,Binders,60.7200,29.9220,11,1
2017-10-21,2017,4,10,October,East,Ohio,Lakewood,Office Supplies,Appliances,161.5680,16.1568,2,1
2017-10-21,2017,4,10,October,East,Ohio,Lakewood,Office Supplies,Binders,6.2160,-4.9728,4,1
2017-10-21,2017,4,10,October,East,Ohio,Lakewood,Office Supplies,Paper,4.0640,1.3716,1,1
2017-10-21,2017,4,10,October,East,Pennsylvania,Philadelphia,Office Supplies,Storage,71.3760,-4.4610,3,1
2017-10-21,2017,4,10,October,East,Pennsylvania,Philadelphia,Technology,Phones,329.9880,-76.9972,2,1
2017-10-21,2017,4,10,October,South,Florida,Deltona,Office Supplies,Art,17.8560,2.0088,4,1
2017-10-21,2017,4,10,October,South,Florida,Lakeland,Furniture,Chairs,683.9520,42.7470,3,1
2017-10-21,2017,4,10,October,South,Florida,Lakeland,Furniture,Furnishings,45.6960,5.1408,3,1
2017-10-21,2017,4,10,October,West,Arizona,Glendale,Office Supplies,Binders,8.5590,-6.5619,1,1
2017-10-21,2017,4,10,October,West,Oregon,Springfield,Furniture,Chairs,478.4800,47.8480,2,1
2017-10-21,2017,4,10,October,West,Oregon,Springfield,Office Supplies,Paper,5.1840,1.8144,1,1
2017-10-21,2017,4,10,October,West,Oregon,Springfield,Technology,Accessories,28.4000,6.7450,2,1
2017-10-22,2017,4,10,October,Central,Oklahoma,Lawton,Furniture,Tables,248.9800,54.7756,2,1
2017-10-22,2017,4,10,October,Central,Oklahoma,Lawton,Office Supplies,Storage,333.0900,23.3163,3,1
2017-10-22,2017,4,10,October,Central,Oklahoma,Tulsa,Office Supplies,Art,36.4400,12.0252,4,1
2017-10-22,2017,4,10,October,East,New York,New York City,Office Supplies,Envelopes,63.9000,28.7550,5,1
2017-10-22,2017,4,10,October,East,New York,New York City,Technology,Copiers,11199.9680,3919.9888,4,1
2017-10-22,2017,4,10,October,East,New York,New York City,Technology,Phones,2452.5900,648.4219,9,1
2017-10-22,2017,4,10,October,East,Pennsylvania,Philadelphia,Office Supplies,Envelopes,31.6800,11.0880,4,1
2017-10-22,2017,4,10,October,East,Pennsylvania,Philadelphia,Technology,Phones,32.7000,-6.5400,5,1
2017-10-22,2017,4,10,October,West,Colorado,Fort Collins,Furniture,Chairs,579.1360,-28.9568,4,1
2017-10-22,2017,4,10,October,West,Colorado,Fort Collins,Office Supplies,Binders,3.1680,-2.5344,4,1
2017-10-22,2017,4,10,October,West,Oregon,Redmond,Furniture,Tables,177.2250,-120.5130,5,1
2017-10-23,2017,4,10,October,Central,Texas,Austin,Office Supplies,Binders,9.7620,-15.1311,3,1
2017-10-23,2017,4,10,October,Central,Texas,Austin,Office Supplies,Storage,272.8560,-57.1051,5,1
2017-10-23,2017,4,10,October,Central,Texas,Austin,Technology,Accessories,55.2000,-2.0700,1,1
2017-10-23,2017,4,10,October,Central,Texas,San Antonio,Office Supplies,Art,10.2720,0.8988,3,1
2017-10-23,2017,4,10,October,Central,Texas,San Antonio,Office Supplies,Binders,3.5640,-6.2370,3,1
2017-10-23,2017,4,10,October,Central,Texas,San Antonio,Technology,Phones,823.9600,51.4975,5,1
2017-10-23,2017,4,10,October,East,New York,Rochester,Furniture,Furnishings,69.0800,29.0136,11,1
2017-10-23,2017,4,10,October,East,New York,Rochester,Office Supplies,Paper,37.9600,17.5444,7,1
2017-10-23,2017,4,10,October,East,New York,Rochester,Technology,Phones,35.8800,10.0464,3,1
2017-10-23,2017,4,10,October,East,Rhode Island,Cranston,Furniture,Furnishings,245.6800,65.2632,6,1
2017-10-23,2017,4,10,October,East,Rhode Island,Cranston,Furniture,Tables,878.6400,-141.3360,7,1
2017-10-23,2017,4,10,October,East,Rhode Island,Cranston,Office Supplies,Appliances,2.2200,0.6660,1,1
2017-10-23,2017,4,10,October,East,Rhode Island,Cranston,Office Supplies,Paper,43.4400,21.2856,8,1
2017-10-23,2017,4,10,October,South,Florida,Jacksonville,Technology,Phones,863.8800,107.9850,3,1
2017-10-24,2017,4,10,October,Central,Texas,Mansfield,Furniture,Tables,517.4050,-81.3065,5,1
2017-10-24,2017,4,10,October,South,Mississippi,Jackson,Office Supplies,Fasteners,11.6800,5.2560,4,1
2017-10-26,2017,4,10,October,Central,Minnesota,Rochester,Office Supplies,Labels,6.1600,2.9568,2,1
2017-10-26,2017,4,10,October,Central,Minnesota,Rochester,Technology,Accessories,19.9900,6.7966,1,1
2017-10-26,2017,4,10,October,Central,Texas,Dallas,Office Supplies,Storage,55.6160,5.5616,2,1
2017-10-26,2017,4,10,October,East,Pennsylvania,Lancaster,Office Supplies,Binders,81.4380,-65.1504,7,1
2017-10-26,2017,4,10,October,East,Pennsylvania,Lancaster,Technology,Phones,61.5420,-13.3341,1,1
2017-10-26,2017,4,10,October,East,Pennsylvania,Philadelphia,Office Supplies,Binders,33.2820,-27.7350,3,1
2017-10-26,2017,4,10,October,East,Pennsylvania,Philadelphia,Office Supplies,Labels,14.7600,4.9815,5,1
2017-10-26,2017,4,10,October,East,Pennsylvania,Philadelphia,Technology,Phones,118.6500,19.7750,5,1
2017-10-26,2017,4,10,October,South,Virginia,Virginia Beach,Furniture,Tables,356.8500,60.6645,5,1
2017-10-26,2017,4,10,October,South,Virginia,Virginia Beach,Office Supplies,Envelopes,251.5800,113.2110,7,1
2017-10-27,2017,4,10,October,Central,Illinois,Chicago,Office Supplies,Art,7.0560,2.2050,3,1
2017-10-27,2017,4,10,October,Central,Illinois,Chicago,Technology,Phones,27.1840,2.0388,2,1
2017-10-27,2017,4,10,October,Central,Texas,Dallas,Office Supplies,Envelopes,15.8400,5.5440,2,1
2017-10-27,2017,4,10,October,Central,Texas,Dallas,Office Supplies,Paper,8.4480,2.6400,2,1
2017-10-27,2017,4,10,October,South,Florida,Tallahassee,Office Supplies,Art,6.5760,0.5754,3,1
2017-10-27,2017,4,10,October,South,Florida,Tallahassee,Office Supplies,Binders,5.6070,-3.9249,3,1
2017-10-27,2017,4,10,October,South,Florida,Tallahassee,Office Supplies,Paper,56.7840,20.5842,7,1
2017-10-27,2017,4,10,October,West,Arizona,Mesa,Office Supplies,Paper,44.7840,16.2342,1,1
2017-10-27,2017,4,10,October,West,California,Los Angeles,Furniture,Tables,189.5760,9.4788,1,1
2017-10-27,2017,4,10,October,West,California,Los Angeles,Technology,Phones,71.9600,7.1960,5,1
2017-10-27,2017,4,10,October,West,California,San Francisco,Furniture,Bookcases,556.6650,6.5490,5,1
2017-10-27,2017,4,10,October,West,California,San Francisco,Technology,Phones,95.8400,34.7420,4,1
2017-10-28,2017,4,10,October,Central,Texas,Houston,Office Supplies,Paper,15.5520,5.4432,3,1
2017-10-28,2017,4,10,October,Central,Texas,Houston,Technology,Accessories,50.1760,-5.9720,4,1
2017-10-28,2017,4,10,October,East,Massachusetts,Everett,Office Supplies,Labels,21.9300,10.3071,3,1
2017-10-28,2017,4,10,October,East,New York,New York City,Office Supplies,Envelopes,47.9800,23.9900,2,1
2017-10-28,2017,4,10,October,South,North Carolina,Fayetteville,Furniture,Furnishings,77.9520,15.5904,3,1
2017-10-28,2017,4,10,October,South,North Carolina,Fayetteville,Office Supplies,Paper,47.9520,16.1838,3,1
2017-10-28,2017,4,10,October,South,North Carolina,Fayetteville,Office Supplies,Storage,147.1840,-29.4368,2,1
2017-10-29,2017,4,10,October,East,New York,Auburn,Office Supplies,Paper,46.9600,22.5408,8,1
2017-10-30,2017,4,10,October,Central,Texas,Dallas,Furniture,Furnishings,16.1920,-8.5008,2,1
2017-10-30,2017,4,10,October,Central,Texas,Dallas,Furniture,Tables,251.0060,-68.1302,2,1
2017-10-30,2017,4,10,October,Central,Texas,Dallas,Office Supplies,Storage,54.1920,4.0644,6,1
2017-10-30,2017,4,10,October,East,Pennsylvania,Philadelphia,Furniture,Furnishings,7.1680,0.9856,2,1
2017-10-30,2017,4,10,October,East,Pennsylvania,Philadelphia,Office Supplies,Paper,20.7360,7.2576,4,1
2017-10-30,2017,4,10,October,East,Pennsylvania,Philadelphia,Office Supplies,Storage,11.1680,-2.5128,2,1
2017-10-30,2017,4,10,October,East,Pennsylvania,Philadelphia,Technology,Accessories,442.4000,-55.3000,7,1
2017-10-30,2017,4,10,October,South,Kentucky,Richmond,Furniture,Chairs,33.9400,9.1638,1,1
2017-10-30,2017,4,10,October,South,Kentucky,Richmond,Office Supplies,Labels,30.0000,14.4000,8,1
2017-10-30,2017,4,10,October,South,Kentucky,Richmond,Office Supplies,Storage,105.9800,4.2392,7,1
2017-10-30,2017,4,10,October,South,Kentucky,Richmond,Office Supplies,Supplies,35.0600,10.5180,2,1
2017-10-30,2017,4,10,October,West,California,San Francisco,Furniture,Chairs,71.9920,-0.8999,1,1
2017-10-30,2017,4,10,October,West,California,San Francisco,Office Supplies,Appliances,1702.1200,510.6360,14,1
2017-10-30,2017,4,10,October,West,California,San Francisco,Office Supplies,Art,19.9000,6.5670,5,1
2017-10-30,2017,4,10,October,West,California,San Francisco,Office Supplies,Labels,43.8600,20.6142,6,1
2017-10-30,2017,4,10,October,West,California,San Francisco,Office Supplies,Paper,7.4200,3.7100,2,1
2017-10-30,2017,4,10,October,West,California,San Francisco,Technology,Phones,148.4800,16.7040,2,1
2017-10-30,2017,4,10,October,West,Washington,Seattle,Furniture,Bookcases,199.9800,37.9962,2,1
2017-10-30,2017,4,10,October,West,Washington,Seattle,Furniture,Chairs,711.8400,-29.1332,10,1
2017-10-30,2017,4,10,October,West,Washington,Seattle,Office Supplies,Binders,102.6560,32.9490,5,1
2017-10-30,2017,4,10,October,West,Washington,Vancouver,Furniture,Furnishings,9.6400,3.6632,2,1
2017-10-31,2017,4,10,October,Central,Illinois,Chicago,Office Supplies,Envelopes,9.9120,3.2214,3,1
2017-10-31,2017,4,10,October,Central,Illinois,Chicago,Technology,Phones,508.7680,38.1576,4,1
2017-10-31,2017,4,10,October,Central,Texas,Dallas,Office Supplies,Art,5.2480,0.5904,2,1
2017-11-01,2017,4,11,November,East,Massachusetts,Everett,Office Supplies,Paper,230.6900,111.1411,11,1
2017-11-01,2017,4,11,November,West,Washington,Bellingham,Furniture,Tables,2665.6200,239.9058,9,1
2017-11-01,2017,4,11,November,West,Washington,Bellingham,Office Supplies,Binders,25.1200,7.8500,5,1
2017-11-02,2017,4,11,November,Central,Illinois,Bloomington,Office Supplies,Art,54.3360,5.4336,4,1
2017-11-02,2017,4,11,November,Central,Kansas,Overland Park,Office Supplies,Art,27.7800,9.1674,6,1
2017-11-02,2017,4,11,November,Central,Kansas,Overland Park,Office Supplies,Fasteners,18.2400,9.1200,3,1
2017-11-02,2017,4,11,November,Central,Missouri,Saint Louis,Office Supplies,Appliances,83.9000,20.9750,10,1
2017-11-02,2017,4,11,November,Central,Missouri,Saint Louis,Office Supplies,Paper,11.7600,5.7624,2,1
2017-11-02,2017,4,11,November,East,Ohio,Columbus,Office Supplies,Supplies,384.5920,-81.7258,2,1
2017-11-02,2017,4,11,November,East,Ohio,Springfield,Furniture,Chairs,155.3720,-35.5136,2,1
2017-11-02,2017,4,11,November,East,Pennsylvania,Philadelphia,Furniture,Furnishings,3.3120,0.6624,1,1
2017-11-02,2017,4,11,November,East,Pennsylvania,Philadelphia,Office Supplies,Appliances,20.1360,1.2585,3,1
2017-11-02,2017,4,11,November,East,Pennsylvania,Philadelphia,Office Supplies,Envelopes,8.8560,2.8782,3,1
2017-11-02,2017,4,11,November,East,Pennsylvania,Philadelphia,Technology,Phones,859.2000,-186.1600,4,1
2017-11-02,2017,4,11,November,South,Kentucky,Henderson,Furniture,Chairs,975.9200,292.7760,4,1
2017-11-02,2017,4,11,November,South,Kentucky,Henderson,Office Supplies,Envelopes,5.3200,2.6068,2,1
2017-11-02,2017,4,11,November,South,Kentucky,Henderson,Office Supplies,Storage,59.9200,16.7776,4,1
2017-11-02,2017,4,11,November,South,Kentucky,Henderson,Technology,Accessories,2249.9100,517.4793,9,1
2017-11-02,2017,4,11,November,South,Virginia,Springfield,Office Supplies,Art,5.5600,1.4456,2,1
2017-11-02,2017,4,11,November,West,California,Danville,Furniture,Furnishings,25.0200,10.5084,3,1
2017-11-02,2017,4,11,November,West,California,Danville,Office Supplies,Art,8.8000,4.2240,5,1
2017-11-02,2017,4,11,November,West,California,Danville,Office Supplies,Binders,590.3520,206.6232,6,1
2017-11-02,2017,4,11,November,West,California,Danville,Office Supplies,Envelopes,76.5800,38.2900,7,1
2017-11-02,2017,4,11,November,West,California,Danville,Office Supplies,Fasteners,5.5800,0.1674,3,1
2017-11-02,2017,4,11,November,West,California,Danville,Office Supplies,Storage,452.5500,22.6275,7,1
2017-11-02,2017,4,11,November,West,California,Los Angeles,Office Supplies,Appliances,168.1000,43.7060,5,1
2017-11-02,2017,4,11,November,West,Utah,Salt Lake City,Office Supplies,Paper,19.4400,9.3312,3,1
2017-11-02,2017,4,11,November,West,Washington,Seattle,Office Supplies,Paper,23.8500,10.7325,5,1
2017-11-03,2017,4,11,November,Central,Minnesota,Eagan,Office Supplies,Labels,14.9400,6.8724,3,1
2017-11-03,2017,4,11,November,Central,Minnesota,Eagan,Office Supplies,Paper,8.5600,3.8520,2,1
2017-11-03,2017,4,11,November,Central,Minnesota,Eagan,Office Supplies,Storage,52.4000,14.1480,5,1
2017-11-03,2017,4,11,November,East,Pennsylvania,Philadelphia,Office Supplies,Binders,11.6730,-7.7820,3,1
2017-11-03,2017,4,11,November,East,Pennsylvania,Philadelphia,Technology,Accessories,40.7760,0.5097,3,1
2017-11-03,2017,4,11,November,South,Florida,Miami,Technology,Phones,361.3760,27.1032,2,1
2017-11-03,2017,4,11,November,South,Florida,Orlando,Office Supplies,Art,55.9840,4.1988,2,1
2017-11-03,2017,4,11,November,South,Florida,Orlando,Office Supplies,Binders,4.0860,-2.9964,2,1
2017-11-03,2017,4,11,November,South,Florida,Orlando,Office Supplies,Paper,10.6880,3.7408,2,1
2017-11-03,2017,4,11,November,South,Florida,Orlando,Technology,Copiers,959.9840,311.9948,2,1
2017-11-03,2017,4,11,November,South,Georgia,Atlanta,Office Supplies,Labels,12.3900,5.6994,3,1
2017-11-03,2017,4,11,November,South,Kentucky,Richmond,Office Supplies,Paper,26.4000,11.8800,5,1
2017-11-03,2017,4,11,November,South,North Carolina,Wilmington,Office Supplies,Paper,16.2720,5.2884,3,1
2017-11-03,2017,4,11,November,South,Tennessee,Murfreesboro,Furniture,Furnishings,15.9920,0.9995,1,1
2017-11-03,2017,4,11,November,West,California,Bakersfield,Furniture,Tables,486.3680,36.4776,4,1
2017-11-03,2017,4,11,November,West,California,San Diego,Furniture,Tables,1673.1840,20.9148,12,1
2017-11-03,2017,4,11,November,West,California,San Diego,Technology,Accessories,199.7500,87.8900,5,1
2017-11-03,2017,4,11,November,West,California,San Francisco,Office Supplies,Paper,35.8800,17.5812,6,1
2017-11-03,2017,4,11,November,West,New Mexico,Las Cruces,Furniture,Furnishings,41.3700,17.3754,3,1
2017-11-03,2017,4,11,November,West,Washington,Seattle,Furniture,Chairs,307.1360,26.8744,4,1
2017-11-03,2017,4,11,November,West,Washington,Seattle,Office Supplies,Binders,18.3680,5.9696,4,1
2017-11-03,2017,4,11,November,West,Washington,Seattle,Office Supplies,Paper,139.8600,65.7342,7,1
2017-11-03,2017,4,11,November,West,Washington,Seattle,Technology,Accessories,43.5000,10.8750,3,1
2017-11-04,2017,4,11,November,Central,Texas,Bryan,Office Supplies,Binders,13.0880,-21.9344,12,1
2017-11-04,2017,4,11,November,Central,Texas,Bryan,Office Supplies,Storage,52.7520,-12.5286,3,1
2017-11-04,2017,4,11,November,Central,Texas,Grand Prairie,Office Supplies,Labels,23.6800,8.8800,2,1
2017-11-04,2017,4,11,November,East,Ohio,Lancaster,Office Supplies,Storage,194.3520,-43.7292,3,1
2017-11-04,2017,4,11,November,East,Ohio,Lancaster,Technology,Accessories,70.7200,-6.1880,4,1
2017-11-04,2017,4,11,November,South,Arkansas,Springdale,Office Supplies,Art,4.3000,1.4190,2,1
2017-11-04,2017,4,11,November,South,North Carolina,Burlington,Office Supplies,Appliances,167.4400,14.6510,2,1
2017-11-04,2017,4,11,November,South,North Carolina,Burlington,Technology,Machines,7999.9800,-3839.9904,4,1
2017-11-04,2017,4,11,November,South,North Carolina,Greensboro,Furniture,Tables,523.7640,-192.0468,3,1
2017-11-04,2017,4,11,November,South,North Carolina,Greensboro,Technology,Phones,1359.9600,118.9965,5,1
2017-11-04,2017,4,11,November,South,Tennessee,Chattanooga,Office Supplies,Binders,3.5640,-2.9700,2,1
2017-11-04,2017,4,11,November,South,Tennessee,Chattanooga,Office Supplies,Labels,4.9280,1.7248,2,1
2017-11-04,2017,4,11,November,South,Tennessee,Chattanooga,Technology,Accessories,95.9760,15.5961,3,1
2017-11-04,2017,4,11,November,South,Tennessee,Chattanooga,Technology,Phones,143.9280,-32.3838,9,1
2017-11-04,2017,4,11,November,South,Tennessee,Columbia,Office Supplies,Paper,9.6640,3.2616,2,1
2017-11-05,2017,4,11,November,Central,Illinois,Chicago,Office Supplies,Binders,16.0300,-25.6480,5,1
2017-11-05,2017,4,11,November,Central,Indiana,Greenwood,Office Supplies,Paper,240.1500,115.5072,14,1
2017-11-05,2017,4,11,November,Central,Texas,Dallas,Technology,Phones,492.7680,55.4364,4,1
2017-11-05,2017,4,11,November,East,New York,New York City,Furniture,Chairs,128.1240,24.2012,2,1
2017-11-05,2017,4,11,November,East,New York,New York City,Furniture,Furnishings,101.4000,38.5320,5,1
2017-11-05,2017,4,11,November,East,New York,New York City,Furniture,Tables,166.5000,-66.6000,2,1
2017-11-05,2017,4,11,November,East,New York,New York City,Office Supplies,Binders,176.1120,59.2950,7,1
2017-11-05,2017,4,11,November,East,New York,New York City,Office Supplies,Paper,123.9200,59.4816,4,1
2017-11-05,2017,4,11,November,East,New York,New York City,Technology,Accessories,390.7500,171.9300,5,1
2017-11-05,2017,4,11,November,East,New York,New York City,Technology,Phones,99.9800,3.9992,2,1
2017-11-05,2017,4,11,November,West,Arizona,Phoenix,Office Supplies,Binders,2.3880,-1.8308,2,1
2017-11-05,2017,4,11,November,West,Arizona,Phoenix,Office Supplies,Storage,243.9920,30.4990,7,1
2017-11-05,2017,4,11,November,West,California,San Diego,Office Supplies,Paper,12.9600,6.2208,2,1
2017-11-05,2017,4,11,November,West,New Mexico,Farmington,Technology,Accessories,159.9900,54.3966,1,1
2017-11-06,2017,4,11,November,Central,Minnesota,Minneapolis,Office Supplies,Art,13.9000,3.6140,5,1
2017-11-06,2017,4,11,November,Central,Minnesota,Minneapolis,Office Supplies,Paper,26.3800,12.1348,1,1
2017-11-06,2017,4,11,November,Central,Texas,Dallas,Furniture,Furnishings,30.5600,-19.8640,5,1
2017-11-06,2017,4,11,November,Central,Texas,Dallas,Office Supplies,Storage,18.1600,1.8160,2,1
2017-11-06,2017,4,11,November,Central,Texas,Houston,Office Supplies,Binders,1.2480,-1.9344,2,1
2017-11-06,2017,4,11,November,East,New Jersey,Westfield,Office Supplies,Storage,46.2600,12.0276,3,1
2017-11-06,2017,4,11,November,East,New York,New York City,Office Supplies,Paper,318.9600,149.9112,9,1
2017-11-06,2017,4,11,November,East,Pennsylvania,Philadelphia,Furniture,Chairs,127.3720,-30.9332,2,1
2017-11-06,2017,4,11,November,East,Pennsylvania,Philadelphia,Office Supplies,Paper,47.9520,16.1838,3,1
2017-11-06,2017,4,11,November,South,Kentucky,Richmond,Office Supplies,Paper,5.7800,2.8322,1,1
2017-11-06,2017,4,11,November,South,North Carolina,Fayetteville,Furniture,Furnishings,28.2720,6.3612,2,1
2017-11-06,2017,4,11,November,South,North Carolina,Fayetteville,Office Supplies,Appliances,499.5840,43.7136,3,1
2017-11-06,2017,4,11,November,South,North Carolina,Fayetteville,Office Supplies,Binders,13.2720,-10.6176,8,1
2017-11-06,2017,4,11,November,South,North Carolina,Fayetteville,Office Supplies,Paper,31.1040,10.8864,6,1
2017-11-06,2017,4,11,November,South,North Carolina,Fayetteville,Office Supplies,Storage,259.1360,-51.8272,4,1
2017-11-06,2017,4,11,November,West,California,Los Angeles,Furniture,Furnishings,8.7300,2.9682,1,1
2017-11-06,2017,4,11,November,West,California,Los Angeles,Office Supplies,Art,5.6800,1.7608,2,1
2017-11-06,2017,4,11,November,West,California,Los Angeles,Office Supplies,Envelopes,15.2800,7.4872,2,1
2017-11-06,2017,4,11,November,West,California,San Francisco,Office Supplies,Labels,41.4000,19.8720,4,1
2017-11-06,2017,4,11,November,West,California,San Francisco,Office Supplies,Paper,131.7000,63.0702,12,1
2017-11-06,2017,4,11,November,West,California,San Francisco,Technology,Accessories,16.9500,1.0170,1,1
2017-11-06,2017,4,11,November,West,Oregon,Portland,Office Supplies,Binders,5.6820,-3.7880,1,1
2017-11-06,2017,4,11,November,West,Washington,Seattle,Furniture,Chairs,449.5680,-73.0548,2,1
2017-11-06,2017,4,11,November,West,Washington,Seattle,Furniture,Tables,2036.8600,366.6348,7,1
2017-11-06,2017,4,11,November,West,Washington,Seattle,Technology,Accessories,108.9600,32.6880,3,1
2017-11-07,2017,4,11,November,Central,Oklahoma,Oklahoma City,Office Supplies,Binders,38.1600,19.0800,9,1
2017-11-07,2017,4,11,November,East,Delaware,Newark,Office Supplies,Appliances,100.9400,33.3102,7,1
2017-11-07,2017,4,11,November,East,Maryland,Clinton,Furniture,Chairs,272.9700,43.6752,3,1
2017-11-07,2017,4,11,November,East,New York,New York City,Technology,Accessories,7.8800,2.5216,4,1
2017-11-07,2017,4,11,November,East,Pennsylvania,Philadelphia,Furniture,Tables,350.3520,-140.1408,4,1
2017-11-07,2017,4,11,November,East,Pennsylvania,Philadelphia,Technology,Phones,359.9700,-71.9940,5,1
2017-11-07,2017,4,11,November,West,California,Brentwood,Technology,Accessories,59.9700,13.7931,3,1
2017-11-07,2017,4,11,November,West,California,Brentwood,Technology,Phones,761.5440,66.6351,7,1
2017-11-07,2017,4,11,November,West,California,San Francisco,Office Supplies,Binders,21.7920,7.6272,4,1
2017-11-07,2017,4,11,November,West,California,San Francisco,Technology,Accessories,439.8000,145.1340,4,1
2017-11-08,2017,4,11,November,East,Maryland,Baltimore,Furniture,Furnishings,274.2000,112.4220,10,1
2017-11-08,2017,4,11,November,East,New York,New York City,Office Supplies,Art,109.9000,32.9700,5,1
2017-11-09,2017,4,11,November,East,Maryland,Columbia,Office Supplies,Binders,9.6400,4.4344,2,1
2017-11-09,2017,4,11,November,East,Maryland,Columbia,Office Supplies,Storage,2177.5200,631.4808,12,1
2017-11-09,2017,4,11,November,East,Maryland,Columbia,Technology,Accessories,826.6200,355.4466,3,1
2017-11-09,2017,4,11,November,East,New York,New York City,Furniture,Furnishings,96.5300,40.5426,7,1
2017-11-09,2017,4,11,November,South,Florida,Jacksonville,Technology,Accessories,191.9760,38.3952,3,1
2017-11-09,2017,4,11,November,South,Florida,Jacksonville,Technology,Phones,499.1680,31.1980,4,1
2017-11-09,2017,4,11,November,West,California,Coachella,Office Supplies,Storage,63.5600,3.1780,2,1
2017-11-09,2017,4,11,November,West,California,Coachella,Technology,Accessories,99.9900,43.9956,1,1
2017-11-09,2017,4,11,November,West,California,Oceanside,Furniture,Furnishings,47.1200,20.7328,8,1
2017-11-09,2017,4,11,November,West,California,San Diego,Furniture,Chairs,523.3920,52.3392,3,1
2017-11-09,2017,4,11,November,West,California,Sunnyvale,Furniture,Chairs,215.9760,-2.6997,3,1
2017-11-10,2017,4,11,November,Central,Texas,Round Rock,Furniture,Furnishings,341.9600,-427.4500,5,1
2017-11-10,2017,4,11,November,East,New York,New York City,Office Supplies,Binders,931.1760,314.2719,3,1
2017-11-10,2017,4,11,November,East,New York,New York City,Technology,Phones,430.8800,124.9552,2,1
2017-11-10,2017,4,11,November,South,Florida,Hollywood,Office Supplies,Binders,11.5200,-7.6800,5,1
2017-11-10,2017,4,11,November,West,Arizona,Tucson,Furniture,Chairs,899.1360,-146.1096,4,1
2017-11-10,2017,4,11,November,West,Arizona,Tucson,Office Supplies,Binders,38.3880,-25.5920,14,1
2017-11-10,2017,4,11,November,West,Arizona,Tucson,Technology,Accessories,239.9520,-35.9928,6,1
2017-11-10,2017,4,11,November,West,Arizona,Tucson,Technology,Machines,95.9940,-63.9960,2,1
2017-11-10,2017,4,11,November,West,Arizona,Tucson,Technology,Phones,201.5840,15.1188,2,1
2017-11-10,2017,4,11,November,West,California,Los Angeles,Furniture,Chairs,241.4240,-36.2136,2,1
2017-11-10,2017,4,11,November,West,California,Modesto,Technology,Accessories,111.7900,43.5981,7,1
2017-11-10,2017,4,11,November,West,California,Riverside,Office Supplies,Art,7.8000,2.1060,3,1
2017-11-10,2017,4,11,November,West,Washington,Pasco,Office Supplies,Appliances,400.8000,112.2240,5,1
2017-11-10,2017,4,11,November,West,Washington,Pasco,Office Supplies,Binders,28.7920,10.0772,1,1
2017-11-10,2017,4,11,November,West,Washington,Seattle,Office Supplies,Binders,26.3520,9.5526,3,1
2017-11-11,2017,4,11,November,Central,Iowa,Urbandale,Office Supplies,Fasteners,45.9200,21.5824,4,1
2017-11-11,2017,4,11,November,Central,Michigan,Detroit,Office Supplies,Art,181.8600,50.9208,7,1
2017-11-11,2017,4,11,November,Central,South Dakota,Aberdeen,Office Supplies,Supplies,25.5000,6.6300,3,1
2017-11-11,2017,4,11,November,Central,Texas,Dallas,Technology,Phones,35.1840,12.3144,2,1
2017-11-11,2017,4,11,November,Central,Texas,Garland,Office Supplies,Binders,18.3360,-32.0880,4,1
2017-11-11,2017,4,11,November,Central,Texas,Garland,Office Supplies,Labels,10.4400,3.3930,5,1
2017-11-11,2017,4,11,November,Central,Wisconsin,Milwaukee,Office Supplies,Binders,18.2400,8.5728,3,1
2017-11-11,2017,4,11,November,East,New York,New York City,Office Supplies,Storage,35.4800,0.0000,1,1
2017-11-11,2017,4,11,November,East,Ohio,Springfield,Office Supplies,Paper,10.3680,3.6288,2,1
2017-11-11,2017,4,11,November,South,Florida,Fort Lauderdale,Office Supplies,Appliances,1158.1200,130.2885,5,1
2017-11-11,2017,4,11,November,South,Tennessee,Knoxville,Furniture,Furnishings,88.9200,14.4495,5,1
2017-11-11,2017,4,11,November,West,California,Los Angeles,Furniture,Furnishings,34.9200,11.8728,4,1
2017-11-11,2017,4,11,November,West,California,Los Angeles,Office Supplies,Appliances,10.8900,2.8314,1,1
2017-11-11,2017,4,11,November,West,California,Los Angeles,Office Supplies,Binders,121.6000,39.5200,5,1
2017-11-11,2017,4,11,November,West,California,Los Angeles,Office Supplies,Paper,19.4400,9.3312,3,1
2017-11-12,2017,4,11,November,Central,Texas,Austin,Office Supplies,Paper,239.1120,75.5253,12,1
2017-11-12,2017,4,11,November,Central,Texas,Austin,Office Supplies,Storage,540.0480,-47.2542,3,1
2017-11-12,2017,4,11,November,Central,Texas,Dallas,Furniture,Furnishings,22.8480,-17.7072,3,1
2017-11-12,2017,4,11,November,Central,Texas,Dallas,Office Supplies,Binders,30.5600,-45.8400,5,1
2017-11-12,2017,4,11,November,Central,Texas,Dallas,Office Supplies,Envelopes,12.2240,4.4312,2,1
2017-11-12,2017,4,11,November,Central,Texas,Dallas,Office Supplies,Storage,77.9520,-15.5904,3,1
2017-11-12,2017,4,11,November,Central,Texas,Dallas,Technology,Accessories,44.7840,-0.5598,2,1
2017-11-12,2017,4,11,November,Central,Texas,Dallas,Technology,Phones,67.9920,8.4990,1,1
2017-11-12,2017,4,11,November,East,New York,New York City,Office Supplies,Binders,15.9200,5.3730,5,1
2017-11-12,2017,4,11,November,East,Ohio,Columbus,Office Supplies,Paper,10.8480,3.5256,2,1
2017-11-12,2017,4,11,November,East,Ohio,Columbus,Technology,Accessories,18.5440,3.0134,2,1
2017-11-12,2017,4,11,November,East,Ohio,Newark,Technology,Phones,370.7820,-92.6955,3,1
2017-11-12,2017,4,11,November,East,Pennsylvania,Lancaster,Office Supplies,Storage,221.0240,-55.2560,2,1
2017-11-12,2017,4,11,November,South,Florida,Tallahassee,Office Supplies,Paper,26.7200,9.3520,5,1
2017-11-12,2017,4,11,November,West,Arizona,Glendale,Furniture,Chairs,113.8880,9.9652,2,1
2017-11-12,2017,4,11,November,West,Arizona,Glendale,Furniture,Furnishings,113.5680,-5.6784,2,1
2017-11-12,2017,4,11,November,West,Arizona,Glendale,Office Supplies,Paper,23.1200,8.3810,5,1
2017-11-12,2017,4,11,November,West,Arizona,Glendale,Technology,Accessories,41.6000,13.0000,4,1
2017-11-12,2017,4,11,November,West,Arizona,Glendale,Technology,Phones,679.9040,51.0918,4,1
2017-11-12,2017,4,11,November,West,Arizona,Tempe,Technology,Accessories,62.3520,-10.9116,6,1
2017-11-12,2017,4,11,November,West,California,Los Angeles,Office Supplies,Binders,14.0160,4.9056,4,1
2017-11-12,2017,4,11,November,West,California,Los Angeles,Office Supplies,Paper,11.5600,5.6644,2,1
2017-11-12,2017,4,11,November,West,California,Santa Clara,Office Supplies,Paper,10.5600,4.7520,2,1
2017-11-12,2017,4,11,November,West,Washington,Longview,Office Supplies,Appliances,76.1200,22.0748,2,1
2017-11-12,2017,4,11,November,West,Washington,Longview,Office Supplies,Fasteners,18.2400,9.1200,3,1
2017-11-12,2017,4,11,November,West,Washington,Seattle,Office Supplies,Art,9.2100,2.3025,3,1
2017-11-12,2017,4,11,November,West,Washington,Seattle,Office Supplies,Labels,9.9600,4.5816,2,1
2017-11-12,2017,4,11,November,West,Washington,Seattle,Office Supplies,Supplies,27.9300,8.0997,3,1
2017-11-13,2017,4,11,November,Central,Illinois,Chicago,Office Supplies,Storage,230.3760,-48.9549,3,1
2017-11-13,2017,4,11,November,Central,Texas,Dallas,Furniture,Bookcases,205.9992,-27.2646,3,1
2017-11-13,2017,4,11,November,Central,Texas,Dallas,Office Supplies,Storage,61.7920,6.1792,4,1
2017-11-13,2017,4,11,November,Central,Texas,Houston,Office Supplies,Appliances,9.3240,-24.7086,6,1
2017-11-13,2017,4,11,November,East,New York,Buffalo,Furniture,Furnishings,154.9500,30.9900,3,1
2017-11-13,2017,4,11,November,East,New York,Buffalo,Technology,Phones,43.6000,12.2080,4,1
2017-11-13,2017,4,11,November,East,New York,New York City,Office Supplies,Storage,11.2100,3.3630,1,1
2017-11-13,2017,4,11,November,East,New York,New York City,Technology,Phones,629.9500,163.7870,5,1
2017-11-13,2017,4,11,November,East,New York,Yonkers,Technology,Accessories,163.9600,70.5028,4,1
2017-11-13,2017,4,11,November,East,Ohio,Springfield,Office Supplies,Binders,11.2200,-7.4800,10,1
2017-11-13,2017,4,11,November,East,Ohio,Springfield,Technology,Accessories,60.8640,9.1296,4,1
2017-11-13,2017,4,11,November,East,Ohio,Springfield,Technology,Machines,652.9950,-935.9595,7,1
2017-11-13,2017,4,11,November,South,Alabama,Decatur,Technology,Accessories,239.9200,23.9920,8,1
2017-11-13,2017,4,11,November,South,Florida,Jupiter,Office Supplies,Art,2.0640,0.1548,1,1
2017-11-13,2017,4,11,November,South,Tennessee,Memphis,Office Supplies,Paper,8.9040,3.3390,3,1
2017-11-13,2017,4,11,November,South,Tennessee,Memphis,Office Supplies,Storage,720.0640,-63.0056,4,1
2017-11-13,2017,4,11,November,West,California,Dublin,Technology,Phones,22.0000,1.3750,5,1
2017-11-13,2017,4,11,November,West,California,Oxnard,Technology,Accessories,82.9500,29.0325,5,1
2017-11-13,2017,4,11,November,West,Washington,Seattle,Furniture,Chairs,2404.7040,150.2940,6,1
2017-11-13,2017,4,11,November,West,Washington,Seattle,Office Supplies,Binders,563.0240,190.0206,11,1
2017-11-13,2017,4,11,November,West,Washington,Seattle,Office Supplies,Labels,8.6400,4.2336,3,1
2017-11-13,2017,4,11,November,West,Washington,Seattle,Office Supplies,Storage,344.9100,10.3473,3,1
2017-11-14,2017,4,11,November,Central,Minnesota,Minneapolis,Office Supplies,Envelopes,15.2800,7.4872,2,1
2017-11-14,2017,4,11,November,Central,Texas,Houston,Office Supplies,Binders,21.9900,-32.9850,5,1
2017-11-14,2017,4,11,November,Central,Texas,Pasadena,Office Supplies,Art,45.0400,4.5040,2,1
2017-11-14,2017,4,11,November,Central,Texas,Pasadena,Technology,Accessories,167.9520,-27.2922,6,1
2017-11-14,2017,4,11,November,East,New York,New York City,Office Supplies,Binders,8.6400,3.0240,2,1
2017-11-14,2017,4,11,November,East,New York,Watertown,Office Supplies,Storage,96.3600,25.0536,6,1
2017-11-14,2017,4,11,November,East,Ohio,Grove City,Office Supplies,Binders,3.6480,-2.7968,2,1
2017-11-14,2017,4,11,November,East,Ohio,Grove City,Technology,Phones,119.9400,15.9920,10,1
2017-11-14,2017,4,11,November,West,California,Los Angeles,Office Supplies,Art,34.2400,9.9296,8,1
2017-11-14,2017,4,11,November,West,California,San Francisco,Furniture,Chairs,321.5680,28.1372,2,1
2017-11-15,2017,4,11,November,South,Florida,Miramar,Furniture,Furnishings,559.2000,55.0160,8,1
2017-11-16,2017,4,11,November,East,New York,New York City,Office Supplies,Paper,146.8200,73.4100,3,1
2017-11-16,2017,4,11,November,East,New York,Utica,Technology,Phones,119.9400,5.9970,6,1
2017-11-16,2017,4,11,November,East,New York,Yonkers,Technology,Machines,52.4400,24.1224,4,1
2017-11-16,2017,4,11,November,East,Ohio,Bowling Green,Office Supplies,Art,86.3520,5.3970,3,1
2017-11-16,2017,4,11,November,East,Ohio,Bowling Green,Technology,Accessories,139.9600,-1.7495,5,1
2017-11-16,2017,4,11,November,East,Ohio,Bowling Green,Technology,Copiers,899.9820,74.9985,3,1
2017-11-16,2017,4,11,November,East,Ohio,Elyria,Office Supplies,Binders,1.8240,-1.3984,1,1
2017-11-16,2017,4,11,November,West,California,Escondido,Office Supplies,Art,23.3600,6.0736,4,1
2017-11-16,2017,4,11,November,West,California,Fresno,Office Supplies,Storage,48.8600,0.9772,7,1
2017-11-16,2017,4,11,November,West,California,Los Angeles,Furniture,Furnishings,132.3600,28.4592,6,1
2017-11-16,2017,4,11,November,West,California,Roseville,Furniture,Furnishings,17.3100,5.1930,3,1
2017-11-16,2017,4,11,November,West,California,San Diego,Office Supplies,Storage,811.2800,24.3384,8,1
2017-11-16,2017,4,11,November,West,California,San Francisco,Technology,Machines,1919.9760,215.9973,3,1
2017-11-16,2017,4,11,November,West,Washington,Seattle,Furniture,Furnishings,139.9200,23.7864,2,1
2017-11-16,2017,4,11,November,West,Washington,Seattle,Office Supplies,Paper,73.6800,34.6296,6,1
2017-11-16,2017,4,11,November,West,Washington,Seattle,Office Supplies,Storage,33.2900,7.9896,1,1
2017-11-16,2017,4,11,November,West,Washington,Seattle,Technology,Phones,107.8800,10.7880,3,1
2017-11-17,2017,4,11,November,Central,Illinois,Naperville,Technology,Accessories,239.9600,83.9860,5,1
2017-11-17,2017,4,11,November,Central,Texas,Brownsville,Furniture,Bookcases,327.7328,-14.4588,2,1
2017-11-17,2017,4,11,November,East,Delaware,Newark,Technology,Copiers,10499.9700,5039.9856,3,1
2017-11-17,2017,4,11,November,East,Maryland,Hagerstown,Office Supplies,Binders,43.8000,20.5860,6,1
2017-11-17,2017,4,11,November,East,Massachusetts,Everett,Office Supplies,Art,50.9400,14.2632,3,1
2017-11-17,2017,4,11,November,East,New York,New York City,Furniture,Furnishings,187.7600,76.9816,4,1
2017-11-17,2017,4,11,November,East,New York,New York City,Office Supplies,Paper,38.8800,18.6624,6,1
2017-11-17,2017,4,11,November,East,New York,New York City,Office Supplies,Storage,1247.6400,349.3392,3,1
2017-11-17,2017,4,11,November,South,Georgia,Athens,Technology,Accessories,79.9900,28.7964,1,1
2017-11-17,2017,4,11,November,South,Georgia,Athens,Technology,Phones,206.1000,55.6470,5,1
2017-11-17,2017,4,11,November,South,North Carolina,Charlotte,Office Supplies,Paper,268.2400,93.8840,7,1
2017-11-17,2017,4,11,November,South,North Carolina,Charlotte,Technology,Accessories,431.1600,107.7900,5,1
2017-11-17,2017,4,11,November,South,Virginia,Salem,Office Supplies,Appliances,35.0400,12.2640,2,1
2017-11-17,2017,4,11,November,West,Oregon,Hillsboro,Office Supplies,Binders,4.1580,-3.4650,7,1
2017-11-17,2017,4,11,November,West,Oregon,Hillsboro,Office Supplies,Paper,19.6080,6.6177,3,1
2017-11-17,2017,4,11,November,West,Washington,Seattle,Office Supplies,Binders,13.9040,4.5188,2,1
2017-11-18,2017,4,11,November,Central,Illinois,Chicago,Furniture,Chairs,127.3860,-25.4772,2,1
2017-11-18,2017,4,11,November,Central,Illinois,Chicago,Office Supplies,Envelopes,55.5840,20.8440,6,1
2017-11-18,2017,4,11,November,Central,Michigan,Saginaw,Furniture,Furnishings,19.7600,8.2992,4,1
2017-11-18,2017,4,11,November,Central,Wisconsin,Milwaukee,Furniture,Furnishings,5.8200,2.7354,2,1
2017-11-18,2017,4,11,November,Central,Wisconsin,Milwaukee,Office Supplies,Labels,7.3800,3.4686,2,1
2017-11-18,2017,4,11,November,Central,Wisconsin,Milwaukee,Office Supplies,Storage,130.2800,35.5532,7,1
2017-11-18,2017,4,11,November,East,New York,Long Beach,Technology,Phones,74.9500,36.7255,5,1
2017-11-18,2017,4,11,November,East,Ohio,Lakewood,Office Supplies,Art,38.8640,7.7728,7,1
2017-11-18,2017,4,11,November,South,Florida,Homestead,Office Supplies,Paper,44.3840,15.5344,1,1
2017-11-18,2017,4,11,November,South,Florida,Homestead,Office Supplies,Supplies,2.9440,-0.6624,1,1
2017-11-18,2017,4,11,November,South,Florida,Miramar,Office Supplies,Appliances,389.0560,48.6320,4,1
2017-11-18,2017,4,11,November,South,Florida,Miramar,Office Supplies,Binders,20.2320,-16.1856,8,1
2017-11-18,2017,4,11,November,South,Florida,Miramar,Office Supplies,Paper,62.2080,21.7728,12,1
2017-11-18,2017,4,11,November,South,Florida,Miramar,Office Supplies,Storage,81.3600,-19.3230,5,1
2017-11-18,2017,4,11,November,West,Washington,Seattle,Office Supplies,Binders,8.4480,2.9568,2,1
2017-11-18,2017,4,11,November,West,Washington,Seattle,Office Supplies,Fasteners,2.9600,1.4208,2,1
2017-11-18,2017,4,11,November,West,Washington,Seattle,Office Supplies,Storage,265.6200,55.4076,9,1
2017-11-18,2017,4,11,November,West,Washington,Seattle,Technology,Accessories,132.5200,54.3332,4,1
2017-11-19,2017,4,11,November,Central,Illinois,Chicago,Furniture,Tables,219.0750,-131.4450,3,1
2017-11-19,2017,4,11,November,Central,Texas,Carrollton,Furniture,Furnishings,15.9920,-13.9930,2,1
2017-11-19,2017,4,11,November,Central,Texas,Carrollton,Office Supplies,Art,99.1360,8.6744,4,1
2017-11-19,2017,4,11,November,Central,Texas,Carrollton,Office Supplies,Paper,16.8960,5.2800,4,1
2017-11-19,2017,4,11,November,Central,Texas,Carrollton,Office Supplies,Supplies,6.6720,0.5004,1,1
2017-11-19,2017,4,11,November,Central,Texas,College Station,Furniture,Chairs,233.0580,-53.2704,3,1
2017-11-19,2017,4,11,November,Central,Texas,Houston,Furniture,Chairs,191.0580,-46.3998,3,1
2017-11-19,2017,4,11,November,Central,Texas,Houston,Office Supplies,Art,13.0400,3.9120,5,1
2017-11-19,2017,4,11,November,Central,Texas,Houston,Office Supplies,Binders,1525.1880,-2287.7820,6,1
2017-11-19,2017,4,11,November,Central,Texas,San Angelo,Furniture,Chairs,305.3120,-8.7232,2,1
2017-11-19,2017,4,11,November,Central,Texas,San Antonio,Furniture,Tables,718.1160,-71.8116,6,1
2017-11-19,2017,4,11,November,Central,Texas,San Antonio,Office Supplies,Art,31.7760,8.7384,4,1
2017-11-19,2017,4,11,November,East,New York,New York City,Furniture,Tables,79.9740,-29.3238,3,1
2017-11-19,2017,4,11,November,East,New York,New York City,Office Supplies,Appliances,2504.7400,626.1850,7,1
2017-11-19,2017,4,11,November,East,New York,New York City,Office Supplies,Binders,99.6880,32.1845,13,2
2017-11-19,2017,4,11,November,East,New York,New York City,Office Supplies,Envelopes,16.7400,8.3700,3,1
2017-11-19,2017,4,11,November,East,New York,New York City,Office Supplies,Paper,13.3600,6.4128,2,1
2017-11-19,2017,4,11,November,East,Ohio,Cleveland,Office Supplies,Binders,59.9130,-45.9333,7,1
2017-11-19,2017,4,11,November,South,Kentucky,Henderson,Furniture,Furnishings,821.8800,213.6888,6,1
2017-11-19,2017,4,11,November,South,Kentucky,Henderson,Office Supplies,Binders,21.9600,10.7604,2,1
2017-11-19,2017,4,11,November,South,Virginia,Alexandria,Office Supplies,Fasteners,25.0600,12.5300,7,1
2017-11-19,2017,4,11,November,South,Virginia,Springfield,Office Supplies,Art,22.9600,6.6584,7,1
2017-11-19,2017,4,11,November,West,California,Los Angeles,Furniture,Furnishings,18.7000,7.1060,1,1
2017-11-19,2017,4,11,November,West,California,Los Angeles,Office Supplies,Storage,305.0100,76.2525,9,1
2017-11-19,2017,4,11,November,West,California,Westminster,Technology,Phones,31.9680,2.3976,4,1
2017-11-20,2017,4,11,November,Central,Minnesota,Lakeville,Office Supplies,Art,22.0000,9.6800,10,1
2017-11-20,2017,4,11,November,East,New York,New York City,Furniture,Bookcases,183.9680,-25.2956,2,1
2017-11-20,2017,4,11,November,East,New York,New York City,Furniture,Furnishings,50.9700,9.1746,3,1
2017-11-20,2017,4,11,November,East,New York,New York City,Office Supplies,Art,68.9700,19.3116,3,1
2017-11-20,2017,4,11,November,East,New York,New York City,Office Supplies,Paper,46.7600,22.4448,7,1
2017-11-20,2017,4,11,November,East,New York,New York City,Technology,Accessories,2.9700,1.3365,3,1
2017-11-20,2017,4,11,November,East,New York,New York City,Technology,Phones,1829.9600,498.5892,4,2
2017-11-20,2017,4,11,November,East,Ohio,Newark,Furniture,Furnishings,82.2560,29.7014,7,1
2017-11-20,2017,4,11,November,South,Kentucky,Henderson,Furniture,Furnishings,27.5800,11.5836,2,1
2017-11-20,2017,4,11,November,South,North Carolina,Burlington,Office Supplies,Art,52.6960,4.4919,10,1
2017-11-20,2017,4,11,November,South,Tennessee,Jackson,Furniture,Chairs,209.5680,-23.5764,2,1
2017-11-20,2017,4,11,November,West,California,Ontario,Furniture,Chairs,283.9200,-46.1370,5,1
2017-11-20,2017,4,11,November,West,California,San Francisco,Furniture,Furnishings,42.6000,16.6140,3,1
2017-11-20,2017,4,11,November,West,California,San Francisco,Office Supplies,Binders,84.0560,27.3182,7,1
2017-11-21,2017,4,11,November,Central,Texas,Houston,Technology,Phones,55.1760,-12.4146,3,1
2017-11-21,2017,4,11,November,East,New York,New York City,Furniture,Furnishings,27.4200,11.2422,1,1
2017-11-21,2017,4,11,November,East,Pennsylvania,Philadelphia,Office Supplies,Paper,8.4480,2.6400,2,1
2017-11-21,2017,4,11,November,East,Pennsylvania,Philadelphia,Office Supplies,Storage,39.2960,3.9296,4,1
2017-11-21,2017,4,11,November,West,California,Pasadena,Office Supplies,Appliances,8.6200,2.2412,1,1
2017-11-21,2017,4,11,November,West,California,Pasadena,Office Supplies,Art,5.5600,1.4456,2,1
2017-11-21,2017,4,11,November,West,California,Pasadena,Office Supplies,Fasteners,9.0200,3.5178,2,1
2017-11-21,2017,4,11,November,West,California,Pasadena,Office Supplies,Storage,56.5600,15.2712,2,1
2017-11-21,2017,4,11,November,West,California,Pasadena,Technology,Phones,659.9760,49.4982,3,1
2017-11-21,2017,4,11,November,West,California,San Francisco,Office Supplies,Art,11.7600,3.1752,4,1
2017-11-21,2017,4,11,November,West,California,San Francisco,Office Supplies,Binders,40.7360,14.7668,2,1
2017-11-21,2017,4,11,November,West,Washington,Renton,Office Supplies,Binders,150.8000,56.5500,5,1
2017-11-21,2017,4,11,November,West,Washington,Renton,Office Supplies,Paper,51.8400,24.8832,8,1
2017-11-21,2017,4,11,November,West,Washington,Renton,Technology,Machines,1039.9920,103.9992,1,1
2017-11-21,2017,4,11,November,West,Washington,Spokane,Furniture,Tables,70.9800,20.5842,1,1
2017-11-22,2017,4,11,November,Central,Texas,Houston,Office Supplies,Art,35.7120,2.2320,8,1
2017-11-23,2017,4,11,November,Central,Illinois,Chicago,Furniture,Furnishings,6.4640,-4.0400,1,1
2017-11-23,2017,4,11,November,Central,Illinois,Chicago,Office Supplies,Labels,11.5200,4.1760,5,1
2017-11-23,2017,4,11,November,Central,Illinois,Chicago,Office Supplies,Paper,10.6880,3.7408,2,1
2017-11-23,2017,4,11,November,Central,Illinois,Chicago,Technology,Phones,222.3840,16.6788,2,1
2017-11-23,2017,4,11,November,Central,Michigan,Canton,Furniture,Furnishings,28.4000,11.0760,2,1
2017-11-23,2017,4,11,November,Central,Michigan,Canton,Office Supplies,Binders,287.9200,138.2016,8,1
2017-11-23,2017,4,11,November,Central,Michigan,Roseville,Office Supplies,Supplies,4.3600,0.1744,2,1
2017-11-23,2017,4,11,November,Central,Texas,Dallas,Furniture,Tables,127.7850,-31.0335,1,1
2017-11-23,2017,4,11,November,Central,Texas,Dallas,Office Supplies,Binders,6.1040,-9.1560,2,1
2017-11-23,2017,4,11,November,Central,Texas,Dallas,Office Supplies,Paper,114.5920,42.0648,9,1
2017-11-23,2017,4,11,November,Central,Texas,Dallas,Technology,Phones,195.9600,19.5960,5,1
2017-11-23,2017,4,11,November,East,Pennsylvania,Philadelphia,Furniture,Furnishings,24.0480,7.2144,9,1
2017-11-23,2017,4,11,November,East,Pennsylvania,Philadelphia,Office Supplies,Binders,7.4760,-5.9808,1,1
2017-11-23,2017,4,11,November,South,North Carolina,Charlotte,Office Supplies,Art,3.3040,1.0738,1,1
2017-11-23,2017,4,11,November,South,North Carolina,Charlotte,Technology,Accessories,74.1120,17.6016,8,1
2017-11-23,2017,4,11,November,South,North Carolina,Charlotte,Technology,Phones,27.9920,2.0994,1,1
2017-11-24,2017,4,11,November,Central,Kansas,Garden City,Office Supplies,Storage,33.2900,7.9896,1,1
2017-11-24,2017,4,11,November,Central,Texas,Houston,Office Supplies,Fasteners,10.8240,2.5707,3,1
2017-11-24,2017,4,11,November,Central,Texas,Odessa,Office Supplies,Appliances,13.7620,-24.7716,1,1
2017-11-24,2017,4,11,November,East,New York,New York City,Furniture,Bookcases,321.5680,-16.0784,2,1
2017-11-24,2017,4,11,November,East,New York,New York City,Furniture,Chairs,977.2920,173.7408,6,1
2017-11-24,2017,4,11,November,East,New York,New York City,Office Supplies,Art,16.3800,7.3710,9,1
2017-11-24,2017,4,11,November,East,New York,New York City,Office Supplies,Envelopes,167.9600,78.9412,2,1
2017-11-24,2017,4,11,November,East,New York,New York City,Office Supplies,Paper,18.8400,9.1020,3,2
2017-11-24,2017,4,11,November,East,Pennsylvania,Lancaster,Office Supplies,Paper,229.5440,83.2097,7,1
2017-11-24,2017,4,11,November,East,Pennsylvania,Lancaster,Technology,Phones,89.9880,-14.9980,2,1
2017-11-24,2017,4,11,November,South,Kentucky,Richmond,Office Supplies,Binders,2.8800,1.4112,1,1
2017-11-24,2017,4,11,November,South,Kentucky,Richmond,Office Supplies,Storage,1443.9600,375.4296,12,1
2017-11-24,2017,4,11,November,South,North Carolina,Asheville,Office Supplies,Binders,19.0080,-12.6720,8,1
2017-11-24,2017,4,11,November,South,South Carolina,Summerville,Office Supplies,Binders,327.8400,157.3632,8,1
2017-11-24,2017,4,11,November,South,South Carolina,Summerville,Technology,Phones,79.1000,39.5500,2,1
2017-11-24,2017,4,11,November,South,Tennessee,Memphis,Office Supplies,Binders,11.6730,-7.7820,3,1
2017-11-24,2017,4,11,November,South,Tennessee,Memphis,Office Supplies,Envelopes,64.8480,24.3180,7,1
2017-11-24,2017,4,11,November,West,Arizona,Mesa,Office Supplies,Binders,20.7240,-15.1976,2,1
2017-11-24,2017,4,11,November,West,Arizona,Mesa,Office Supplies,Storage,415.8720,-41.5872,8,1
2017-11-24,2017,4,11,November,West,California,Los Angeles,Furniture,Tables,435.1680,7.3248,4,1
2017-11-24,2017,4,11,November,West,California,San Francisco,Office Supplies,Art,27.7600,9.9936,4,1
2017-11-24,2017,4,11,November,West,California,San Francisco,Office Supplies,Paper,7.7800,3.5010,1,1
2017-11-24,2017,4,11,November,West,California,San Francisco,Technology,Accessories,223.5800,87.1962,14,1
2017-11-25,2017,4,11,November,Central,Michigan,Canton,Office Supplies,Storage,501.8100,0.0000,3,1
2017-11-25,2017,4,11,November,Central,Texas,Houston,Furniture,Chairs,853.9300,-24.3980,5,1
2017-11-25,2017,4,11,November,Central,Texas,Houston,Office Supplies,Appliances,67.8400,-179.7760,5,1
2017-11-25,2017,4,11,November,Central,Texas,Houston,Office Supplies,Art,18.6880,3.7376,4,1
2017-11-25,2017,4,11,November,Central,Texas,Houston,Technology,Phones,299.9600,37.4950,5,1
2017-11-25,2017,4,11,November,South,Florida,Fort Lauderdale,Furniture,Bookcases,723.9200,-81.4410,5,1
2017-11-25,2017,4,11,November,South,Georgia,Atlanta,Office Supplies,Paper,48.8700,23.9463,9,1
2017-11-25,2017,4,11,November,South,Kentucky,Louisville,Furniture,Chairs,701.9600,168.4704,2,1
2017-11-25,2017,4,11,November,West,California,Laguna Niguel,Office Supplies,Paper,34.0800,15.3360,6,1
2017-11-25,2017,4,11,November,West,California,Laguna Niguel,Technology,Phones,39.9600,3.4965,5,1
2017-11-25,2017,4,11,November,West,California,San Francisco,Furniture,Bookcases,359.4990,-29.6058,3,1
2017-11-25,2017,4,11,November,West,California,San Francisco,Office Supplies,Art,5.1600,1.3416,2,1
2017-11-25,2017,4,11,November,West,California,San Francisco,Office Supplies,Storage,10.4800,2.8296,1,1
2017-11-26,2017,4,11,November,Central,Illinois,Rockford,Office Supplies,Binders,33.5680,-53.7088,8,1
2017-11-26,2017,4,11,November,Central,Indiana,Richmond,Furniture,Chairs,828.6000,240.2940,3,1
2017-11-26,2017,4,11,November,Central,Indiana,Richmond,Furniture,Furnishings,27.4600,9.8856,2,1
2017-11-26,2017,4,11,November,Central,Indiana,Richmond,Furniture,Tables,257.9400,67.0644,3,1
2017-11-26,2017,4,11,November,Central,Indiana,Richmond,Technology,Phones,1969.9400,588.3788,6,1
2017-11-26,2017,4,11,November,Central,Missouri,Gladstone,Furniture,Furnishings,126.3000,40.4160,3,1
2017-11-26,2017,4,11,November,Central,Missouri,Gladstone,Technology,Accessories,38.0400,12.1728,2,1
2017-11-26,2017,4,11,November,East,New York,New York City,Furniture,Furnishings,135.3000,37.8840,5,1
2017-11-26,2017,4,11,November,East,New York,New York City,Office Supplies,Appliances,58.7300,14.6825,7,1
2017-11-26,2017,4,11,November,East,New York,New York City,Office Supplies,Binders,93.3440,32.6704,4,1
2017-11-26,2017,4,11,November,East,New York,New York City,Technology,Phones,979.9500,264.5865,5,1
2017-11-26,2017,4,11,November,East,Ohio,Columbus,Office Supplies,Appliances,265.4080,33.7788,10,1
2017-11-26,2017,4,11,November,East,Ohio,Columbus,Technology,Phones,220.7520,-40.4712,8,1
2017-11-26,2017,4,11,November,South,Georgia,Atlanta,Office Supplies,Art,12.8400,3.7236,3,1
2017-11-27,2017,4,11,November,Central,Indiana,Columbus,Office Supplies,Binders,497.9400,224.0730,3,1
2017-11-27,2017,4,11,November,Central,Indiana,Columbus,Office Supplies,Paper,158.2800,72.8088,6,1
2017-11-27,2017,4,11,November,Central,Wisconsin,Milwaukee,Furniture,Furnishings,46.9400,19.2454,1,1
2017-11-27,2017,4,11,November,Central,Wisconsin,Milwaukee,Technology,Accessories,143.7300,56.0547,9,1
2017-11-27,2017,4,11,November,East,New York,New York City,Office Supplies,Art,6.9900,2.0271,3,1
2017-11-27,2017,4,11,November,East,New York,New York City,Office Supplies,Binders,107.4240,36.2556,6,1
2017-11-27,2017,4,11,November,South,North Carolina,Asheville,Office Supplies,Appliances,43.5840,4.3584,1,1
2017-11-27,2017,4,11,November,South,North Carolina,Asheville,Office Supplies,Art,8.7600,0.7665,5,1
2017-11-27,2017,4,11,November,West,California,Los Angeles,Furniture,Furnishings,18.8400,6.0288,3,1
2017-11-27,2017,4,11,November,West,California,Los Angeles,Office Supplies,Binders,117.4880,41.1208,7,1
2017-11-27,2017,4,11,November,West,California,Los Angeles,Technology,Phones,57.5680,5.7568,4,1
2017-11-27,2017,4,11,November,West,California,San Francisco,Office Supplies,Paper,244.5500,114.9385,5,1
2017-11-27,2017,4,11,November,West,California,San Francisco,Technology,Accessories,166.1600,59.8176,8,1
2017-11-28,2017,4,11,November,East,Maryland,Baltimore,Furniture,Furnishings,1070.1000,280.3160,10,1
2017-11-28,2017,4,11,November,East,Maryland,Baltimore,Office Supplies,Art,1.6400,0.7380,1,1
2017-11-28,2017,4,11,November,East,New York,New York City,Office Supplies,Envelopes,79.9600,35.9820,2,1
2017-11-28,2017,4,11,November,East,New York,New York City,Technology,Phones,1979.8900,494.9725,11,1
2017-11-28,2017,4,11,November,East,Pennsylvania,Philadelphia,Furniture,Furnishings,1523.7200,62.6302,13,1
2017-11-28,2017,4,11,November,East,Pennsylvania,Philadelphia,Furniture,Tables,2065.3200,-619.5960,12,1
2017-11-28,2017,4,11,November,East,Pennsylvania,Philadelphia,Office Supplies,Paper,40.8960,13.3632,9,1
2017-11-28,2017,4,11,November,West,California,San Diego,Office Supplies,Labels,62.6500,29.4455,5,1
2017-11-28,2017,4,11,November,West,Colorado,Denver,Office Supplies,Paper,88.7680,31.0688,2,1
2017-11-29,2017,4,11,November,South,Tennessee,Chattanooga,Furniture,Chairs,390.3680,48.7960,2,1
2017-11-29,2017,4,11,November,South,Tennessee,Chattanooga,Furniture,Furnishings,101.5200,19.0350,5,1
2017-11-30,2017,4,11,November,Central,Texas,Edinburg,Office Supplies,Fasteners,2.3680,0.8288,2,1
2017-11-30,2017,4,11,November,Central,Texas,El Paso,Technology,Accessories,95.9760,-10.7973,3,1
2017-11-30,2017,4,11,November,East,Delaware,Newark,Office Supplies,Art,155.9400,45.2226,6,1
2017-11-30,2017,4,11,November,East,New York,New York City,Furniture,Chairs,1242.9000,262.3900,5,1
2017-11-30,2017,4,11,November,East,New York,New York City,Office Supplies,Binders,68.4720,23.1093,3,1
2017-11-30,2017,4,11,November,East,New York,New York City,Office Supplies,Storage,353.0500,7.0610,7,1
2017-11-30,2017,4,11,November,East,New York,New York City,Technology,Phones,546.0600,163.8180,3,1
2017-11-30,2017,4,11,November,East,Ohio,Toledo,Office Supplies,Appliances,663.9360,82.9920,4,1
2017-11-30,2017,4,11,November,East,Pennsylvania,Philadelphia,Furniture,Chairs,1079.3160,-15.4188,6,1
2017-11-30,2017,4,11,November,South,Florida,Miami,Technology,Phones,71.9760,8.9970,3,1
2017-11-30,2017,4,11,November,South,Mississippi,Jackson,Office Supplies,Storage,173.8000,43.4500,5,1
2017-11-30,2017,4,11,November,South,North Carolina,Burlington,Furniture,Tables,1781.6820,-653.2834,7,1
2017-11-30,2017,4,11,November,South,North Carolina,Burlington,Technology,Accessories,383.9760,81.5949,3,1
2017-11-30,2017,4,11,November,West,California,San Francisco,Furniture,Furnishings,25.8300,9.5571,3,1
2017-12-01,2017,4,12,December,Central,Michigan,Saginaw,Office Supplies,Binders,15.9200,7.4824,4,1
2017-12-01,2017,4,12,December,Central,Michigan,Saginaw,Office Supplies,Fasteners,52.2900,16.2099,9,1
2017-12-01,2017,4,12,December,Central,Michigan,Saginaw,Office Supplies,Storage,175.9100,9.5540,5,1
2017-12-01,2017,4,12,December,Central,Michigan,Saginaw,Technology,Phones,131.9800,35.6346,2,1
2017-12-01,2017,4,12,December,Central,Texas,Grand Prairie,Furniture,Chairs,317.0580,-18.1176,3,1
2017-12-01,2017,4,12,December,Central,Texas,Grand Prairie,Technology,Phones,219.8000,24.7275,5,1
2017-12-01,2017,4,12,December,Central,Texas,San Antonio,Office Supplies,Paper,10.3680,3.6288,2,1
2017-12-01,2017,4,12,December,East,Connecticut,Fairfield,Furniture,Chairs,897.1500,251.2020,3,1
2017-12-01,2017,4,12,December,East,Connecticut,Fairfield,Office Supplies,Paper,19.4400,9.3312,3,1
2017-12-01,2017,4,12,December,East,New York,New York City,Office Supplies,Binders,17.5200,6.1320,5,1
2017-12-01,2017,4,12,December,East,New York,New York City,Office Supplies,Storage,221.5500,6.6465,3,1
2017-12-01,2017,4,12,December,East,New York,New York City,Technology,Accessories,20.3700,6.9258,3,1
2017-12-01,2017,4,12,December,East,Ohio,Marion,Furniture,Furnishings,7.7120,1.7352,2,1
2017-12-01,2017,4,12,December,East,Pennsylvania,Philadelphia,Furniture,Chairs,398.9720,-28.4980,2,1
2017-12-01,2017,4,12,December,East,Pennsylvania,Philadelphia,Furniture,Furnishings,79.1200,13.8460,5,1
2017-12-01,2017,4,12,December,East,Pennsylvania,Philadelphia,Office Supplies,Binders,8.0010,-5.6007,7,1
2017-12-01,2017,4,12,December,East,Pennsylvania,Philadelphia,Office Supplies,Envelopes,104.6800,35.3295,5,1
2017-12-01,2017,4,12,December,East,Pennsylvania,Philadelphia,Office Supplies,Labels,15.9360,5.1792,4,1
2017-12-01,2017,4,12,December,East,Pennsylvania,Philadelphia,Office Supplies,Storage,37.3920,2.3370,3,1
2017-12-01,2017,4,12,December,East,Pennsylvania,Philadelphia,Technology,Phones,62.9580,9.4437,7,1
2017-12-01,2017,4,12,December,West,California,Los Angeles,Office Supplies,Binders,10.1280,3.6714,2,1
2017-12-01,2017,4,12,December,West,California,Los Angeles,Office Supplies,Paper,45.3600,21.7728,7,1
2017-12-01,2017,4,12,December,West,California,Stockton,Furniture,Furnishings,629.6400,107.0388,9,1
2017-12-01,2017,4,12,December,West,Colorado,Denver,Office Supplies,Appliances,31.1520,3.5046,3,1
2017-12-01,2017,4,12,December,West,Colorado,Denver,Office Supplies,Binders,6.7830,-4.7481,7,1
2017-12-01,2017,4,12,December,West,Colorado,Denver,Technology,Phones,982.3280,92.6335,9,1
2017-12-01,2017,4,12,December,West,Washington,Seattle,Furniture,Bookcases,141.9600,41.1684,2,1
2017-12-01,2017,4,12,December,West,Washington,Seattle,Furniture,Furnishings,70.6800,31.0992,12,1
2017-12-01,2017,4,12,December,West,Washington,Seattle,Office Supplies,Binders,15.9200,5.3730,5,1
2017-12-01,2017,4,12,December,West,Washington,Seattle,Office Supplies,Paper,41.8600,18.8370,7,1
2017-12-01,2017,4,12,December,West,Washington,Seattle,Office Supplies,Storage,541.2400,5.4124,4,1
2017-12-02,2017,4,12,December,Central,Nebraska,Omaha,Technology,Phones,2479.9600,743.9880,4,1
2017-12-02,2017,4,12,December,Central,Texas,Houston,Furniture,Furnishings,8.7520,-3.7196,4,1
2017-12-02,2017,4,12,December,Central,Texas,Houston,Office Supplies,Appliances,294.6200,-766.0120,5,1
2017-12-02,2017,4,12,December,Central,Texas,Houston,Office Supplies,Art,12.1600,2.1280,5,1
2017-12-02,2017,4,12,December,East,Massachusetts,Lowell,Office Supplies,Appliances,286.8600,80.3208,7,1
2017-12-02,2017,4,12,December,East,Massachusetts,Lowell,Office Supplies,Supplies,4.3600,0.1744,2,1
2017-12-02,2017,4,12,December,East,Massachusetts,Lowell,Technology,Phones,979.9500,284.1855,5,1
2017-12-02,2017,4,12,December,East,Ohio,Lakewood,Office Supplies,Art,19.7280,1.7262,9,1
2017-12-02,2017,4,12,December,East,Ohio,Lakewood,Technology,Phones,151.1880,-25.1980,2,1
2017-12-02,2017,4,12,December,East,Pennsylvania,Philadelphia,Office Supplies,Binders,631.1760,-462.8624,4,1
2017-12-02,2017,4,12,December,South,Florida,Miami,Office Supplies,Art,47.9600,4.1965,5,1
2017-12-02,2017,4,12,December,South,Florida,Tampa,Office Supplies,Binders,45.6600,-33.4840,5,1
2017-12-02,2017,4,12,December,South,North Carolina,Greensboro,Office Supplies,Art,32.7760,2.4582,1,1
2017-12-02,2017,4,12,December,South,Virginia,Charlottesville,Office Supplies,Art,34.6500,10.3950,3,1
2017-12-02,2017,4,12,December,South,Virginia,Salem,Furniture,Chairs,701.9600,168.4704,2,1
2017-12-02,2017,4,12,December,West,Arizona,Peoria,Office Supplies,Binders,67.8600,-45.2400,6,1
2017-12-02,2017,4,12,December,West,California,Los Angeles,Office Supplies,Appliances,79.4700,22.2516,3,1
2017-12-02,2017,4,12,December,West,California,Los Angeles,Office Supplies,Art,10.0800,5.0400,6,1
2017-12-02,2017,4,12,December,West,California,Los Angeles,Office Supplies,Binders,78.4800,25.7316,8,1
2017-12-02,2017,4,12,December,West,California,Los Angeles,Office Supplies,Paper,10.8600,5.3214,2,1
2017-12-02,2017,4,12,December,West,California,Oakland,Furniture,Chairs,1159.0560,43.4646,9,1
2017-12-02,2017,4,12,December,West,California,Oakland,Office Supplies,Art,179.9000,44.9750,5,1
2017-12-02,2017,4,12,December,West,California,Oakland,Technology,Phones,39.9920,-7.9984,1,1
2017-12-02,2017,4,12,December,West,California,San Francisco,Office Supplies,Paper,118.4800,57.7128,4,1
2017-12-02,2017,4,12,December,West,California,San Francisco,Office Supplies,Storage,559.6200,151.0974,9,1
2017-12-02,2017,4,12,December,West,Colorado,Denver,Furniture,Bookcases,242.3520,-363.5280,8,1
2017-12-02,2017,4,12,December,West,Colorado,Denver,Furniture,Chairs,906.6800,68.0010,5,1
2017-12-02,2017,4,12,December,West,Colorado,Denver,Furniture,Furnishings,508.7040,0.0000,6,1
2017-12-02,2017,4,12,December,West,Colorado,Denver,Office Supplies,Binders,36.6240,-24.4160,8,1
2017-12-02,2017,4,12,December,West,Colorado,Denver,Office Supplies,Storage,114.2880,12.8574,1,1
2017-12-02,2017,4,12,December,West,Colorado,Denver,Technology,Phones,106.9760,-9.3784,8,1
2017-12-03,2017,4,12,December,Central,Texas,Houston,Furniture,Furnishings,13.5920,-14.2716,2,1
2017-12-03,2017,4,12,December,Central,Texas,Plano,Office Supplies,Paper,10.3680,3.6288,2,1
2017-12-03,2017,4,12,December,East,New York,New York City,Office Supplies,Binders,98.5440,34.4904,7,1
2017-12-03,2017,4,12,December,East,New York,New York City,Office Supplies,Labels,3.1500,1.5120,1,1
2017-12-03,2017,4,12,December,East,New York,New York City,Technology,Phones,136.9900,36.9873,1,1
2017-12-03,2017,4,12,December,South,Florida,Jacksonville,Technology,Accessories,47.9920,7.1988,1,1
2017-12-03,2017,4,12,December,South,North Carolina,Fayetteville,Office Supplies,Appliances,45.2160,4.5216,3,1
2017-12-03,2017,4,12,December,South,North Carolina,Fayetteville,Office Supplies,Binders,28.7820,-21.1068,6,1
2017-12-03,2017,4,12,December,South,North Carolina,Fayetteville,Office Supplies,Paper,24.4480,8.8624,4,1
2017-12-03,2017,4,12,December,West,California,San Diego,Office Supplies,Paper,166.4400,79.8912,3,1
2017-12-03,2017,4,12,December,West,Colorado,Thornton,Furniture,Furnishings,56.2880,15.0120,9,1
2017-12-03,2017,4,12,December,West,Colorado,Thornton,Office Supplies,Art,13.3440,1.0008,6,1
2017-12-03,2017,4,12,December,West,Colorado,Thornton,Office Supplies,Paper,10.3200,3.7410,2,1
2017-12-03,2017,4,12,December,West,Colorado,Thornton,Office Supplies,Supplies,47.3200,5.9150,7,1
2017-12-03,2017,4,12,December,West,Colorado,Thornton,Technology,Accessories,179.0880,24.6246,14,1
2017-12-03,2017,4,12,December,West,Washington,Seattle,Furniture,Tables,521.9600,88.7332,2,1
2017-12-04,2017,4,12,December,Central,Illinois,Chicago,Office Supplies,Storage,61.5680,4.6176,2,1
2017-12-04,2017,4,12,December,Central,Minnesota,Rochester,Office Supplies,Art,8.8000,2.5520,5,1
2017-12-04,2017,4,12,December,Central,Minnesota,Rochester,Technology,Accessories,542.7500,173.9700,6,1
2017-12-04,2017,4,12,December,East,New Jersey,Paterson,Furniture,Chairs,485.1600,63.7314,6,1
2017-12-04,2017,4,12,December,East,New Jersey,Paterson,Furniture,Furnishings,12.9900,1.5588,1,1
2017-12-04,2017,4,12,December,East,Ohio,Fairfield,Office Supplies,Paper,74.3520,23.2350,3,1
2017-12-04,2017,4,12,December,East,Pennsylvania,Philadelphia,Furniture,Chairs,428.5120,-12.9776,17,2
2017-12-04,2017,4,12,December,East,Pennsylvania,Philadelphia,Furniture,Furnishings,66.1200,9.5421,5,2
2017-12-04,2017,4,12,December,East,Pennsylvania,Philadelphia,Office Supplies,Art,13.3920,3.1806,3,1
2017-12-04,2017,4,12,December,East,Pennsylvania,Philadelphia,Office Supplies,Binders,5.3460,-4.4550,3,1
2017-12-04,2017,4,12,December,East,Pennsylvania,Philadelphia,Office Supplies,Paper,23.9200,8.6710,5,1
2017-12-04,2017,4,12,December,East,Pennsylvania,Philadelphia,Technology,Accessories,255.9680,-28.7964,4,1
2017-12-04,2017,4,12,December,South,Tennessee,Nashville,Technology,Machines,649.0000,-272.5800,2,1
2017-12-04,2017,4,12,December,West,California,Los Angeles,Office Supplies,Paper,11.7600,5.7624,2,1
2017-12-05,2017,4,12,December,Central,Indiana,Columbus,Office Supplies,Appliances,61.4400,16.5888,3,1
2017-12-05,2017,4,12,December,Central,Indiana,Columbus,Office Supplies,Paper,38.9000,17.5050,5,1
2017-12-05,2017,4,12,December,Central,Indiana,Columbus,Technology,Accessories,99.3900,40.7499,3,1
2017-12-05,2017,4,12,December,East,New York,New York City,Furniture,Furnishings,121.5800,35.1730,7,2
2017-12-05,2017,4,12,December,East,New York,New York City,Office Supplies,Appliances,254.9000,68.8230,5,1
2017-12-05,2017,4,12,December,East,New York,New York City,Office Supplies,Labels,20.5200,9.7389,6,2
2017-12-05,2017,4,12,December,East,New York,New York City,Office Supplies,Paper,21.6000,9.9360,6,1
2017-12-05,2017,4,12,December,East,Vermont,Burlington,Technology,Accessories,205.0300,67.6599,7,1
2017-12-05,2017,4,12,December,West,California,San Diego,Office Supplies,Paper,92.9400,41.8230,3,1
2017-12-05,2017,4,12,December,West,Washington,Bellevue,Office Supplies,Binders,39.7920,13.8042,9,1
2017-12-05,2017,4,12,December,West,Washington,Seattle,Furniture,Furnishings,199.9000,39.9800,5,1
2017-12-05,2017,4,12,December,West,Washington,Seattle,Office Supplies,Binders,265.9680,92.8564,13,1
2017-12-05,2017,4,12,December,West,Washington,Seattle,Technology,Phones,31.1760,-7.0146,3,1
2017-12-06,2017,4,12,December,West,California,Brentwood,Office Supplies,Storage,10.6800,2.8836,1,1
2017-12-07,2017,4,12,December,Central,Illinois,Chicago,Office Supplies,Binders,1889.9900,-2929.4845,5,1
2017-12-07,2017,4,12,December,Central,Texas,San Antonio,Office Supplies,Fasteners,3.5520,1.2432,3,1
2017-12-07,2017,4,12,December,Central,Texas,San Antonio,Office Supplies,Paper,15.5520,5.4432,3,1
2017-12-07,2017,4,12,December,East,Ohio,Toledo,Technology,Accessories,127.9840,25.5968,2,1
2017-12-07,2017,4,12,December,South,Mississippi,Hattiesburg,Office Supplies,Appliances,320.6400,89.7792,4,1
2017-12-07,2017,4,12,December,South,Mississippi,Hattiesburg,Technology,Accessories,52.0000,23.4000,4,1
2017-12-07,2017,4,12,December,South,Virginia,Richmond,Furniture,Furnishings,82.3800,25.5378,6,1
2017-12-07,2017,4,12,December,West,California,Los Angeles,Technology,Phones,374.3760,46.7970,3,1
2017-12-07,2017,4,12,December,West,California,San Francisco,Office Supplies,Paper,50.0400,25.0200,6,1
2017-12-08,2017,4,12,December,Central,Wisconsin,Madison,Furniture,Bookcases,459.9200,41.3928,4,1
2017-12-08,2017,4,12,December,Central,Wisconsin,Madison,Office Supplies,Appliances,1089.7500,305.1300,3,1
2017-12-08,2017,4,12,December,Central,Wisconsin,Madison,Office Supplies,Labels,61.0600,28.0876,2,1
2017-12-08,2017,4,12,December,Central,Wisconsin,Madison,Office Supplies,Paper,27.5200,12.6592,4,1
2017-12-08,2017,4,12,December,Central,Wisconsin,Madison,Technology,Accessories,178.1100,32.0598,3,1
2017-12-08,2017,4,12,December,East,New York,New York City,Furniture,Furnishings,109.4800,33.9388,2,1
2017-12-08,2017,4,12,December,East,New York,New York City,Office Supplies,Paper,19.4400,9.3312,3,1
2017-12-08,2017,4,12,December,East,New York,New York City,Office Supplies,Storage,304.8600,8.2992,7,1
2017-12-08,2017,4,12,December,East,Pennsylvania,Philadelphia,Furniture,Chairs,215.5440,-58.5048,4,1
2017-12-08,2017,4,12,December,East,Pennsylvania,Philadelphia,Office Supplies,Art,13.2480,3.6432,4,1
2017-12-08,2017,4,12,December,East,Pennsylvania,Philadelphia,Technology,Phones,83.9880,-20.9970,2,1
2017-12-08,2017,4,12,December,East,Rhode Island,Cranston,Office Supplies,Storage,592.7400,160.0398,6,1
2017-12-08,2017,4,12,December,West,California,Inglewood,Furniture,Furnishings,128.9000,15.4680,2,1
2017-12-08,2017,4,12,December,West,California,Inglewood,Office Supplies,Paper,60.1200,28.8576,9,1
2017-12-08,2017,4,12,December,West,California,Inglewood,Office Supplies,Storage,29.7900,8.6391,3,1
2017-12-08,2017,4,12,December,West,California,San Francisco,Furniture,Bookcases,1336.8290,31.4548,13,1
2017-12-08,2017,4,12,December,West,California,San Francisco,Furniture,Chairs,113.5680,-18.4548,2,1
2017-12-08,2017,4,12,December,West,California,San Francisco,Furniture,Tables,1004.0240,-112.9527,7,1
2017-12-08,2017,4,12,December,West,California,San Francisco,Office Supplies,Appliances,69.4800,20.8440,1,1
2017-12-08,2017,4,12,December,West,California,San Francisco,Office Supplies,Binders,112.9040,42.3390,4,1
2017-12-08,2017,4,12,December,West,California,San Francisco,Office Supplies,Labels,28.3500,13.6080,9,1
2017-12-08,2017,4,12,December,West,California,San Francisco,Office Supplies,Paper,180.7300,85.8233,11,2
2017-12-08,2017,4,12,December,West,California,San Francisco,Office Supplies,Storage,42.7600,11.1176,1,1
2017-12-08,2017,4,12,December,West,California,San Francisco,Technology,Accessories,179.9500,37.7895,5,1
2017-12-08,2017,4,12,December,West,California,San Francisco,Technology,Copiers,1199.9760,434.9913,3,1
2017-12-09,2017,4,12,December,Central,Illinois,Chicago,Office Supplies,Paper,15.9840,4.9950,2,1
2017-12-09,2017,4,12,December,Central,Illinois,Park Ridge,Office Supplies,Paper,143.8560,48.5514,9,1
2017-12-09,2017,4,12,December,Central,Indiana,Indianapolis,Office Supplies,Binders,10.4000,5.0960,5,1
2017-12-09,2017,4,12,December,Central,Indiana,Indianapolis,Office Supplies,Paper,33.4500,15.3870,5,1
2017-12-09,2017,4,12,December,Central,Michigan,Detroit,Furniture,Chairs,872.9400,226.9644,3,1
2017-12-09,2017,4,12,December,Central,Michigan,Detroit,Office Supplies,Art,34.7000,12.4920,5,1
2017-12-09,2017,4,12,December,Central,Michigan,Detroit,Office Supplies,Binders,75.2600,35.0350,6,2
2017-12-09,2017,4,12,December,Central,Michigan,Detroit,Office Supplies,Paper,27.9000,13.2426,5,2
2017-12-09,2017,4,12,December,Central,Michigan,Detroit,Technology,Accessories,104.8800,41.9520,6,1
2017-12-09,2017,4,12,December,Central,Michigan,Grand Rapids,Office Supplies,Binders,54.9000,26.9010,5,1
2017-12-09,2017,4,12,December,Central,Texas,Houston,Furniture,Furnishings,9.7080,-5.8248,3,1
2017-12-09,2017,4,12,December,Central,Texas,Houston,Office Supplies,Binders,1.2480,-1.9344,3,1
2017-12-09,2017,4,12,December,Central,Texas,Houston,Office Supplies,Storage,27.2400,2.7240,3,1
2017-12-09,2017,4,12,December,East,Ohio,Cincinnati,Office Supplies,Envelopes,57.5760,21.5910,3,1
2017-12-09,2017,4,12,December,East,Ohio,Cincinnati,Office Supplies,Storage,37.2080,-7.4416,1,1
2017-12-09,2017,4,12,December,East,Pennsylvania,Philadelphia,Office Supplies,Art,2.6240,0.4264,1,1
2017-12-09,2017,4,12,December,East,Pennsylvania,Philadelphia,Office Supplies,Binders,11.0880,-8.1312,7,1
2017-12-09,2017,4,12,December,South,Kentucky,Richmond,Office Supplies,Appliances,214.9000,62.3210,5,1
2017-12-09,2017,4,12,December,South,Kentucky,Richmond,Office Supplies,Binders,45.2800,20.9880,6,1
2017-12-09,2017,4,12,December,South,Kentucky,Richmond,Office Supplies,Labels,5.7600,2.6496,2,1
2017-12-09,2017,4,12,December,South,Kentucky,Richmond,Office Supplies,Storage,15.1400,0.6056,1,1
2017-12-09,2017,4,12,December,South,Kentucky,Richmond,Technology,Accessories,146.4500,48.3285,5,1
2017-12-09,2017,4,12,December,South,Kentucky,Richmond,Technology,Copiers,1399.9800,629.9910,2,1
2017-12-09,2017,4,12,December,West,Arizona,Phoenix,Office Supplies,Binders,13.0050,-9.9705,3,1
2017-12-09,2017,4,12,December,West,Arizona,Phoenix,Office Supplies,Paper,419.4000,146.7900,5,1
2017-12-09,2017,4,12,December,West,California,Los Angeles,Furniture,Tables,896.3280,22.4082,9,1
2017-12-09,2017,4,12,December,West,California,Los Angeles,Office Supplies,Appliances,189.0000,68.0400,1,1
2017-12-09,2017,4,12,December,West,California,Los Angeles,Office Supplies,Art,11.1600,2.7900,2,1
2017-12-09,2017,4,12,December,West,California,Salinas,Furniture,Bookcases,148.2570,15.6978,3,1
2017-12-09,2017,4,12,December,West,California,Whittier,Technology,Phones,444.7680,44.4768,4,1
2017-12-10,2017,4,12,December,Central,Nebraska,Omaha,Office Supplies,Binders,34.5000,15.5250,3,1
2017-12-10,2017,4,12,December,East,Connecticut,Fairfield,Office Supplies,Appliances,426.7900,123.7691,7,1
2017-12-10,2017,4,12,December,East,Connecticut,Fairfield,Office Supplies,Envelopes,10.8600,5.1042,3,1
2017-12-10,2017,4,12,December,East,Pennsylvania,Philadelphia,Furniture,Furnishings,398.8000,38.7020,7,2
2017-12-10,2017,4,12,December,East,Pennsylvania,Philadelphia,Office Supplies,Binders,3.2730,-2.5093,1,1
2017-12-10,2017,4,12,December,East,Pennsylvania,Philadelphia,Office Supplies,Paper,10.3680,3.6288,2,1
2017-12-10,2017,4,12,December,East,Pennsylvania,Philadelphia,Technology,Accessories,14.2000,3.3725,1,1
2017-12-10,2017,4,12,December,South,Florida,Fort Lauderdale,Furniture,Furnishings,19.1040,5.7312,3,1
2017-12-10,2017,4,12,December,South,Mississippi,Jackson,Office Supplies,Binders,45.8400,22.0032,8,1
2017-12-10,2017,4,12,December,South,Mississippi,Jackson,Technology,Accessories,599.9700,257.9871,3,1
2017-12-10,2017,4,12,December,South,Mississippi,Jackson,Technology,Phones,38.9700,0.7794,3,1
2017-12-10,2017,4,12,December,South,South Carolina,North Charleston,Furniture,Furnishings,14.7600,4.2804,2,1
2017-12-10,2017,4,12,December,West,California,San Diego,Office Supplies,Binders,85.5040,30.1756,6,1
2017-12-10,2017,4,12,December,West,California,Stockton,Office Supplies,Paper,12.9600,6.2208,2,1
2017-12-10,2017,4,12,December,West,California,Stockton,Technology,Phones,95.8400,34.7420,4,1
2017-12-10,2017,4,12,December,West,Nevada,North Las Vegas,Furniture,Tables,1669.6000,116.8720,4,1
2017-12-10,2017,4,12,December,West,Washington,Seattle,Office Supplies,Art,18.2400,5.2896,3,1
2017-12-10,2017,4,12,December,West,Washington,Seattle,Office Supplies,Storage,324.9000,38.9880,5,1
2017-12-10,2017,4,12,December,West,Washington,Seattle,Technology,Accessories,49.0800,4.9080,3,1
2017-12-11,2017,4,12,December,Central,Illinois,Aurora,Furniture,Chairs,520.4640,-14.8704,2,1
2017-12-11,2017,4,12,December,Central,Illinois,Aurora,Furniture,Furnishings,77.7200,-66.0620,1,1
2017-12-11,2017,4,12,December,Central,Illinois,Aurora,Office Supplies,Paper,10.3680,3.6288,2,1
2017-12-11,2017,4,12,December,Central,Illinois,Palatine,Technology,Accessories,116.3120,23.2624,7,1
2017-12-11,2017,4,12,December,Central,Iowa,Burlington,Office Supplies,Binders,5.4000,2.5920,3,1
2017-12-11,2017,4,12,December,Central,Iowa,Burlington,Office Supplies,Envelopes,7.2800,3.4944,1,1
2017-12-11,2017,4,12,December,Central,Texas,Abilene,Office Supplies,Appliances,1.3920,-3.7584,2,1
2017-12-11,2017,4,12,December,East,Massachusetts,New Bedford,Technology,Phones,128.8500,3.8655,3,1
2017-12-11,2017,4,12,December,East,New Jersey,Paterson,Office Supplies,Fasteners,6.5400,2.1582,3,1
2017-12-11,2017,4,12,December,East,New Jersey,Plainfield,Office Supplies,Appliances,22.7500,6.5975,7,1
2017-12-11,2017,4,12,December,East,New Jersey,Plainfield,Office Supplies,Binders,776.1800,349.2810,7,1
2017-12-11,2017,4,12,December,East,New York,New York City,Office Supplies,Binders,38.3120,12.9303,5,2
2017-12-11,2017,4,12,December,East,New York,New York City,Office Supplies,Paper,17.9400,8.0730,3,1
2017-12-11,2017,4,12,December,East,New York,New York City,Technology,Accessories,39.9800,13.5932,2,1
2017-12-11,2017,4,12,December,East,New York,New York City,Technology,Phones,116.9800,29.2450,2,1
2017-12-11,2017,4,12,December,East,Pennsylvania,Philadelphia,Furniture,Chairs,63.6860,-9.0980,1,1
2017-12-11,2017,4,12,December,South,Florida,Jacksonville,Furniture,Chairs,64.7840,-12.1470,1,1
2017-12-11,2017,4,12,December,South,Florida,Jacksonville,Furniture,Tables,721.8750,-420.0000,6,1
2017-12-11,2017,4,12,December,South,Florida,Jacksonville,Office Supplies,Art,13.5840,1.3584,1,1
2017-12-11,2017,4,12,December,South,Florida,Jacksonville,Technology,Phones,73.5680,-16.5528,4,1
2017-12-13,2017,4,12,December,East,New York,New York City,Furniture,Bookcases,287.9760,7.1994,3,1
2017-12-13,2017,4,12,December,West,California,San Francisco,Furniture,Furnishings,201.0400,54.2808,8,1
2017-12-13,2017,4,12,December,West,California,San Francisco,Office Supplies,Labels,8.6400,4.2336,3,1
2017-12-13,2017,4,12,December,West,California,San Francisco,Office Supplies,Paper,51.8400,25.0128,8,1
2017-12-13,2017,4,12,December,West,Washington,Seattle,Office Supplies,Storage,31.4400,8.4888,3,1
2017-12-14,2017,4,12,December,Central,Illinois,Chicago,Furniture,Furnishings,2.0320,-1.3208,1,1
2017-12-14,2017,4,12,December,Central,Illinois,Chicago,Technology,Accessories,227.9760,28.4970,3,1
2017-12-14,2017,4,12,December,Central,Illinois,Chicago,Technology,Phones,52.6800,19.7550,3,1
2017-12-14,2017,4,12,December,Central,Illinois,Skokie,Furniture,Furnishings,322.6800,-319.7430,9,1
2017-12-14,2017,4,12,December,Central,Illinois,Skokie,Office Supplies,Art,95.2320,24.9984,6,1
2017-12-14,2017,4,12,December,Central,Illinois,Skokie,Technology,Accessories,39.2640,-4.9080,3,1
2017-12-14,2017,4,12,December,Central,Texas,Plano,Furniture,Tables,974.9880,-97.4988,4,1
2017-12-14,2017,4,12,December,East,Massachusetts,Lawrence,Furniture,Tables,526.5820,-52.6582,2,1
2017-12-14,2017,4,12,December,East,Massachusetts,Lawrence,Office Supplies,Fasteners,17.2800,8.1216,6,1
2017-12-14,2017,4,12,December,East,Massachusetts,Lawrence,Office Supplies,Storage,73.8500,2.2155,1,1
2017-12-14,2017,4,12,December,East,Massachusetts,Lawrence,Office Supplies,Supplies,25.7100,6.6846,3,1
2017-12-14,2017,4,12,December,East,Massachusetts,Lawrence,Technology,Copiers,1199.9800,467.9922,2,1
2017-12-14,2017,4,12,December,South,Arkansas,Fayetteville,Technology,Accessories,204.5500,78.8145,9,1
2017-12-14,2017,4,12,December,West,California,San Diego,Furniture,Furnishings,26.2500,11.0250,3,1
2017-12-14,2017,4,12,December,West,California,San Diego,Office Supplies,Binders,64.9600,22.7360,14,1
2017-12-14,2017,4,12,December,West,California,San Diego,Office Supplies,Envelopes,43.7000,20.5390,5,1
2017-12-15,2017,4,12,December,Central,Illinois,Oak Park,Office Supplies,Art,10.1920,1.0192,7,1
2017-12-15,2017,4,12,December,West,California,Inglewood,Office Supplies,Appliances,54.3200,16.2960,4,1
2017-12-15,2017,4,12,December,West,California,Inglewood,Office Supplies,Paper,22.8300,10.7301,3,1
2017-12-15,2017,4,12,December,West,California,Inglewood,Technology,Phones,196.7760,14.7582,3,1
2017-12-15,2017,4,12,December,West,Washington,Seattle,Furniture,Furnishings,22.7700,9.7911,3,1
2017-12-16,2017,4,12,December,Central,Oklahoma,Tulsa,Office Supplies,Binders,10.8000,5.1840,5,1
2017-12-16,2017,4,12,December,East,New York,Rochester,Office Supplies,Binders,33.3760,10.4300,4,1
2017-12-16,2017,4,12,December,West,California,Los Angeles,Office Supplies,Paper,13.3600,6.4128,2,1
2017-12-16,2017,4,12,December,West,California,Los Angeles,Office Supplies,Storage,158.9000,7.9450,5,1
2017-12-16,2017,4,12,December,West,California,Oceanside,Furniture,Chairs,178.7520,15.2504,4,1
2017-12-16,2017,4,12,December,West,California,Oceanside,Furniture,Furnishings,18.9600,7.5840,2,1
2017-12-16,2017,4,12,December,West,California,Oceanside,Office Supplies,Binders,24.3200,8.2080,5,1
2017-12-16,2017,4,12,December,West,California,Sunnyvale,Office Supplies,Art,29.9500,8.6855,5,1
2017-12-16,2017,4,12,December,West,California,Sunnyvale,Office Supplies,Binders,5.9840,2.2440,2,1
2017-12-16,2017,4,12,December,West,California,Sunnyvale,Office Supplies,Labels,44.4000,22.2000,3,1
2017-12-16,2017,4,12,December,West,California,Sunnyvale,Technology,Accessories,339.9000,77.0775,10,1
2017-12-17,2017,4,12,December,Central,Indiana,Columbus,Office Supplies,Paper,28.1600,13.2352,4,1
2017-12-17,2017,4,12,December,Central,Texas,Dallas,Office Supplies,Appliances,66.2840,-178.9668,2,1
2017-12-17,2017,4,12,December,Central,Wisconsin,Eau Claire,Office Supplies,Storage,32.5600,8.4656,2,1
2017-12-17,2017,4,12,December,East,New York,New York City,Furniture,Furnishings,124.3600,27.3592,2,1
2017-12-17,2017,4,12,December,East,New York,New York City,Office Supplies,Binders,24.8160,8.3754,3,1
2017-12-17,2017,4,12,December,East,New York,New York City,Office Supplies,Storage,166.7200,41.6800,2,1
2017-12-17,2017,4,12,December,South,Virginia,Arlington,Office Supplies,Storage,544.3800,157.8702,3,1
2017-12-17,2017,4,12,December,South,Virginia,Chesapeake,Furniture,Chairs,504.9000,80.7840,5,1
2017-12-17,2017,4,12,December,West,California,Anaheim,Office Supplies,Storage,481.3200,125.1432,4,1
2017-12-17,2017,4,12,December,West,California,Anaheim,Office Supplies,Supplies,13.9800,3.6348,1,1
2017-12-17,2017,4,12,December,West,California,Los Angeles,Office Supplies,Binders,11.8080,4.2804,2,1
2017-12-17,2017,4,12,December,West,California,San Francisco,Office Supplies,Binders,15.2400,5.1435,5,1
2017-12-17,2017,4,12,December,West,California,San Francisco,Office Supplies,Paper,13.2300,6.0858,3,1
2017-12-18,2017,4,12,December,Central,Wisconsin,Milwaukee,Furniture,Furnishings,99.9500,22.9885,5,1
2017-12-18,2017,4,12,December,Central,Wisconsin,Milwaukee,Technology,Accessories,29.3400,10.8558,3,1
2017-12-18,2017,4,12,December,East,New York,New York City,Furniture,Chairs,1141.9380,139.5702,9,1
2017-12-18,2017,4,12,December,East,New York,New York City,Office Supplies,Appliances,1704.5600,511.3680,13,1
2017-12-18,2017,4,12,December,East,New York,New York City,Office Supplies,Art,42.0200,18.8450,8,1
2017-12-18,2017,4,12,December,East,New York,Oceanside,Furniture,Furnishings,18.9600,8.5320,2,1
2017-12-18,2017,4,12,December,East,Ohio,Columbus,Office Supplies,Appliances,130.1120,13.0112,2,1
2017-12-18,2017,4,12,December,East,Ohio,Columbus,Office Supplies,Binders,7.2360,-6.0300,3,1
2017-12-18,2017,4,12,December,East,Ohio,Columbus,Office Supplies,Fasteners,4.8240,1.7487,3,1
2017-12-18,2017,4,12,December,East,Ohio,Columbus,Office Supplies,Paper,91.3600,29.6920,5,1
2017-12-18,2017,4,12,December,East,Pennsylvania,Philadelphia,Office Supplies,Art,18.7040,2.3380,7,1
2017-12-18,2017,4,12,December,South,North Carolina,Charlotte,Office Supplies,Art,12.6720,1.4256,9,1
2017-12-18,2017,4,12,December,West,California,Encinitas,Furniture,Bookcases,119.8330,-12.6882,1,1
2017-12-18,2017,4,12,December,West,California,Encinitas,Office Supplies,Binders,46.6720,16.3352,2,1
2017-12-18,2017,4,12,December,West,California,Encinitas,Technology,Accessories,119.9800,57.5904,2,1
2017-12-18,2017,4,12,December,West,California,Los Angeles,Office Supplies,Art,6.6300,1.7901,3,1
2017-12-18,2017,4,12,December,West,California,Los Angeles,Office Supplies,Paper,45.3600,21.7728,7,1
2017-12-18,2017,4,12,December,West,California,San Francisco,Office Supplies,Art,5.7600,1.6704,2,1
2017-12-19,2017,4,12,December,South,Louisiana,Lafayette,Office Supplies,Supplies,1665.6200,33.3124,2,1
2017-12-19,2017,4,12,December,West,California,San Francisco,Office Supplies,Binders,36.6720,11.4600,2,1
2017-12-19,2017,4,12,December,West,Colorado,Parker,Furniture,Bookcases,102.0180,-183.6324,7,1
2017-12-19,2017,4,12,December,West,Colorado,Parker,Furniture,Furnishings,13.3600,4.0080,5,1
2017-12-19,2017,4,12,December,West,Colorado,Parker,Office Supplies,Storage,78.2560,-17.6076,2,1
2017-12-20,2017,4,12,December,East,New York,New York City,Office Supplies,Binders,50.3520,17.6232,3,1
2017-12-20,2017,4,12,December,East,New York,New York City,Office Supplies,Paper,313.9200,153.8208,8,1
2017-12-20,2017,4,12,December,East,New York,Rochester,Office Supplies,Binders,6.9840,2.3571,1,1
2017-12-20,2017,4,12,December,East,New York,Rochester,Office Supplies,Paper,6.4800,3.1104,1,1
2017-12-21,2017,4,12,December,Central,Indiana,Lafayette,Office Supplies,Storage,375.3400,18.7670,1,1
2017-12-21,2017,4,12,December,Central,Nebraska,Fremont,Furniture,Furnishings,15.9200,7.0048,2,1
2017-12-21,2017,4,12,December,East,New Jersey,Paterson,Office Supplies,Paper,166.4400,79.8912,3,1
2017-12-21,2017,4,12,December,East,New Jersey,Paterson,Office Supplies,Supplies,69.5000,20.1550,5,1
2017-12-21,2017,4,12,December,East,New Jersey,Paterson,Technology,Phones,281.9700,78.9516,3,1
2017-12-21,2017,4,12,December,South,Kentucky,Bowling Green,Technology,Accessories,71.0000,27.6900,4,1
2017-12-21,2017,4,12,December,South,South Carolina,Columbia,Office Supplies,Binders,23.8800,11.2236,6,1
2017-12-21,2017,4,12,December,West,California,Costa Mesa,Office Supplies,Storage,124.3600,33.5772,2,1
2017-12-21,2017,4,12,December,West,California,Los Angeles,Office Supplies,Art,12.5100,3.4953,5,1
2017-12-21,2017,4,12,December,West,California,Oakland,Office Supplies,Storage,1000.0200,290.0058,7,1
2017-12-22,2017,4,12,December,Central,Michigan,Detroit,Furniture,Chairs,1586.6900,412.5394,7,1
2017-12-22,2017,4,12,December,Central,Michigan,Detroit,Furniture,Tables,411.8000,70.0060,2,1
2017-12-22,2017,4,12,December,Central,Michigan,Detroit,Technology,Accessories,284.9400,94.5804,6,1
2017-12-22,2017,4,12,December,Central,Minnesota,Rochester,Furniture,Tables,607.5200,97.2032,2,1
2017-12-22,2017,4,12,December,Central,Minnesota,Rochester,Office Supplies,Storage,31.1600,7.7900,2,1
2017-12-22,2017,4,12,December,Central,Missouri,Independence,Office Supplies,Appliances,839.4300,218.2518,3,1
2017-12-22,2017,4,12,December,Central,Texas,Houston,Office Supplies,Binders,6.3300,-9.8115,5,1
2017-12-22,2017,4,12,December,Central,Texas,Houston,Office Supplies,Paper,101.8000,35.6300,10,1
2017-12-22,2017,4,12,December,East,Ohio,Toledo,Office Supplies,Binders,1.6410,-1.3128,1,1
2017-12-22,2017,4,12,December,East,Ohio,Toledo,Technology,Phones,629.9580,94.4937,7,1
2017-12-22,2017,4,12,December,East,Rhode Island,Providence,Furniture,Bookcases,220.9800,50.8254,1,1
2017-12-22,2017,4,12,December,East,Rhode Island,Providence,Office Supplies,Supplies,695.1600,34.7580,6,1
2017-12-22,2017,4,12,December,South,Alabama,Tuscaloosa,Furniture,Chairs,141.9600,35.4900,2,1
2017-12-22,2017,4,12,December,South,Florida,Port Orange,Office Supplies,Envelopes,7.8240,2.9340,1,1
2017-12-22,2017,4,12,December,South,Tennessee,Jackson,Furniture,Tables,934.9560,-249.3216,6,1
2017-12-22,2017,4,12,December,South,Tennessee,Jackson,Office Supplies,Appliances,59.2400,16.2910,5,1
2017-12-22,2017,4,12,December,South,Tennessee,Jackson,Office Supplies,Art,23.1280,2.8910,7,1
2017-12-22,2017,4,12,December,South,Tennessee,Jackson,Office Supplies,Storage,26.1600,1.9620,3,1
2017-12-22,2017,4,12,December,South,Tennessee,Jackson,Technology,Accessories,46.8640,7.6154,2,1
2017-12-22,2017,4,12,December,West,Arizona,Mesa,Furniture,Tables,182.5500,-135.0870,2,1
2017-12-22,2017,4,12,December,West,California,Los Angeles,Technology,Accessories,474.9500,142.4850,5,1
2017-12-22,2017,4,12,December,West,New Mexico,Carlsbad,Office Supplies,Art,4.1700,1.0842,3,1
2017-12-22,2017,4,12,December,West,New Mexico,Carlsbad,Office Supplies,Labels,18.4500,8.6715,5,1
2017-12-22,2017,4,12,December,West,New Mexico,Carlsbad,Office Supplies,Storage,37.3200,10.4496,3,1
2017-12-22,2017,4,12,December,West,New Mexico,Carlsbad,Technology,Phones,67.0400,6.7040,4,1
2017-12-23,2017,4,12,December,Central,Illinois,Rockford,Office Supplies,Binders,13.8400,-22.1440,4,1
2017-12-23,2017,4,12,December,Central,Illinois,Rockford,Office Supplies,Paper,175.8720,63.7536,4,1
2017-12-23,2017,4,12,December,Central,Texas,College Station,Office Supplies,Appliances,29.3120,-74.7456,8,1
2017-12-23,2017,4,12,December,Central,Texas,College Station,Office Supplies,Paper,28.6720,10.3936,8,1
2017-12-23,2017,4,12,December,East,Connecticut,Danbury,Furniture,Furnishings,27.4600,9.8856,2,1
2017-12-23,2017,4,12,December,East,Connecticut,Middletown,Furniture,Furnishings,181.9500,38.2095,3,1
2017-12-23,2017,4,12,December,South,Arkansas,Little Rock,Office Supplies,Envelopes,182.9400,85.9818,3,1
2017-12-23,2017,4,12,December,South,Arkansas,Little Rock,Office Supplies,Paper,44.9600,20.6816,2,1
2017-12-23,2017,4,12,December,South,Arkansas,Little Rock,Office Supplies,Storage,430.0000,32.0896,8,1
2017-12-23,2017,4,12,December,South,Arkansas,Little Rock,Technology,Phones,494.9700,148.4910,3,1
2017-12-23,2017,4,12,December,South,Tennessee,Hendersonville,Furniture,Furnishings,72.7040,19.0848,4,1
2017-12-23,2017,4,12,December,South,Tennessee,Hendersonville,Office Supplies,Art,12.2640,1.0731,7,1
2017-12-23,2017,4,12,December,South,Tennessee,Hendersonville,Office Supplies,Storage,218.3520,-54.5880,3,1
2017-12-23,2017,4,12,December,West,California,San Francisco,Office Supplies,Art,13.4800,5.9312,4,1
2017-12-24,2017,4,12,December,Central,Texas,Dallas,Office Supplies,Storage,264.3200,19.8240,2,1
2017-12-24,2017,4,12,December,East,Massachusetts,New Bedford,Office Supplies,Binders,12.3000,6.1500,5,1
2017-12-24,2017,4,12,December,East,Massachusetts,New Bedford,Office Supplies,Paper,19.4400,9.3312,3,1
2017-12-24,2017,4,12,December,East,New York,New York City,Office Supplies,Appliances,35.9100,9.6957,3,1
2017-12-24,2017,4,12,December,East,New York,New York City,Office Supplies,Binders,17.8800,5.5875,3,1
2017-12-24,2017,4,12,December,East,New York,Oceanside,Furniture,Chairs,271.7640,48.3136,2,1
2017-12-24,2017,4,12,December,East,New York,Oceanside,Office Supplies,Binders,14.3760,4.8519,3,1
2017-12-24,2017,4,12,December,East,New York,Rochester,Furniture,Furnishings,37.9300,6.8274,1,1
2017-12-24,2017,4,12,December,South,Louisiana,Lafayette,Furniture,Chairs,232.8800,60.5488,4,1
2017-12-24,2017,4,12,December,South,Louisiana,Lafayette,Technology,Machines,479.9700,239.9850,3,1
2017-12-24,2017,4,12,December,West,Arizona,Chandler,Furniture,Chairs,842.3760,105.2970,3,1
2017-12-24,2017,4,12,December,West,Arizona,Chandler,Furniture,Furnishings,8.5440,1.9224,4,1
2017-12-24,2017,4,12,December,West,California,Los Angeles,Office Supplies,Binders,90.4800,33.9300,3,1
2017-12-24,2017,4,12,December,West,California,Los Angeles,Technology,Copiers,2879.9520,1007.9832,6,1
2017-12-24,2017,4,12,December,West,Idaho,Meridian,Office Supplies,Binders,21.3120,7.9920,3,1
2017-12-24,2017,4,12,December,West,Washington,Seattle,Office Supplies,Storage,1003.6200,0.0000,6,1
2017-12-25,2017,4,12,December,Central,Texas,Dallas,Office Supplies,Art,31.7440,2.3808,2,1
2017-12-25,2017,4,12,December,Central,Texas,Dallas,Office Supplies,Binders,83.7300,-130.0098,17,1
2017-12-25,2017,4,12,December,Central,Texas,Dallas,Office Supplies,Supplies,44.6880,5.0274,7,1
2017-12-25,2017,4,12,December,East,New Jersey,East Orange,Technology,Accessories,31.8000,13.6740,3,1
2017-12-25,2017,4,12,December,East,New York,New York City,Furniture,Bookcases,191.9840,4.7996,2,1
2017-12-25,2017,4,12,December,East,New York,New York City,Furniture,Furnishings,41.9600,10.9096,2,1
2017-12-25,2017,4,12,December,East,Ohio,Fairfield,Furniture,Tables,273.0600,-104.6730,2,1
2017-12-25,2017,4,12,December,East,Ohio,Fairfield,Office Supplies,Binders,13.0230,-10.4184,1,1
2017-12-25,2017,4,12,December,East,Ohio,Fairfield,Office Supplies,Fasteners,39.3120,12.7764,13,1
2017-12-25,2017,4,12,December,East,Ohio,Fairfield,Technology,Accessories,158.9280,41.7186,7,1
2017-12-25,2017,4,12,December,South,Alabama,Huntsville,Office Supplies,Fasteners,3.6200,1.1946,2,1
2017-12-25,2017,4,12,December,South,Alabama,Huntsville,Office Supplies,Paper,725.1800,348.0864,8,1
2017-12-25,2017,4,12,December,South,Alabama,Huntsville,Technology,Phones,90.4800,23.5248,2,1
2017-12-25,2017,4,12,December,South,Florida,Hialeah,Furniture,Furnishings,21.0000,5.7750,3,1
2017-12-25,2017,4,12,December,South,Florida,Hialeah,Technology,Machines,120.0000,-7.2000,2,1
2017-12-25,2017,4,12,December,South,Kentucky,Louisville,Furniture,Chairs,304.4500,76.1125,5,1
2017-12-25,2017,4,12,December,South,Kentucky,Louisville,Office Supplies,Storage,95.9400,9.5940,3,1
2017-12-25,2017,4,12,December,West,California,Los Angeles,Office Supplies,Binders,153.5520,51.8238,3,1
2017-12-25,2017,4,12,December,West,California,Los Angeles,Office Supplies,Storage,270.6200,2.7062,2,1
2017-12-25,2017,4,12,December,West,Washington,Everett,Office Supplies,Binders,3.8560,1.3978,1,1
2017-12-26,2017,4,12,December,Central,Iowa,Burlington,Office Supplies,Paper,44.7500,20.5850,5,1
2017-12-26,2017,4,12,December,Central,Nebraska,Fremont,Office Supplies,Storage,750.6800,37.5340,2,1
2017-12-26,2017,4,12,December,Central,Texas,Odessa,Office Supplies,Paper,16.0320,5.6112,3,1
2017-12-26,2017,4,12,December,East,Ohio,Columbus,Office Supplies,Binders,3.1320,-2.6100,2,1
2017-12-27,2017,4,12,December,East,Ohio,Newark,Office Supplies,Art,13.2480,3.6432,4,1
2017-12-27,2017,4,12,December,East,Ohio,Newark,Technology,Phones,164.3880,-35.6174,2,1
2017-12-28,2017,4,12,December,Central,Illinois,Peoria,Furniture,Chairs,113.3720,-3.2392,2,1
2017-12-28,2017,4,12,December,Central,Illinois,Peoria,Furniture,Furnishings,10.9280,-3.7964,5,1
2017-12-28,2017,4,12,December,Central,Illinois,Peoria,Office Supplies,Binders,1.6800,-2.6880,5,1
2017-12-28,2017,4,12,December,Central,North Dakota,Fargo,Office Supplies,Art,2.4800,0.8680,1,1
2017-12-28,2017,4,12,December,Central,North Dakota,Fargo,Office Supplies,Binders,25.9000,12.6910,5,1
2017-12-28,2017,4,12,December,Central,Texas,Round Rock,Furniture,Bookcases,78.8528,-11.5960,2,1
2017-12-28,2017,4,12,December,Central,Texas,Round Rock,Office Supplies,Art,27.1680,2.7168,2,1
2017-12-28,2017,4,12,December,East,New York,New York City,Office Supplies,Binders,33.2640,11.2266,7,1
2017-12-28,2017,4,12,December,East,New York,New York City,Office Supplies,Fasteners,13.9600,6.4216,4,1
2017-12-28,2017,4,12,December,East,New York,New York City,Office Supplies,Labels,72.4500,34.7760,7,1
2017-12-28,2017,4,12,December,East,New York,New York City,Technology,Phones,14.8500,4.0095,3,1
2017-12-28,2017,4,12,December,South,Tennessee,Nashville,Office Supplies,Storage,64.7840,-12.9568,1,1
2017-12-28,2017,4,12,December,West,California,Long Beach,Furniture,Chairs,340.7040,-34.0704,6,1
2017-12-28,2017,4,12,December,West,California,San Francisco,Office Supplies,Storage,725.8400,210.4936,4,1
2017-12-28,2017,4,12,December,West,Colorado,Loveland,Office Supplies,Binders,1.1880,-0.9900,2,1
2017-12-28,2017,4,12,December,West,New Mexico,Albuquerque,Office Supplies,Paper,4.2800,1.9260,1,1
2017-12-28,2017,4,12,December,West,New Mexico,Albuquerque,Office Supplies,Storage,118.2500,34.2925,5,1
2017-12-28,2017,4,12,December,West,Washington,Seattle,Furniture,Furnishings,7.4000,3.0340,2,1
2017-12-29,2017,4,12,December,Central,Michigan,Grand Rapids,Office Supplies,Paper,209.7000,100.6560,2,1
2017-12-29,2017,4,12,December,East,New York,New York City,Office Supplies,Fasteners,6.0300,2.9547,3,1
2017-12-29,2017,4,12,December,South,Kentucky,Louisville,Furniture,Chairs,1767.5700,478.9476,12,1
2017-12-29,2017,4,12,December,South,Kentucky,Louisville,Office Supplies,Art,34.5800,10.0282,1,1
2017-12-29,2017,4,12,December,South,Kentucky,Louisville,Office Supplies,Binders,12.5300,5.8891,1,1
2017-12-29,2017,4,12,December,West,California,Anaheim,Furniture,Furnishings,101.1200,37.4144,8,1
2017-12-29,2017,4,12,December,West,California,Los Angeles,Furniture,Chairs,393.5680,-44.2764,4,1
2017-12-29,2017,4,12,December,West,California,Los Angeles,Technology,Phones,302.3760,22.6782,3,1
2017-12-29,2017,4,12,December,West,Washington,Edmonds,Furniture,Furnishings,68.4600,20.5380,2,1
2017-12-29,2017,4,12,December,West,Washington,Edmonds,Office Supplies,Fasteners,19.6000,9.6040,5,1
2017-12-30,2017,4,12,December,Central,Indiana,Columbus,Office Supplies,Appliances,209.3000,56.5110,2,1
2017-12-30,2017,4,12,December,East,New York,New York City,Furniture,Bookcases,323.1360,12.1176,4,1
2017-12-30,2017,4,12,December,East,New York,New York City,Office Supplies,Binders,52.7760,19.7910,3,1
2017-12-30,2017,4,12,December,East,New York,New York City,Technology,Phones,90.9300,2.7279,7,1
2017-12-30,2017,4,12,December,West,California,Fairfield,Office Supplies,Binders,34.6240,10.9938,4,1
2017-12-30,2017,4,12,December,West,Colorado,Loveland,Office Supplies,Fasteners,3.0240,-0.6048,3,1
