as_of_date,store_id,city,state,region,product_id,product_name,category,sub_category,on_hand_qty,reorder_point,avg_daily_sales,days_of_supply,is_stockout_risk
2017-12-30,UnitedStates-Central-Aberdeen-SouthDakota,Aberdeen,South Dakota,Central,OFF-SU-10004661,Acme Titanium Bonded Scissors,Office Supplies,Supplies,8,2,0.0333,240.00,f
2017-12-30,UnitedStates-Central-Abilene-Texas,Abilene,Texas,Central,OFF-AP-10001634,Hoover Commercial Lightweight Upright Vacuum,Office Supplies,Appliances,5,2,0.0222,225.00,f
2017-12-30,UnitedStates-Central-Aurora-Illinois,Aurora,Illinois,Central,FUR-CH-10001545,Hon Comfortask Task/Swivel Chairs,Furniture,Chairs,3,2,0.0333,90.00,f
2017-12-30,UnitedStates-Central-Aurora-Illinois,Aurora,Illinois,Central,FUR-CH-10003973,GuestStacker Chair with Chrome Finish Legs,Furniture,Chairs,4,2,0.0222,180.00,f
2017-12-30,UnitedStates-Central-Aurora-Illinois,Aurora,Illinois,Central,FUR-FU-10004306,Electrix Halogen Magnifier Lamp,Furniture,Furnishings,4,2,0.0111,360.00,f
2017-12-30,UnitedStates-Central-Aurora-Illinois,Aurora,Illinois,Central,FUR-TA-10001676,Hon 61000 Series Interactive Training Tables,Furniture,Tables,3,2,0.0333,90.00,f
2017-12-30,UnitedStates-Central-Aurora-Illinois,Aurora,Illinois,Central,FUR-TA-10002958,"Bevis Oval Conference Table, Walnut",Furniture,Tables,4,2,0.0556,72.00,f
2017-12-30,UnitedStates-Central-Aurora-Illinois,Aurora,Illinois,Central,OFF-PA-10001937,Xerox 21,Office Supplies,Paper,4,2,0.0222,180.00,f
2017-12-30,UnitedStates-Central-Austin-Texas,Austin,Texas,Central,OFF-BI-10000962,"Acco Flexible ACCOHIDE Square Ring Data Binder, Dark Blue, 11 1/2"" X 14"" 7/8""",Office Supplies,Binders,2,2,0.0333,60.00,t
2017-12-30,UnitedStates-Central-Austin-Texas,Austin,Texas,Central,OFF-PA-10002749,"Wirebound Message Books, 5-1/2 x 4 Forms, 2 or 4 Forms per Page",Office Supplies,Paper,7,2,0.0333,210.00,f
2017-12-30,UnitedStates-Central-Austin-Texas,Austin,Texas,Central,OFF-PA-10003823,Xerox 197,Office Supplies,Paper,2,2,0.1000,20.00,t
2017-12-30,UnitedStates-Central-Austin-Texas,Austin,Texas,Central,OFF-ST-10002344,"Carina 42""Hx23 3/4""W Media Storage Unit",Office Supplies,Storage,8,2,0.0444,180.00,f
2017-12-30,UnitedStates-Central-Austin-Texas,Austin,Texas,Central,OFF-ST-10003716,Tennsco Double-Tier Lockers,Office Supplies,Storage,3,2,0.0333,90.00,f
2017-12-30,UnitedStates-Central-Austin-Texas,Austin,Texas,Central,OFF-ST-10004507,Advantus Rolling Storage Box,Office Supplies,Storage,4,2,0.0111,360.00,f
2017-12-30,UnitedStates-Central-Austin-Texas,Austin,Texas,Central,TEC-AC-10002942,WD My Passport Ultra 1TB Portable External Hard Drive,Technology,Accessories,1,2,0.0111,90.00,t
2017-12-30,UnitedStates-Central-Bloomington-Illinois,Bloomington,Illinois,Central,OFF-AR-10001958,Stanley Bostitch Contemporary Electric Pencil Sharpeners,Office Supplies,Art,4,2,0.0444,90.00,f
2017-12-30,UnitedStates-Central-Brownsville-Texas,Brownsville,Texas,Central,FUR-BO-10002202,"Atlantic Metals Mobile 2-Shelf Bookcases, Custom Colors",Furniture,Bookcases,7,2,0.0222,315.00,f
2017-12-30,UnitedStates-Central-Bryan-Texas,Bryan,Texas,Central,OFF-BI-10001308,GBC Standard Plastic Binding Systems' Combs,Office Supplies,Binders,3,2,0.0667,45.00,f
2017-12-30,UnitedStates-Central-Bryan-Texas,Bryan,Texas,Central,OFF-BI-10003094,Self-Adhesive Ring Binder Labels,Office Supplies,Binders,2,2,0.0222,90.00,t
2017-12-30,UnitedStates-Central-Bryan-Texas,Bryan,Texas,Central,OFF-BI-10004040,Wilson Jones Impact Binders,Office Supplies,Binders,5,2,0.0444,112.50,f
2017-12-30,UnitedStates-Central-Bryan-Texas,Bryan,Texas,Central,OFF-ST-10002485,Rogers Deluxe File Chest,Office Supplies,Storage,2,2,0.0333,60.00,t
2017-12-30,UnitedStates-Central-Burlington-Iowa,Burlington,Iowa,Central,OFF-BI-10002012,Wilson Jones Easy Flow II Sheet Lifters,Office Supplies,Binders,3,2,0.0333,90.00,f
2017-12-30,UnitedStates-Central-Burlington-Iowa,Burlington,Iowa,Central,OFF-EN-10003160,Pastel Pink Envelopes,Office Supplies,Envelopes,3,2,0.0111,270.00,f
2017-12-30,UnitedStates-Central-Burlington-Iowa,Burlington,Iowa,Central,OFF-PA-10001509,"Recycled Desk Saver Line ""While You Were Out"" Book, 5 1/2"" X 4""",Office Supplies,Paper,6,2,0.0556,108.00,f
2017-12-30,UnitedStates-Central-Canton-Michigan,Canton,Michigan,Central,FUR-FU-10003347,Coloredge Poster Frame,Furniture,Furnishings,6,2,0.0222,270.00,f
2017-12-30,UnitedStates-Central-Canton-Michigan,Canton,Michigan,Central,OFF-BI-10001543,GBC VeloBinder Manual Binding System,Office Supplies,Binders,6,2,0.0889,67.50,f
2017-12-30,UnitedStates-Central-Canton-Michigan,Canton,Michigan,Central,OFF-ST-10001097,Office Impressions Heavy Duty Welded Shelving & Multimedia Storage Drawers,Office Supplies,Storage,7,2,0.0333,210.00,f
2017-12-30,UnitedStates-Central-Carrollton-Texas,Carrollton,Texas,Central,FUR-FU-10001967,Telescoping Adjustable Floor Lamp,Furniture,Furnishings,0,2,0.0222,0.00,t
2017-12-30,UnitedStates-Central-Carrollton-Texas,Carrollton,Texas,Central,OFF-AR-10003373,"Boston School Pro Electric Pencil Sharpener, 1670",Office Supplies,Art,2,2,0.0444,45.00,t
2017-12-30,UnitedStates-Central-Carrollton-Texas,Carrollton,Texas,Central,OFF-PA-10000308,Xerox 1901,Office Supplies,Paper,1,2,0.0444,22.50,t
2017-12-30,UnitedStates-Central-Carrollton-Texas,Carrollton,Texas,Central,OFF-SU-10001165,Acme Elite Stainless Steel Scissors,Office Supplies,Supplies,0,2,0.0111,0.00,t
2017-12-30,UnitedStates-Central-Chicago-Illinois,Chicago,Illinois,Central,FUR-CH-10000422,Global Highback Leather Tilter in Burgundy,Furniture,Chairs,2,2,0.0222,90.00,t
2017-12-30,UnitedStates-Central-Chicago-Illinois,Chicago,Illinois,Central,FUR-FU-10002963,"Master Caster Door Stop, Gray",Furniture,Furnishings,4,2,0.0111,360.00,f
2017-12-30,UnitedStates-Central-Chicago-Illinois,Chicago,Illinois,Central,FUR-FU-10004909,Contemporary Wood/Metal Frame,Furniture,Furnishings,7,2,0.0111,630.00,f
2017-12-30,UnitedStates-Central-Chicago-Illinois,Chicago,Illinois,Central,FUR-TA-10002533,BPI Conference Tables,Furniture,Tables,7,2,0.0333,210.00,f
2017-12-30,UnitedStates-Central-Chicago-Illinois,Chicago,Illinois,Central,FUR-TA-10003008,"Lesro Round Back Collection Coffee Table, End Table",Furniture,Tables,5,2,0.0111,450.00,f
2017-12-30,UnitedStates-Central-Chicago-Illinois,Chicago,Illinois,Central,OFF-AP-10002191,Belkin 8 Outlet SurgeMaster II Gold Surge Protector,Office Supplies,Appliances,6,2,0.0222,270.00,f
2017-12-30,UnitedStates-Central-Chicago-Illinois,Chicago,Illinois,Central,OFF-AR-10003045,Prang Colored Pencils,Office Supplies,Art,2,2,0.0333,60.00,t
2017-12-30,UnitedStates-Central-Chicago-Illinois,Chicago,Illinois,Central,OFF-AR-10004790,Staples in misc. colors,Office Supplies,Art,6,2,0.0222,270.00,f
2017-12-30,UnitedStates-Central-Chicago-Illinois,Chicago,Illinois,Central,OFF-BI-10000309,"GBC Twin Loop Wire Binding Elements, 9/16"" Spine, Black",Office Supplies,Binders,10,2,0.1000,100.00,f
2017-12-30,UnitedStates-Central-Chicago-Illinois,Chicago,Illinois,Central,OFF-BI-10000474,Avery Recycled Flexi-View Covers for Binding Systems,Office Supplies,Binders,1,2,0.0556,18.00,t
2017-12-30,UnitedStates-Central-Chicago-Illinois,Chicago,Illinois,Central,OFF-BI-10001120,Ibico EPK-21 Electric Binding System,Office Supplies,Binders,5,2,0.0556,90.00,f
2017-12-30,UnitedStates-Central-Chicago-Illinois,Chicago,Illinois,Central,OFF-BI-10004224,Catalog Binders with Expanding Posts,Office Supplies,Binders,6,2,0.0111,540.00,f
2017-12-30,UnitedStates-Central-Chicago-Illinois,Chicago,Illinois,Central,OFF-EN-10001137,"#10 Gummed Flap White Envelopes, 100/Box",Office Supplies,Envelopes,4,2,0.0333,120.00,f
2017-12-30,UnitedStates-Central-Chicago-Illinois,Chicago,Illinois,Central,OFF-EN-10002592,"Peel & Seel Recycled Catalog Envelopes, Brown",Office Supplies,Envelopes,9,2,0.0667,135.00,f
2017-12-30,UnitedStates-Central-Chicago-Illinois,Chicago,Illinois,Central,OFF-LA-10001613,Avery File Folder Labels,Office Supplies,Labels,9,2,0.0556,162.00,f
2017-12-30,UnitedStates-Central-Chicago-Illinois,Chicago,Illinois,Central,OFF-PA-10004285,Xerox 1959,Office Supplies,Paper,3,2,0.0222,135.00,f
2017-12-30,UnitedStates-Central-Chicago-Illinois,Chicago,Illinois,Central,OFF-PA-10004965,Xerox 1921,Office Supplies,Paper,0,2,0.0222,0.00,t
2017-12-30,UnitedStates-Central-Chicago-Illinois,Chicago,Illinois,Central,OFF-ST-10000532,Advantus Rolling Drawer Organizers,Office Supplies,Storage,3,2,0.0222,135.00,f
2017-12-30,UnitedStates-Central-Chicago-Illinois,Chicago,Illinois,Central,OFF-ST-10003208,Adjustable Depth Letter/Legal Cart,Office Supplies,Storage,1,2,0.0222,45.00,t
2017-12-30,UnitedStates-Central-Chicago-Illinois,Chicago,Illinois,Central,OFF-ST-10003656,Safco Industrial Wire Shelving,Office Supplies,Storage,3,2,0.0333,90.00,f
2017-12-30,UnitedStates-Central-Chicago-Illinois,Chicago,Illinois,Central,TEC-AC-10000474,Kensington Expert Mouse Optical USB Trackball for PC or Mac,Technology,Accessories,4,2,0.0333,120.00,f
2017-12-30,UnitedStates-Central-Chicago-Illinois,Chicago,Illinois,Central,TEC-PH-10001536,Spigen Samsung Galaxy S5 Case Wallet,Technology,Phones,4,2,0.0222,180.00,f
2017-12-30,UnitedStates-Central-Chicago-Illinois,Chicago,Illinois,Central,TEC-PH-10003095,Samsung HM1900 Bluetooth Headset,Technology,Phones,2,2,0.0333,60.00,t
2017-12-30,UnitedStates-Central-Chicago-Illinois,Chicago,Illinois,Central,TEC-PH-10004042,ClearOne Communications CHAT 70 OC Speaker Phone,Technology,Phones,3,2,0.0444,67.50,f
2017-12-30,UnitedStates-Central-Chicago-Illinois,Chicago,Illinois,Central,TEC-PH-10004447,Toshiba IPT2010-SD IP Telephone,Technology,Phones,6,2,0.0222,270.00,f
2017-12-30,UnitedStates-Central-CollegeStation-Texas,College Station,Texas,Central,FUR-CH-10001973,Office Star Flex Back Scooter Chair with White Frame,Furniture,Chairs,1,2,0.0333,30.00,t
2017-12-30,UnitedStates-Central-CollegeStation-Texas,College Station,Texas,Central,OFF-AP-10001947,Acco 6 Outlet Guardian Premium Plus Surge Suppressor,Office Supplies,Appliances,3,2,0.0889,33.75,f
2017-12-30,UnitedStates-Central-CollegeStation-Texas,College Station,Texas,Central,OFF-PA-10004519,Spiral Phone Message Books with Labels by Adams,Office Supplies,Paper,8,2,0.0889,90.00,f
2017-12-30,UnitedStates-Central-Columbus-Indiana,Columbus,Indiana,Central,OFF-AP-10002457,"Eureka The Boss Plus 12-Amp Hard Box Upright Vacuum, Red",Office Supplies,Appliances,0,2,0.0222,0.00,t
2017-12-30,UnitedStates-Central-Columbus-Indiana,Columbus,Indiana,Central,OFF-AP-10004532,Kensington 6 Outlet Guardian Standard Surge Protector,Office Supplies,Appliances,4,2,0.0333,120.00,f
2017-12-30,UnitedStates-Central-Columbus-Indiana,Columbus,Indiana,Central,OFF-BI-10004519,GBC DocuBind P100 Manual Binding Machine,Office Supplies,Binders,2,2,0.0333,60.00,t
2017-12-30,UnitedStates-Central-Columbus-Indiana,Columbus,Indiana,Central,OFF-PA-10001745,"Wirebound Message Books, 2 7/8"" x 5"", 3 Forms per Page",Office Supplies,Paper,1,2,0.0444,22.50,t
2017-12-30,UnitedStates-Central-Columbus-Indiana,Columbus,Indiana,Central,OFF-PA-10002137,"Southworth 100% Résumé Paper, 24lb.",Office Supplies,Paper,5,2,0.0556,90.00,f
2017-12-30,UnitedStates-Central-Columbus-Indiana,Columbus,Indiana,Central,OFF-PA-10003641,Xerox 1909,Office Supplies,Paper,6,2,0.0667,90.00,f
2017-12-30,UnitedStates-Central-Columbus-Indiana,Columbus,Indiana,Central,TEC-AC-10003832,Logitech P710e Mobile Speakerphone,Technology,Accessories,2,2,0.0333,60.00,t
2017-12-30,UnitedStates-Central-Dallas-Texas,Dallas,Texas,Central,FUR-BO-10003441,"Bush Westfield Collection Bookcases, Fully Assembled",Furniture,Bookcases,1,2,0.0333,30.00,t
2017-12-30,UnitedStates-Central-Dallas-Texas,Dallas,Texas,Central,FUR-FU-10001756,"Eldon Expressions Desk Accessory, Wood Photo Frame, Mahogany",Furniture,Furnishings,2,2,0.0333,60.00,t
2017-12-30,UnitedStates-Central-Dallas-Texas,Dallas,Texas,Central,FUR-FU-10003849,"DAX Metal Frame, Desktop, Stepped-Edge",Furniture,Furnishings,5,2,0.0222,225.00,f
2017-12-30,UnitedStates-Central-Dallas-Texas,Dallas,Texas,Central,FUR-FU-10003878,"Linden 10"" Round Wall Clock, Black",Furniture,Furnishings,7,2,0.0556,126.00,f
2017-12-30,UnitedStates-Central-Dallas-Texas,Dallas,Texas,Central,FUR-TA-10002041,"Bevis Round Conference Table Top, X-Base",Furniture,Tables,1,2,0.0222,45.00,t
2017-12-30,UnitedStates-Central-Dallas-Texas,Dallas,Texas,Central,FUR-TA-10003008,"Lesro Round Back Collection Coffee Table, End Table",Furniture,Tables,2,2,0.0111,180.00,t
2017-12-30,UnitedStates-Central-Dallas-Texas,Dallas,Texas,Central,OFF-AP-10003217,Eureka Sanitaire  Commercial Upright,Office Supplies,Appliances,3,2,0.0222,135.00,f
2017-12-30,UnitedStates-Central-Dallas-Texas,Dallas,Texas,Central,OFF-AR-10001615,Newell 34,Office Supplies,Art,2,2,0.0222,90.00,t
2017-12-30,UnitedStates-Central-Dallas-Texas,Dallas,Texas,Central,OFF-AR-10003651,Newell 350,Office Supplies,Art,1,2,0.0222,45.00,t
2017-12-30,UnitedStates-Central-Dallas-Texas,Dallas,Texas,Central,OFF-BI-10000666,Surelock Post Binders,Office Supplies,Binders,1,2,0.0556,18.00,t
2017-12-30,UnitedStates-Central-Dallas-Texas,Dallas,Texas,Central,OFF-BI-10001116,"Wilson Jones 1"" Hanging DublLock Ring Binders",Office Supplies,Binders,5,2,0.0333,150.00,f
2017-12-30,UnitedStates-Central-Dallas-Texas,Dallas,Texas,Central,OFF-BI-10001597,"Wilson Jones Ledger-Size, Piano-Hinge Binder, 2"", Blue",Office Supplies,Binders,4,2,0.0556,72.00,f
2017-12-30,UnitedStates-Central-Dallas-Texas,Dallas,Texas,Central,OFF-BI-10003684,Wilson Jones Legal Size Ring Binders,Office Supplies,Binders,5,2,0.1000,50.00,f
2017-12-30,UnitedStates-Central-Dallas-Texas,Dallas,Texas,Central,OFF-BI-10003707,Aluminum Screw Posts,Office Supplies,Binders,3,2,0.0222,135.00,f
2017-12-30,UnitedStates-Central-Dallas-Texas,Dallas,Texas,Central,OFF-EN-10001219,"#10- 4 1/8"" x 9 1/2"" Security-Tint Envelopes",Office Supplies,Envelopes,8,2,0.0222,360.00,f
2017-12-30,UnitedStates-Central-Dallas-Texas,Dallas,Texas,Central,OFF-EN-10003068,#6 3/4 Gummed Flap White Envelopes,Office Supplies,Envelopes,4,2,0.0222,180.00,f
2017-12-30,UnitedStates-Central-Dallas-Texas,Dallas,Texas,Central,OFF-PA-10000477,Xerox 1952,Office Supplies,Paper,6,2,0.0778,77.14,f
2017-12-30,UnitedStates-Central-Dallas-Texas,Dallas,Texas,Central,OFF-PA-10001204,Xerox 1972,Office Supplies,Paper,1,2,0.0222,45.00,t
2017-12-30,UnitedStates-Central-Dallas-Texas,Dallas,Texas,Central,OFF-PA-10001934,Xerox 1993,Office Supplies,Paper,6,2,0.0222,270.00,f
2017-12-30,UnitedStates-Central-Dallas-Texas,Dallas,Texas,Central,OFF-PA-10002923,Xerox 1942,Office Supplies,Paper,7,2,0.0222,315.00,f
2017-12-30,UnitedStates-Central-Dallas-Texas,Dallas,Texas,Central,OFF-ST-10000464,"Multi-Use Personal File Cart and Caster Set, Three Stacking Bins",Office Supplies,Storage,1,2,0.0222,45.00,t
2017-12-30,UnitedStates-Central-Dallas-Texas,Dallas,Texas,Central,OFF-ST-10000585,Economy Rollaway Files,Office Supplies,Storage,8,2,0.0222,360.00,f
2017-12-30,UnitedStates-Central-Dallas-Texas,Dallas,Texas,Central,OFF-ST-10000615,"SimpliFile Personal File, Black Granite, 15w x 6-15/16d x 11-1/4h",Office Supplies,Storage,5,2,0.0222,225.00,f
2017-12-30,UnitedStates-Central-Dallas-Texas,Dallas,Texas,Central,OFF-ST-10000943,Eldon ProFile File 'N Store Portable File Tub Letter/Legal Size Black,Office Supplies,Storage,1,2,0.0444,22.50,t
2017-12-30,UnitedStates-Central-Dallas-Texas,Dallas,Texas,Central,OFF-ST-10002214,X-Rack File for Hanging Folders,Office Supplies,Storage,7,2,0.0667,105.00,f
2017-12-30,UnitedStates-Central-Dallas-Texas,Dallas,Texas,Central,OFF-ST-10002583,Fellowes Neat Ideas Storage Cubes,Office Supplies,Storage,1,2,0.0333,30.00,t
2017-12-30,UnitedStates-Central-Dallas-Texas,Dallas,Texas,Central,OFF-SU-10000946,Staple remover,Office Supplies,Supplies,2,2,0.0778,25.71,t
2017-12-30,UnitedStates-Central-Dallas-Texas,Dallas,Texas,Central,TEC-AC-10001383,Logitech Wireless Touch Keyboard K400,Technology,Accessories,0,2,0.0222,0.00,t
2017-12-30,UnitedStates-Central-Dallas-Texas,Dallas,Texas,Central,TEC-AC-10003033,Plantronics CS510 - Over-the-Head monaural Wireless Headset System,Technology,Accessories,4,2,0.0333,120.00,f
2017-12-30,UnitedStates-Central-Dallas-Texas,Dallas,Texas,Central,TEC-AC-10004568,Maxell LTO Ultrium - 800 GB,Technology,Accessories,5,2,0.0222,225.00,f
2017-12-30,UnitedStates-Central-Dallas-Texas,Dallas,Texas,Central,TEC-PH-10001305,Panasonic KX TS208W Corded phone,Technology,Phones,4,2,0.0556,72.00,f
2017-12-30,UnitedStates-Central-Dallas-Texas,Dallas,Texas,Central,TEC-PH-10002085,Clarity 53712,Technology,Phones,1,2,0.0778,12.86,t
2017-12-30,UnitedStates-Central-Dallas-Texas,Dallas,Texas,Central,TEC-PH-10003012,Nortel Meridian M3904 Professional Digital phone,Technology,Phones,1,2,0.0444,22.50,t
2017-12-30,UnitedStates-Central-Dallas-Texas,Dallas,Texas,Central,TEC-PH-10004531,OtterBox Commuter Series Case - iPhone 5 & 5s,Technology,Phones,7,2,0.0222,315.00,f
2017-12-30,UnitedStates-Central-Dallas-Texas,Dallas,Texas,Central,TEC-PH-10004908,Panasonic KX TS3282W Corded phone,Technology,Phones,7,2,0.0111,630.00,f
2017-12-30,UnitedStates-Central-Detroit-Michigan,Detroit,Michigan,Central,FUR-CH-10000847,Global Executive Mid-Back Manager's Chair,Furniture,Chairs,7,2,0.0333,210.00,f
2017-12-30,UnitedStates-Central-Detroit-Michigan,Detroit,Michigan,Central,FUR-CH-10002335,Hon GuestStacker Chair,Furniture,Chairs,1,2,0.0778,12.86,t
2017-12-30,UnitedStates-Central-Detroit-Michigan,Detroit,Michigan,Central,FUR-TA-10004534,Bevis 44 x 96 Conference Tables,Furniture,Tables,7,2,0.0222,315.00,f
2017-12-30,UnitedStates-Central-Detroit-Michigan,Detroit,Michigan,Central,OFF-AR-10001860,BIC Liqua Brite Liner,Office Supplies,Art,7,2,0.0556,126.00,f
2017-12-30,UnitedStates-Central-Detroit-Michigan,Detroit,Michigan,Central,OFF-AR-10004260,Boston 1799 Powerhouse Electric Pencil Sharpener,Office Supplies,Art,7,2,0.0778,90.00,f
2017-12-30,UnitedStates-Central-Detroit-Michigan,Detroit,Michigan,Central,OFF-BI-10001636,Ibico Plastic and Wire Spiral Binding Combs,Office Supplies,Binders,2,2,0.0444,45.00,t
2017-12-30,UnitedStates-Central-Detroit-Michigan,Detroit,Michigan,Central,OFF-BI-10003982,Wilson Jones Century Plastic Molded Ring Binders,Office Supplies,Binders,7,2,0.0222,315.00,f
2017-12-30,UnitedStates-Central-Detroit-Michigan,Detroit,Michigan,Central,OFF-PA-10000349,Easy-staple paper,Office Supplies,Paper,3,2,0.0333,90.00,f
2017-12-30,UnitedStates-Central-Detroit-Michigan,Detroit,Michigan,Central,OFF-PA-10001293,Xerox 1946,Office Supplies,Paper,1,2,0.0222,45.00,t
2017-12-30,UnitedStates-Central-Detroit-Michigan,Detroit,Michigan,Central,OFF-ST-10001837,"SAFCO Mobile Desk Side File, Wire Frame",Office Supplies,Storage,2,2,0.0222,90.00,t
2017-12-30,UnitedStates-Central-Detroit-Michigan,Detroit,Michigan,Central,TEC-AC-10000844,Logitech Gaming G510s - Keyboard,Technology,Accessories,3,2,0.0111,270.00,f
2017-12-30,UnitedStates-Central-Detroit-Michigan,Detroit,Michigan,Central,TEC-AC-10001114,Microsoft Wireless Mobile Mouse 4000,Technology,Accessories,1,2,0.0556,18.00,t
2017-12-30,UnitedStates-Central-Detroit-Michigan,Detroit,Michigan,Central,TEC-AC-10004859,"Maxell Pro 80 Minute CD-R, 10/Pack",Technology,Accessories,4,2,0.0667,60.00,f
2017-12-30,UnitedStates-Central-Eagan-Minnesota,Eagan,Minnesota,Central,OFF-LA-10001771,Avery 513,Office Supplies,Labels,3,2,0.0333,90.00,f
2017-12-30,UnitedStates-Central-Eagan-Minnesota,Eagan,Minnesota,Central,OFF-PA-10000327,Xerox 1971,Office Supplies,Paper,8,2,0.0222,360.00,f
2017-12-30,UnitedStates-Central-Eagan-Minnesota,Eagan,Minnesota,Central,OFF-ST-10001325,Sterilite Officeware Hinged File Box,Office Supplies,Storage,2,2,0.0556,36.00,t
2017-12-30,UnitedStates-Central-EauClaire-Wisconsin,Eau Claire,Wisconsin,Central,OFF-ST-10001031,Adjustable Personal File Tote,Office Supplies,Storage,5,2,0.0222,225.00,f
2017-12-30,UnitedStates-Central-Edinburg-Texas,Edinburg,Texas,Central,OFF-FA-10000611,Binder Clips by OIC,Office Supplies,Fasteners,7,2,0.0222,315.00,f
2017-12-30,UnitedStates-Central-ElPaso-Texas,El Paso,Texas,Central,TEC-AC-10001767,SanDisk Ultra 64 GB MicroSDHC Class 10 Memory Card,Technology,Accessories,7,2,0.0333,210.00,f
2017-12-30,UnitedStates-Central-Fargo-NorthDakota,Fargo,North Dakota,Central,OFF-AR-10004707,Staples in misc. colors,Office Supplies,Art,7,2,0.0111,630.00,f
2017-12-30,UnitedStates-Central-Fargo-NorthDakota,Fargo,North Dakota,Central,OFF-BI-10004040,Wilson Jones Impact Binders,Office Supplies,Binders,3,2,0.0556,54.00,f
2017-12-30,UnitedStates-Central-Freeport-Illinois,Freeport,Illinois,Central,FUR-FU-10001424,Dax Clear Box Frame,Furniture,Furnishings,6,2,0.0333,180.00,f
2017-12-30,UnitedStates-Central-Freeport-Illinois,Freeport,Illinois,Central,OFF-BI-10000778,GBC VeloBinder Electric Binding Machine,Office Supplies,Binders,8,2,0.0444,180.00,f
2017-12-30,UnitedStates-Central-Freeport-Illinois,Freeport,Illinois,Central,OFF-PA-10003127,Easy-staple paper,Office Supplies,Paper,2,2,0.0333,60.00,t
2017-12-30,UnitedStates-Central-Fremont-Nebraska,Fremont,Nebraska,Central,FUR-FU-10001940,Staple-based wall hangings,Furniture,Furnishings,4,2,0.0222,180.00,f
2017-12-30,UnitedStates-Central-Fremont-Nebraska,Fremont,Nebraska,Central,OFF-PA-10000994,Xerox 1915,Office Supplies,Paper,4,2,0.0111,360.00,f
2017-12-30,UnitedStates-Central-Fremont-Nebraska,Fremont,Nebraska,Central,OFF-ST-10004459,Tennsco Single-Tier Lockers,Office Supplies,Storage,3,2,0.0222,135.00,f
2017-12-30,UnitedStates-Central-GardenCity-Kansas,Garden City,Kansas,Central,OFF-ST-10003123,Fellowes Bases and Tops For Staxonsteel/High-Stak Systems,Office Supplies,Storage,2,2,0.0111,180.00,t
2017-12-30,UnitedStates-Central-Garland-Texas,Garland,Texas,Central,OFF-BI-10001510,Deluxe Heavy-Duty Vinyl Round Ring Binder,Office Supplies,Binders,8,2,0.0444,180.00,f
2017-12-30,UnitedStates-Central-Garland-Texas,Garland,Texas,Central,OFF-LA-10001045,Permanent Self-Adhesive File Folder Labels for Typewriters by Universal,Office Supplies,Labels,8,2,0.0556,144.00,f
2017-12-30,UnitedStates-Central-Gladstone-Missouri,Gladstone,Missouri,Central,FUR-FU-10001290,Executive Impressions Supervisor Wall Clock,Furniture,Furnishings,4,2,0.0333,120.00,f
2017-12-30,UnitedStates-Central-Gladstone-Missouri,Gladstone,Missouri,Central,TEC-AC-10002399,SanDisk Cruzer 32 GB USB Flash Drive,Technology,Accessories,7,2,0.0222,315.00,f
2017-12-30,UnitedStates-Central-GrandPrairie-Texas,Grand Prairie,Texas,Central,FUR-CH-10002602,DMI Arturo Collection Mission-style Design Wood Chair,Furniture,Chairs,4,2,0.0333,120.00,f
2017-12-30,UnitedStates-Central-GrandPrairie-Texas,Grand Prairie,Texas,Central,OFF-LA-10003923,Alphabetical Labels for Top Tab Filing,Office Supplies,Labels,7,2,0.0222,315.00,f
2017-12-30,UnitedStates-Central-GrandPrairie-Texas,Grand Prairie,Texas,Central,TEC-PH-10004912,Cisco SPA112 2 Port Phone Adapter,Technology,Phones,4,2,0.0556,72.00,f
2017-12-30,UnitedStates-Central-GrandRapids-Michigan,Grand Rapids,Michigan,Central,OFF-BI-10000088,GBC Imprintable Covers,Office Supplies,Binders,5,2,0.0556,90.00,f
2017-12-30,UnitedStates-Central-GrandRapids-Michigan,Grand Rapids,Michigan,Central,OFF-PA-10000994,Xerox 1915,Office Supplies,Paper,2,2,0.0222,90.00,t
2017-12-30,UnitedStates-Central-Greenwood-Indiana,Greenwood,Indiana,Central,OFF-PA-10000565,Easy-staple paper,Office Supplies,Paper,6,2,0.0333,180.00,f
2017-12-30,UnitedStates-Central-Greenwood-Indiana,Greenwood,Indiana,Central,OFF-PA-10002615,"Ampad Gold Fibre Wirebound Steno Books, 6"" x 9"", Gregg Ruled",Office Supplies,Paper,2,2,0.0111,180.00,t
2017-12-30,UnitedStates-Central-Greenwood-Indiana,Greenwood,Indiana,Central,OFF-PA-10003673,Strathmore Photo Mount Cards,Office Supplies,Paper,4,2,0.1111,36.00,f
2017-12-30,UnitedStates-Central-Houston-Texas,Houston,Texas,Central,FUR-CH-10002126,Hon Deluxe Fabric Upholstered Stacking Chairs,Furniture,Chairs,2,2,0.0556,36.00,t
2017-12-30,UnitedStates-Central-Houston-Texas,Houston,Texas,Central,FUR-CH-10003774,"Global Wood Trimmed Manager's Task Chair, Khaki",Furniture,Chairs,8,2,0.0333,240.00,f
2017-12-30,UnitedStates-Central-Houston-Texas,Houston,Texas,Central,FUR-FU-10000260,"6"" Cubicle Wall Clock, Black",Furniture,Furnishings,1,2,0.0333,30.00,t
2017-12-30,UnitedStates-Central-Houston-Texas,Houston,Texas,Central,FUR-FU-10000820,Tensor Brushed Steel Torchiere Floor Lamp,Furniture,Furnishings,7,2,0.0222,315.00,f
2017-12-30,UnitedStates-Central-Houston-Texas,Houston,Texas,Central,FUR-FU-10004020,Advantus Panel Wall Acrylic Frame,Furniture,Furnishings,7,2,0.0444,157.50,f
2017-12-30,UnitedStates-Central-Houston-Texas,Houston,Texas,Central,OFF-AP-10001947,Acco 6 Outlet Guardian Premium Plus Surge Suppressor,Office Supplies,Appliances,1,2,0.0667,15.00,t
2017-12-30,UnitedStates-Central-Houston-Texas,Houston,Texas,Central,OFF-AP-10002534,3.6 Cubic Foot Counter Height Office Refrigerator,Office Supplies,Appliances,5,2,0.0556,90.00,f
2017-12-30,UnitedStates-Central-Houston-Texas,Houston,Texas,Central,OFF-AP-10002867,Fellowes Command Center 5-outlet power strip,Office Supplies,Appliances,5,2,0.0556,90.00,f
2017-12-30,UnitedStates-Central-Houston-Texas,Houston,Texas,Central,OFF-AP-10004708,Fellowes Superior 10 Outlet Split Surge Protector,Office Supplies,Appliances,2,2,0.0222,90.00,t
2017-12-30,UnitedStates-Central-Houston-Texas,Houston,Texas,Central,OFF-AP-10004868,Hoover Commercial Soft Guard Upright Vacuum And Disposable Filtration Bags,Office Supplies,Appliances,8,2,0.0667,120.00,f
2017-12-30,UnitedStates-Central-Houston-Texas,Houston,Texas,Central,OFF-AR-10000122,Newell 314,Office Supplies,Art,7,2,0.0889,78.75,f
2017-12-30,UnitedStates-Central-Houston-Texas,Houston,Texas,Central,OFF-AR-10000817,Manco Dry-Lighter Erasable Highlighter,Office Supplies,Art,4,2,0.0556,72.00,f
2017-12-30,UnitedStates-Central-Houston-Texas,Houston,Texas,Central,OFF-AR-10001761,Avery Hi-Liter Smear-Safe Highlighters,Office Supplies,Art,4,2,0.0444,90.00,f
2017-12-30,UnitedStates-Central-Houston-Texas,Houston,Texas,Central,OFF-AR-10003876,"Avery Hi-Liter GlideStik Fluorescent Highlighter, Yellow Ink",Office Supplies,Art,7,2,0.0556,126.00,f
2017-12-30,UnitedStates-Central-Houston-Texas,Houston,Texas,Central,OFF-BI-10000145,Zipper Ring Binder Pockets,Office Supplies,Binders,6,2,0.0222,270.00,f
2017-12-30,UnitedStates-Central-Houston-Texas,Houston,Texas,Central,OFF-BI-10000756,Storex DuraTech Recycled Plastic Frosted Binders,Office Supplies,Binders,4,2,0.0556,72.00,f
2017-12-30,UnitedStates-Central-Houston-Texas,Houston,Texas,Central,OFF-BI-10003429,"Cardinal HOLDit! Binder Insert Strips,Extra Strips",Office Supplies,Binders,9,2,0.0556,162.00,f
2017-12-30,UnitedStates-Central-Houston-Texas,Houston,Texas,Central,OFF-BI-10003527,Fellowes PB500 Electric Punch Plastic Comb Binding Machine with Manual Bind,Office Supplies,Binders,8,2,0.0667,120.00,f
2017-12-30,UnitedStates-Central-Houston-Texas,Houston,Texas,Central,OFF-BI-10003684,Wilson Jones Legal Size Ring Binders,Office Supplies,Binders,9,2,0.0556,162.00,f
2017-12-30,UnitedStates-Central-Houston-Texas,Houston,Texas,Central,OFF-BI-10004182,Economy Binders,Office Supplies,Binders,5,2,0.0333,150.00,f
2017-12-30,UnitedStates-Central-Houston-Texas,Houston,Texas,Central,OFF-FA-10004248,Advantus T-Pin Paper Clips,Office Supplies,Fasteners,4,2,0.0333,120.00,f
2017-12-30,UnitedStates-Central-Houston-Texas,Houston,Texas,Central,OFF-PA-10000019,Xerox 1931,Office Supplies,Paper,7,2,0.0556,126.00,f
2017-12-30,UnitedStates-Central-Houston-Texas,Houston,Texas,Central,OFF-PA-10000176,Xerox 1887,Office Supplies,Paper,2,2,0.0556,36.00,t
2017-12-30,UnitedStates-Central-Houston-Texas,Houston,Texas,Central,OFF-PA-10000249,Easy-staple paper,Office Supplies,Paper,3,2,0.0333,90.00,f
2017-12-30,UnitedStates-Central-Houston-Texas,Houston,Texas,Central,OFF-PA-10001937,Xerox 21,Office Supplies,Paper,4,2,0.0333,120.00,f
2017-12-30,UnitedStates-Central-Houston-Texas,Houston,Texas,Central,OFF-ST-10000615,"SimpliFile Personal File, Black Granite, 15w x 6-15/16d x 11-1/4h",Office Supplies,Storage,8,2,0.0333,240.00,f
2017-12-30,UnitedStates-Central-Houston-Texas,Houston,Texas,Central,TEC-AC-10002167,Imation 8gb Micro Traveldrive Usb 2.0 Flash Drive,Technology,Accessories,5,2,0.0222,225.00,f
2017-12-30,UnitedStates-Central-Houston-Texas,Houston,Texas,Central,TEC-AC-10004510,Logitech Desktop MK120 Mouse and keyboard Combo,Technology,Accessories,3,2,0.0222,135.00,f
2017-12-30,UnitedStates-Central-Houston-Texas,Houston,Texas,Central,TEC-PH-10002185,QVS USB Car Charger 2-Port 2.1Amp for iPod/iPhone/iPad/iPad 2/iPad 3,Technology,Phones,4,2,0.0333,120.00,f
2017-12-30,UnitedStates-Central-Houston-Texas,Houston,Texas,Central,TEC-PH-10003437,Blue Parrot B250XT Professional Grade Wireless Bluetooth Headset with,Technology,Phones,3,2,0.0556,54.00,f
2017-12-30,UnitedStates-Central-Houston-Texas,Houston,Texas,Central,TEC-PH-10003555,Motorola HK250 Universal Bluetooth Headset,Technology,Phones,6,2,0.0333,180.00,f
2017-12-30,UnitedStates-Central-Independence-Missouri,Independence,Missouri,Central,OFF-AP-10001058,Sanyo 2.5 Cubic Foot Mid-Size Office Refrigerators,Office Supplies,Appliances,3,2,0.0333,90.00,f
2017-12-30,UnitedStates-Central-Indianapolis-Indiana,Indianapolis,Indiana,Central,OFF-BI-10004182,Economy Binders,Office Supplies,Binders,6,2,0.0556,108.00,f
2017-12-30,UnitedStates-Central-Indianapolis-Indiana,Indianapolis,Indiana,Central,OFF-PA-10000575,"Wirebound Message Books, Four 2 3/4 x 5 White Forms per Page",Office Supplies,Paper,3,2,0.0556,54.00,f
2017-12-30,UnitedStates-Central-Indianapolis-Indiana,Indianapolis,Indiana,Central,OFF-ST-10002743,SAFCO Boltless Steel Shelving,Office Supplies,Storage,3,2,0.0889,33.75,f
2017-12-30,UnitedStates-Central-Lafayette-Indiana,Lafayette,Indiana,Central,OFF-ST-10004459,Tennsco Single-Tier Lockers,Office Supplies,Storage,7,2,0.0111,630.00,f
2017-12-30,UnitedStates-Central-Lakeville-Minnesota,Lakeville,Minnesota,Central,OFF-AR-10001026,"Sanford Uni-Blazer View Highlighters, Chisel Tip, Yellow",Office Supplies,Art,7,2,0.1111,63.00,f
2017-12-30,UnitedStates-Central-Lawton-Oklahoma,Lawton,Oklahoma,Central,FUR-TA-10003748,Bevis 36 x 72 Conference Tables,Furniture,Tables,1,2,0.0222,45.00,t
2017-12-30,UnitedStates-Central-Lawton-Oklahoma,Lawton,Oklahoma,Central,OFF-ST-10000129,Fellowes Recycled Storage Drawers,Office Supplies,Storage,4,2,0.0333,120.00,f
2017-12-30,UnitedStates-Central-LeagueCity-Texas,League City,Texas,Central,FUR-CH-10001802,Hon Every-Day Chair Series Swivel Task Chairs,Furniture,Chairs,5,2,0.0333,150.00,f
2017-12-30,UnitedStates-Central-LeagueCity-Texas,League City,Texas,Central,OFF-AR-10004344,Bulldog Vacuum Base Pencil Sharpener,Office Supplies,Art,3,2,0.0778,38.57,f
2017-12-30,UnitedStates-Central-Madison-Wisconsin,Madison,Wisconsin,Central,FUR-BO-10003159,"Sauder Camden County Collection Libraries, Planked Cherry Finish",Furniture,Bookcases,3,2,0.0444,67.50,f
2017-12-30,UnitedStates-Central-Madison-Wisconsin,Madison,Wisconsin,Central,OFF-AP-10003590,Hoover WindTunnel Plus Canister Vacuum,Office Supplies,Appliances,2,2,0.0333,60.00,t
2017-12-30,UnitedStates-Central-Madison-Wisconsin,Madison,Wisconsin,Central,OFF-LA-10003510,"Avery 4027 File Folder Labels for Dot Matrix Printers, 5000 Labels per Box, White",Office Supplies,Labels,5,2,0.0222,225.00,f
2017-12-30,UnitedStates-Central-Madison-Wisconsin,Madison,Wisconsin,Central,OFF-PA-10002713,"Adams Phone Message Book, 200 Message Capacity, 8 1/16” x 11”",Office Supplies,Paper,6,2,0.0444,135.00,f
2017-12-30,UnitedStates-Central-Madison-Wisconsin,Madison,Wisconsin,Central,TEC-AC-10003023,Logitech G105 Gaming Keyboard,Technology,Accessories,8,2,0.0333,240.00,f
2017-12-30,UnitedStates-Central-Mansfield-Texas,Mansfield,Texas,Central,FUR-TA-10004607,Hon 2111 Invitation Series Straight Table,Furniture,Tables,3,2,0.0556,54.00,f
2017-12-30,UnitedStates-Central-Milwaukee-Wisconsin,Milwaukee,Wisconsin,Central,FUR-FU-10000206,"GE General Purpose, Extra Long Life, Showcase & Floodlight Incandescent Bulbs",Furniture,Furnishings,7,2,0.0222,315.00,f
2017-12-30,UnitedStates-Central-Milwaukee-Wisconsin,Milwaukee,Wisconsin,Central,FUR-FU-10001057,Tensor Track Tree Floor Lamp,Furniture,Furnishings,2,2,0.0556,36.00,t
2017-12-30,UnitedStates-Central-Milwaukee-Wisconsin,Milwaukee,Wisconsin,Central,FUR-FU-10004091,"Howard Miller 13"" Diameter Goldtone Round Wall Clock",Furniture,Furnishings,6,2,0.0111,540.00,f
2017-12-30,UnitedStates-Central-Milwaukee-Wisconsin,Milwaukee,Wisconsin,Central,OFF-BI-10000301,GBC Instant Report Kit,Office Supplies,Binders,5,2,0.0667,75.00,f
2017-12-30,UnitedStates-Central-Milwaukee-Wisconsin,Milwaukee,Wisconsin,Central,OFF-BI-10002949,Prestige Round Ring Binders,Office Supplies,Binders,6,2,0.0333,180.00,f
2017-12-30,UnitedStates-Central-Milwaukee-Wisconsin,Milwaukee,Wisconsin,Central,OFF-BI-10003460,Acco 3-Hole Punch,Office Supplies,Binders,8,2,0.0556,144.00,f
2017-12-30,UnitedStates-Central-Milwaukee-Wisconsin,Milwaukee,Wisconsin,Central,OFF-LA-10003720,Avery 487,Office Supplies,Labels,4,2,0.0222,180.00,f
2017-12-30,UnitedStates-Central-Milwaukee-Wisconsin,Milwaukee,Wisconsin,Central,OFF-ST-10000777,"Companion Letter/Legal File, Black",Office Supplies,Storage,2,2,0.0111,180.00,t
2017-12-30,UnitedStates-Central-Milwaukee-Wisconsin,Milwaukee,Wisconsin,Central,OFF-ST-10001321,"Decoflex Hanging Personal Folder File, Blue",Office Supplies,Storage,6,2,0.0667,90.00,f
2017-12-30,UnitedStates-Central-Milwaukee-Wisconsin,Milwaukee,Wisconsin,Central,TEC-AC-10001772,Memorex Mini Travel Drive 16 GB USB 2.0 Flash Drive,Technology,Accessories,10,2,0.1000,100.00,f
2017-12-30,UnitedStates-Central-Milwaukee-Wisconsin,Milwaukee,Wisconsin,Central,TEC-AC-10002331,"Maxell 74 Minute CDR, 10/Pack",Technology,Accessories,7,2,0.0333,210.00,f
2017-12-30,UnitedStates-Central-Minneapolis-Minnesota,Minneapolis,Minnesota,Central,OFF-AR-10001216,Newell 339,Office Supplies,Art,8,2,0.0556,144.00,f
2017-12-30,UnitedStates-Central-Minneapolis-Minnesota,Minneapolis,Minnesota,Central,OFF-BI-10001359,GBC DocuBind TL300 Electric Binding System,Office Supplies,Binders,2,2,0.0222,90.00,t
2017-12-30,UnitedStates-Central-Minneapolis-Minnesota,Minneapolis,Minnesota,Central,OFF-EN-10004459,Security-Tint Envelopes,Office Supplies,Envelopes,5,2,0.0222,225.00,f
2017-12-30,UnitedStates-Central-Minneapolis-Minnesota,Minneapolis,Minnesota,Central,OFF-PA-10003127,Easy-staple paper,Office Supplies,Paper,0,2,0.0111,0.00,t
2017-12-30,UnitedStates-Central-Muskogee-Oklahoma,Muskogee,Oklahoma,Central,FUR-TA-10002356,Bevis Boat-Shaped Conference Table,Furniture,Tables,5,2,0.0111,450.00,f
2017-12-30,UnitedStates-Central-Muskogee-Oklahoma,Muskogee,Oklahoma,Central,TEC-PH-10000895,Polycom VVX 310 VoIP phone,Technology,Phones,7,2,0.0889,78.75,f
2017-12-30,UnitedStates-Central-Naperville-Illinois,Naperville,Illinois,Central,TEC-AC-10003610,Logitech Illuminated - Keyboard,Technology,Accessories,1,2,0.0556,18.00,t
2017-12-30,UnitedStates-Central-OakPark-Illinois,Oak Park,Illinois,Central,OFF-AR-10000823,Newell 307,Office Supplies,Art,6,2,0.0778,77.14,f
2017-12-30,UnitedStates-Central-Odessa-Texas,Odessa,Texas,Central,OFF-AP-10002311,"Holmes Replacement Filter for HEPA Air Cleaner, Very Large Room, HEPA Filter",Office Supplies,Appliances,7,2,0.0111,630.00,f
2017-12-30,UnitedStates-Central-Odessa-Texas,Odessa,Texas,Central,OFF-PA-10004285,Xerox 1959,Office Supplies,Paper,6,2,0.0333,180.00,f
2017-12-30,UnitedStates-Central-OklahomaCity-Oklahoma,Oklahoma City,Oklahoma,Central,OFF-BI-10000756,Storex DuraTech Recycled Plastic Frosted Binders,Office Supplies,Binders,6,2,0.1000,60.00,f
2017-12-30,UnitedStates-Central-Omaha-Nebraska,Omaha,Nebraska,Central,OFF-BI-10004965,Ibico Covers for Plastic or Wire Binding Elements,Office Supplies,Binders,1,2,0.0333,30.00,t
2017-12-30,UnitedStates-Central-Omaha-Nebraska,Omaha,Nebraska,Central,TEC-PH-10001795,ClearOne CHATAttach 160 - speaker phone,Technology,Phones,8,2,0.0444,180.00,f
2017-12-30,UnitedStates-Central-OverlandPark-Kansas,Overland Park,Kansas,Central,OFF-AR-10004685,"Binney & Smith Crayola Metallic Colored Pencils, 8-Color Set",Office Supplies,Art,8,2,0.0667,120.00,f
2017-12-30,UnitedStates-Central-OverlandPark-Kansas,Overland Park,Kansas,Central,OFF-FA-10003495,Staples,Office Supplies,Fasteners,5,2,0.0333,150.00,f
2017-12-30,UnitedStates-Central-Palatine-Illinois,Palatine,Illinois,Central,TEC-AC-10001284,Enermax Briskie RF Wireless Keyboard and Mouse Combo,Technology,Accessories,10,2,0.0778,128.57,f
2017-12-30,UnitedStates-Central-ParkRidge-Illinois,Park Ridge,Illinois,Central,OFF-PA-10001019,Xerox 1884,Office Supplies,Paper,3,2,0.1000,30.00,f
2017-12-30,UnitedStates-Central-Pasadena-Texas,Pasadena,Texas,Central,OFF-AR-10003582,"Boston Electric Pencil Sharpener, Model 1818, Charcoal Black",Office Supplies,Art,4,2,0.0222,180.00,f
2017-12-30,UnitedStates-Central-Pasadena-Texas,Pasadena,Texas,Central,OFF-AR-10004817,Colorific Watercolor Pencils,Office Supplies,Art,1,2,0.0556,18.00,t
2017-12-30,UnitedStates-Central-Pasadena-Texas,Pasadena,Texas,Central,TEC-AC-10004855,V7 USB Numeric Keypad,Technology,Accessories,10,2,0.0667,150.00,f
2017-12-30,UnitedStates-Central-Peoria-Illinois,Peoria,Illinois,Central,FUR-CH-10004698,"Padded Folding Chairs, Black, 4/Carton",Furniture,Chairs,5,2,0.0222,225.00,f
2017-12-30,UnitedStates-Central-Peoria-Illinois,Peoria,Illinois,Central,FUR-FU-10001935,3M Hangers With Command Adhesive,Furniture,Furnishings,7,2,0.0222,315.00,f
2017-12-30,UnitedStates-Central-Peoria-Illinois,Peoria,Illinois,Central,FUR-FU-10004586,G.E. Longer-Life Indoor Recessed Floodlight Bulbs,Furniture,Furnishings,5,2,0.0333,150.00,f
2017-12-30,UnitedStates-Central-Peoria-Illinois,Peoria,Illinois,Central,OFF-BI-10003784,Computer Printout Index Tabs,Office Supplies,Binders,2,2,0.0556,36.00,t
2017-12-30,UnitedStates-Central-Plano-Texas,Plano,Texas,Central,FUR-TA-10000577,Bretford CR4500 Series Slim Rectangular Table,Furniture,Tables,2,2,0.0444,45.00,t
2017-12-30,UnitedStates-Central-Plano-Texas,Plano,Texas,Central,OFF-PA-10003729,Xerox 1998,Office Supplies,Paper,2,2,0.0222,90.00,t
2017-12-30,UnitedStates-Central-Richmond-Indiana,Richmond,Indiana,Central,FUR-CH-10004287,SAFCO Arco Folding Chair,Furniture,Chairs,6,2,0.0333,180.00,f
2017-12-30,UnitedStates-Central-Richmond-Indiana,Richmond,Indiana,Central,FUR-FU-10001473,DAX Wood Document Frame,Furniture,Furnishings,1,2,0.0222,45.00,t
2017-12-30,UnitedStates-Central-Richmond-Indiana,Richmond,Indiana,Central,FUR-TA-10001039,KI Adjustable-Height Table,Furniture,Tables,7,2,0.0333,210.00,f
2017-12-30,UnitedStates-Central-Richmond-Indiana,Richmond,Indiana,Central,TEC-PH-10001819,Innergie mMini Combo Duo USB Travel Charging Kit,Technology,Phones,2,2,0.0222,90.00,t
2017-12-30,UnitedStates-Central-Richmond-Indiana,Richmond,Indiana,Central,TEC-PH-10002624,Samsung Galaxy S4 Mini,Technology,Phones,3,2,0.0444,67.50,f
2017-12-30,UnitedStates-Central-Rochester-Minnesota,Rochester,Minnesota,Central,FUR-TA-10004915,"Office Impressions End Table, 20-1/2""H x 24""W x 20""D",Furniture,Tables,1,2,0.0222,45.00,t
2017-12-30,UnitedStates-Central-Rochester-Minnesota,Rochester,Minnesota,Central,OFF-AR-10001315,Newell 310,Office Supplies,Art,4,2,0.0556,72.00,f
2017-12-30,UnitedStates-Central-Rochester-Minnesota,Rochester,Minnesota,Central,OFF-LA-10000134,Avery 511,Office Supplies,Labels,4,2,0.0222,180.00,f
2017-12-30,UnitedStates-Central-Rochester-Minnesota,Rochester,Minnesota,Central,OFF-ST-10001228,"Fellowes Personal Hanging Folder Files, Navy",Office Supplies,Storage,1,2,0.0222,45.00,t
2017-12-30,UnitedStates-Central-Rochester-Minnesota,Rochester,Minnesota,Central,TEC-AC-10001539,Logitech G430 Surround Sound Gaming Headset with Dolby 7.1 Technology,Technology,Accessories,6,2,0.0556,108.00,f
2017-12-30,UnitedStates-Central-Rochester-Minnesota,Rochester,Minnesota,Central,TEC-AC-10001998,Logitech LS21 Speaker System - PC Multimedia - 2.1-CH - Wired,Technology,Accessories,6,2,0.0111,540.00,f
2017-12-30,UnitedStates-Central-Rochester-Minnesota,Rochester,Minnesota,Central,TEC-AC-10004595,First Data TMFD35 PIN Pad,Technology,Accessories,7,2,0.0111,630.00,f
2017-12-30,UnitedStates-Central-Rockford-Illinois,Rockford,Illinois,Central,FUR-CH-10002304,"Global Stack Chair without Arms, Black",Furniture,Chairs,8,2,0.1556,51.43,f
2017-12-30,UnitedStates-Central-Rockford-Illinois,Rockford,Illinois,Central,OFF-BI-10001524,GBC Premium Transparent Covers with Diagonal Lined Pattern,Office Supplies,Binders,8,2,0.0889,90.00,f
2017-12-30,UnitedStates-Central-Rockford-Illinois,Rockford,Illinois,Central,OFF-BI-10004002,Wilson Jones International Size A4 Ring Binders,Office Supplies,Binders,7,2,0.0444,157.50,f
2017-12-30,UnitedStates-Central-Rockford-Illinois,Rockford,Illinois,Central,OFF-PA-10004475,Xerox 1940,Office Supplies,Paper,9,2,0.0444,202.50,f
2017-12-30,UnitedStates-Central-Roseville-Michigan,Roseville,Michigan,Central,OFF-SU-10001935,Staple remover,Office Supplies,Supplies,3,2,0.0222,135.00,f
2017-12-30,UnitedStates-Central-RoundRock-Texas,Round Rock,Texas,Central,FUR-BO-10004709,"Bush Westfield Collection Bookcases, Medium Cherry Finish",Furniture,Bookcases,6,2,0.0222,270.00,f
2017-12-30,UnitedStates-Central-RoundRock-Texas,Round Rock,Texas,Central,FUR-FU-10001468,Tenex Antistatic Computer Chair Mats,Furniture,Furnishings,5,2,0.0556,90.00,f
2017-12-30,UnitedStates-Central-RoundRock-Texas,Round Rock,Texas,Central,OFF-AR-10001958,Stanley Bostitch Contemporary Electric Pencil Sharpeners,Office Supplies,Art,1,2,0.0222,45.00,t
2017-12-30,UnitedStates-Central-Saginaw-Michigan,Saginaw,Michigan,Central,FUR-FU-10002597,"C-Line Magnetic Cubicle Keepers, Clear Polypropylene",Furniture,Furnishings,4,2,0.0444,90.00,f
2017-12-30,UnitedStates-Central-Saginaw-Michigan,Saginaw,Michigan,Central,OFF-BI-10003274,"Avery Durable Slant Ring Binders, No Labels",Office Supplies,Binders,6,2,0.0444,135.00,f
2017-12-30,UnitedStates-Central-Saginaw-Michigan,Saginaw,Michigan,Central,OFF-FA-10000134,"Advantus Push Pins, Aluminum Head",Office Supplies,Fasteners,3,2,0.1000,30.00,f
2017-12-30,UnitedStates-Central-Saginaw-Michigan,Saginaw,Michigan,Central,OFF-ST-10000642,"Tennsco Lockers, Gray",Office Supplies,Storage,4,2,0.0444,90.00,f
2017-12-30,UnitedStates-Central-Saginaw-Michigan,Saginaw,Michigan,Central,OFF-ST-10001522,"Gould Plastics 18-Pocket Panel Bin, 34w x 5-1/4d x 20-1/2h",Office Supplies,Storage,6,2,0.0111,540.00,f
2017-12-30,UnitedStates-Central-Saginaw-Michigan,Saginaw,Michigan,Central,TEC-PH-10001700,Panasonic KX-TG6844B Expandable Digital Cordless Telephone,Technology,Phones,2,2,0.0222,90.00,t
2017-12-30,UnitedStates-Central-SaintLouis-Missouri,Saint Louis,Missouri,Central,OFF-AP-10001962,Black & Decker Filter for Double Action Dustbuster Cordless Vac BLDV7210,Office Supplies,Appliances,7,2,0.1111,63.00,f
2017-12-30,UnitedStates-Central-SaintLouis-Missouri,Saint Louis,Missouri,Central,OFF-PA-10001838,"Adams Telephone Message Book W/Dividers/Space For Phone Numbers, 5 1/4""X8 1/2"", 300/Messages",Office Supplies,Paper,2,2,0.0222,90.00,t
2017-12-30,UnitedStates-Central-SanAngelo-Texas,San Angelo,Texas,Central,FUR-CH-10004675,"Lifetime Advantage Folding Chairs, 4/Carton",Furniture,Chairs,4,2,0.0222,180.00,f
2017-12-30,UnitedStates-Central-SanAntonio-Texas,San Antonio,Texas,Central,FUR-TA-10002622,"Bush Andora Conference Table, Maple/Graphite Gray Finish",Furniture,Tables,2,2,0.0667,30.00,t
2017-12-30,UnitedStates-Central-SanAntonio-Texas,San Antonio,Texas,Central,OFF-AR-10000369,Design Ebony Sketching Pencil,Office Supplies,Art,9,2,0.0667,135.00,f
2017-12-30,UnitedStates-Central-SanAntonio-Texas,San Antonio,Texas,Central,OFF-AR-10000634,Newell 320,Office Supplies,Art,1,2,0.0333,30.00,t
2017-12-30,UnitedStates-Central-SanAntonio-Texas,San Antonio,Texas,Central,OFF-AR-10001915,Peel-Off China Markers,Office Supplies,Art,7,2,0.0444,157.50,f
2017-12-30,UnitedStates-Central-SanAntonio-Texas,San Antonio,Texas,Central,OFF-BI-10004364,Storex Dura Pro Binders,Office Supplies,Binders,6,2,0.0333,180.00,f
2017-12-30,UnitedStates-Central-SanAntonio-Texas,San Antonio,Texas,Central,OFF-FA-10000611,Binder Clips by OIC,Office Supplies,Fasteners,7,2,0.0333,210.00,f
2017-12-30,UnitedStates-Central-SanAntonio-Texas,San Antonio,Texas,Central,OFF-PA-10000304,Xerox 1995,Office Supplies,Paper,6,2,0.0333,180.00,f
2017-12-30,UnitedStates-Central-SanAntonio-Texas,San Antonio,Texas,Central,OFF-PA-10000520,Xerox 201,Office Supplies,Paper,2,2,0.0222,90.00,t
2017-12-30,UnitedStates-Central-SanAntonio-Texas,San Antonio,Texas,Central,TEC-PH-10002824,Jabra SPEAK 410 Multidevice Speakerphone,Technology,Phones,8,2,0.0556,144.00,f
2017-12-30,UnitedStates-Central-Skokie-Illinois,Skokie,Illinois,Central,FUR-FU-10002298,"Rubbermaid ClusterMat Chairmats, Mat Size- 66"" x 60"", Lip 20"" x 11"" -90 Degree Angle",Furniture,Furnishings,5,2,0.0667,75.00,f
2017-12-30,UnitedStates-Central-Skokie-Illinois,Skokie,Illinois,Central,FUR-FU-10004091,"Howard Miller 13"" Diameter Goldtone Round Wall Clock",Furniture,Furnishings,8,2,0.0333,240.00,f
2017-12-30,UnitedStates-Central-Skokie-Illinois,Skokie,Illinois,Central,OFF-AR-10002987,Prismacolor Color Pencil Set,Office Supplies,Art,8,2,0.0667,120.00,f
2017-12-30,UnitedStates-Central-Skokie-Illinois,Skokie,Illinois,Central,TEC-AC-10004510,Logitech Desktop MK120 Mouse and keyboard Combo,Technology,Accessories,5,2,0.0333,150.00,f
2017-12-30,UnitedStates-Central-Trenton-Michigan,Trenton,Michigan,Central,FUR-FU-10003577,Nu-Dell Leatherette Frames,Furniture,Furnishings,3,2,0.1222,24.55,f
2017-12-30,UnitedStates-Central-Trenton-Michigan,Trenton,Michigan,Central,OFF-AR-10003478,"Avery Hi-Liter EverBold Pen Style Fluorescent Highlighters, 4/Pack",Office Supplies,Art,1,2,0.0778,12.86,t
2017-12-30,UnitedStates-Central-Trenton-Michigan,Trenton,Michigan,Central,OFF-BI-10000546,Avery Durable Binders,Office Supplies,Binders,0,2,0.0111,0.00,t
2017-12-30,UnitedStates-Central-Trenton-Michigan,Trenton,Michigan,Central,OFF-BI-10003638,GBC Durable Plastic Covers,Office Supplies,Binders,3,2,0.0333,90.00,f
2017-12-30,UnitedStates-Central-Tulsa-Oklahoma,Tulsa,Oklahoma,Central,OFF-AR-10003179,Dixon Ticonderoga Core-Lock Colored Pencils,Office Supplies,Art,7,2,0.0444,157.50,f
2017-12-30,UnitedStates-Central-Tulsa-Oklahoma,Tulsa,Oklahoma,Central,OFF-BI-10004656,Peel & Stick Add-On Corner Pockets,Office Supplies,Binders,4,2,0.0556,72.00,f
2017-12-30,UnitedStates-Central-Urbandale-Iowa,Urbandale,Iowa,Central,OFF-FA-10004854,"Vinyl Coated Wire Paper Clips in Organizer Box, 800/Box",Office Supplies,Fasteners,4,2,0.0444,90.00,f
2017-12-30,UnitedStates-Central-Waco-Texas,Waco,Texas,Central,FUR-BO-10004360,Rush Hierlooms Collection Rich Wood Bookcases,Furniture,Bookcases,2,2,0.0333,60.00,t
2017-12-30,UnitedStates-Central-Waco-Texas,Waco,Texas,Central,OFF-BI-10002799,"SlimView Poly Binder, 3/8""",Office Supplies,Binders,4,2,0.0222,180.00,f
2017-12-30,UnitedStates-East-Akron-Ohio,Akron,Ohio,East,FUR-TA-10001539,Chromcraft Rectangular Conference Tables,Furniture,Tables,5,2,0.0222,225.00,f
2017-12-30,UnitedStates-East-Akron-Ohio,Akron,Ohio,East,OFF-ST-10000142,Deluxe Rollaway Locking File with Drawer,Office Supplies,Storage,8,2,0.0222,360.00,f
2017-12-30,UnitedStates-East-Auburn-NewYork,Auburn,New York,East,OFF-PA-10002250,Things To Do Today Pad,Office Supplies,Paper,9,2,0.0889,101.25,f
2017-12-30,UnitedStates-East-Baltimore-Maryland,Baltimore,Maryland,East,FUR-FU-10000576,Luxo Professional Fluorescent Magnifier Lamp with Clamp-Mount Base,Furniture,Furnishings,6,2,0.0556,108.00,f
2017-12-30,UnitedStates-East-Baltimore-Maryland,Baltimore,Maryland,East,FUR-FU-10003535,Howard Miller Distant Time Traveler Alarm Clock,Furniture,Furnishings,8,2,0.1111,72.00,f
2017-12-30,UnitedStates-East-Baltimore-Maryland,Baltimore,Maryland,East,FUR-FU-10004270,"Eldon Image Series Desk Accessories, Burgundy",Furniture,Furnishings,4,2,0.0556,72.00,f
2017-12-30,UnitedStates-East-Baltimore-Maryland,Baltimore,Maryland,East,OFF-AR-10004582,BIC Brite Liner Grip Highlighters,Office Supplies,Art,7,2,0.0111,630.00,f
2017-12-30,UnitedStates-East-Belleville-NewJersey,Belleville,New Jersey,East,OFF-PA-10001357,Xerox 1886,Office Supplies,Paper,2,2,0.0333,60.00,t
2017-12-30,UnitedStates-East-Belleville-NewJersey,Belleville,New Jersey,East,OFF-PA-10004888,Xerox 217,Office Supplies,Paper,1,2,0.0111,90.00,t
2017-12-30,UnitedStates-East-BowlingGreen-Ohio,Bowling Green,Ohio,East,OFF-AR-10004022,Panasonic KP-380BK Classic Electric Pencil Sharpener,Office Supplies,Art,4,2,0.0333,120.00,f
2017-12-30,UnitedStates-East-BowlingGreen-Ohio,Bowling Green,Ohio,East,TEC-AC-10002335,Logitech Media Keyboard K200,Technology,Accessories,1,2,0.0556,18.00,t
2017-12-30,UnitedStates-East-BowlingGreen-Ohio,Bowling Green,Ohio,East,TEC-CO-10002095,Hewlett Packard 610 Color Digital Copier / Printer,Technology,Copiers,1,2,0.0333,30.00,t
2017-12-30,UnitedStates-East-Buffalo-NewYork,Buffalo,New York,East,FUR-FU-10004845,"Deflect-o EconoMat Nonstudded, No Bevel Mat",Furniture,Furnishings,8,2,0.0333,240.00,f
2017-12-30,UnitedStates-East-Buffalo-NewYork,Buffalo,New York,East,TEC-PH-10003988,"LF Elite 3D Dazzle Designer Hard Case Cover, Lf Stylus Pen and Wiper For Apple Iphone 5c Mini Lite",Technology,Phones,6,2,0.0444,135.00,f
2017-12-30,UnitedStates-East-Burlington-Vermont,Burlington,Vermont,East,TEC-AC-10001013,Logitech ClearChat Comfort/USB Headset H390,Technology,Accessories,4,2,0.0778,51.43,f
2017-12-30,UnitedStates-East-Cincinnati-Ohio,Cincinnati,Ohio,East,OFF-EN-10004386,"Recycled Interoffice Envelopes with String and Button Closure, 10 x 13",Office Supplies,Envelopes,6,2,0.0333,180.00,f
2017-12-30,UnitedStates-East-Cincinnati-Ohio,Cincinnati,Ohio,East,OFF-ST-10004180,Safco Commercial Shelving,Office Supplies,Storage,0,2,0.0111,0.00,t
2017-12-30,UnitedStates-East-Cleveland-Ohio,Cleveland,Ohio,East,OFF-BI-10003984,Lock-Up Easel 'Spel-Binder',Office Supplies,Binders,3,2,0.0778,38.57,f
2017-12-30,UnitedStates-East-Clinton-Maryland,Clinton,Maryland,East,FUR-CH-10000422,Global Highback Leather Tilter in Burgundy,Furniture,Chairs,6,2,0.0333,180.00,f
2017-12-30,UnitedStates-East-Clinton-Maryland,Clinton,Maryland,East,FUR-FU-10000076,24-Hour Round Wall Clock,Furniture,Furnishings,2,2,0.0111,180.00,t
2017-12-30,UnitedStates-East-Columbia-Maryland,Columbia,Maryland,East,OFF-BI-10001078,"Acco PRESSTEX Data Binder with Storage Hooks, Dark Blue, 14 7/8"" X 11""",Office Supplies,Binders,8,2,0.0778,102.86,f
2017-12-30,UnitedStates-East-Columbia-Maryland,Columbia,Maryland,East,OFF-BI-10004728,Wilson Jones Turn Tabs Binder Tool for Ring Binders,Office Supplies,Binders,7,2,0.0222,315.00,f
2017-12-30,UnitedStates-East-Columbia-Maryland,Columbia,Maryland,East,OFF-ST-10003208,Adjustable Depth Letter/Legal Cart,Office Supplies,Storage,5,2,0.1333,37.50,f
2017-12-30,UnitedStates-East-Columbia-Maryland,Columbia,Maryland,East,TEC-AC-10004666,Maxell iVDR EX 500GB Cartridge,Technology,Accessories,1,2,0.0333,30.00,t
2017-12-30,UnitedStates-East-Columbus-Ohio,Columbus,Ohio,East,OFF-AP-10002082,Holmes HEPA Air Purifier,Office Supplies,Appliances,8,2,0.0333,240.00,f
2017-12-30,UnitedStates-East-Columbus-Ohio,Columbus,Ohio,East,OFF-AP-10004487,Kensington 4 Outlet MasterPiece Compact Power Control Center,Office Supplies,Appliances,4,2,0.0222,180.00,f
2017-12-30,UnitedStates-East-Columbus-Ohio,Columbus,Ohio,East,OFF-AP-10004708,Fellowes Superior 10 Outlet Split Surge Protector,Office Supplies,Appliances,6,2,0.0778,77.14,f
2017-12-30,UnitedStates-East-Columbus-Ohio,Columbus,Ohio,East,OFF-BI-10000494,Acco Economy Flexible Poly Round Ring Binder,Office Supplies,Binders,4,2,0.0222,180.00,f
2017-12-30,UnitedStates-East-Columbus-Ohio,Columbus,Ohio,East,OFF-BI-10004209,"Fellowes Twister Kit, Gray/Clear, 3/pkg",Office Supplies,Binders,4,2,0.0333,120.00,f
2017-12-30,UnitedStates-East-Columbus-Ohio,Columbus,Ohio,East,OFF-FA-10002988,Ideal Clamps,Office Supplies,Fasteners,6,2,0.0333,180.00,f
2017-12-30,UnitedStates-East-Columbus-Ohio,Columbus,Ohio,East,OFF-PA-10002222,"Xerox Color Copier Paper, 11"" x 17"", Ream",Office Supplies,Paper,5,2,0.0556,90.00,f
2017-12-30,UnitedStates-East-Columbus-Ohio,Columbus,Ohio,East,OFF-PA-10003673,Strathmore Photo Mount Cards,Office Supplies,Paper,2,2,0.0222,90.00,t
2017-12-30,UnitedStates-East-Columbus-Ohio,Columbus,Ohio,East,OFF-SU-10000646,Premier Automatic Letter Opener,Office Supplies,Supplies,5,2,0.0222,225.00,f
2017-12-30,UnitedStates-East-Columbus-Ohio,Columbus,Ohio,East,TEC-AC-10003614,"Verbatim 25 GB 6x Blu-ray Single Layer Recordable Disc, 10/Pack",Technology,Accessories,5,2,0.0222,225.00,f
2017-12-30,UnitedStates-East-Columbus-Ohio,Columbus,Ohio,East,TEC-PH-10003092,Motorola L804,Technology,Phones,2,2,0.0889,22.50,t
2017-12-30,UnitedStates-East-Cranston-RhodeIsland,Cranston,Rhode Island,East,FUR-FU-10000277,Deflect-o DuraMat Antistatic Studded Beveled Mat for Medium Pile Carpeting,Furniture,Furnishings,3,2,0.0222,135.00,f
2017-12-30,UnitedStates-East-Cranston-RhodeIsland,Cranston,Rhode Island,East,FUR-FU-10004963,"Eldon 400 Class Desk Accessories, Black Carbon",Furniture,Furnishings,7,2,0.0444,157.50,f
2017-12-30,UnitedStates-East-Cranston-RhodeIsland,Cranston,Rhode Island,East,FUR-TA-10001039,KI Adjustable-Height Table,Furniture,Tables,5,2,0.0444,112.50,f
2017-12-30,UnitedStates-East-Cranston-RhodeIsland,Cranston,Rhode Island,East,FUR-TA-10004915,"Office Impressions End Table, 20-1/2""H x 24""W x 20""D",Furniture,Tables,2,2,0.0333,60.00,t
2017-12-30,UnitedStates-East-Cranston-RhodeIsland,Cranston,Rhode Island,East,OFF-AP-10002906,Hoover Replacement Belt for Commercial Guardsman Heavy-Duty Upright Vacuum,Office Supplies,Appliances,0,2,0.0111,0.00,t
2017-12-30,UnitedStates-East-Cranston-RhodeIsland,Cranston,Rhode Island,East,OFF-PA-10003724,"Wirebound Message Book, 4 per Page",Office Supplies,Paper,6,2,0.0889,67.50,f
2017-12-30,UnitedStates-East-Cranston-RhodeIsland,Cranston,Rhode Island,East,OFF-ST-10000036,"Recycled Data-Pak for Archival Bound Computer Printouts, 12-1/2 x 12-1/2 x 16",Office Supplies,Storage,5,2,0.0667,75.00,f
2017-12-30,UnitedStates-East-Cranston-RhodeIsland,Cranston,Rhode Island,East,OFF-ST-10001837,"SAFCO Mobile Desk Side File, Wire Frame",Office Supplies,Storage,7,2,0.0111,630.00,f
2017-12-30,UnitedStates-East-Danbury-Connecticut,Danbury,Connecticut,East,FUR-FU-10001473,DAX Wood Document Frame,Furniture,Furnishings,5,2,0.0222,225.00,f
2017-12-30,UnitedStates-East-EastOrange-NewJersey,East Orange,New Jersey,East,TEC-AC-10003237,Memorex Micro Travel Drive 4 GB,Technology,Accessories,8,2,0.0333,240.00,f
2017-12-30,UnitedStates-East-Elyria-Ohio,Elyria,Ohio,East,OFF-BI-10002949,Prestige Round Ring Binders,Office Supplies,Binders,1,2,0.0111,90.00,t
2017-12-30,UnitedStates-East-Everett-Massachusetts,Everett,Massachusetts,East,OFF-AR-10001958,Stanley Bostitch Contemporary Electric Pencil Sharpeners,Office Supplies,Art,4,2,0.0333,120.00,f
2017-12-30,UnitedStates-East-Everett-Massachusetts,Everett,Massachusetts,East,OFF-LA-10002475,Avery 519,Office Supplies,Labels,2,2,0.0333,60.00,t
2017-12-30,UnitedStates-East-Everett-Massachusetts,Everett,Massachusetts,East,OFF-PA-10001033,Xerox 1893,Office Supplies,Paper,4,2,0.0111,360.00,f
2017-12-30,UnitedStates-East-Everett-Massachusetts,Everett,Massachusetts,East,OFF-PA-10004243,Xerox 1939,Office Supplies,Paper,4,2,0.1111,36.00,f
2017-12-30,UnitedStates-East-Fairfield-Connecticut,Fairfield,Connecticut,East,FUR-CH-10000155,Global Comet Stacking Armless Chair,Furniture,Chairs,4,2,0.0333,120.00,f
2017-12-30,UnitedStates-East-Fairfield-Connecticut,Fairfield,Connecticut,East,OFF-AP-10000026,Tripp Lite Isotel 6 Outlet Surge Protector with Fax/Modem Protection,Office Supplies,Appliances,4,2,0.0778,51.43,f
2017-12-30,UnitedStates-East-Fairfield-Connecticut,Fairfield,Connecticut,East,OFF-EN-10004030,Convenience Packs of Business Envelopes,Office Supplies,Envelopes,2,2,0.0333,60.00,t
2017-12-30,UnitedStates-East-Fairfield-Connecticut,Fairfield,Connecticut,East,OFF-LA-10001045,Permanent Self-Adhesive File Folder Labels for Typewriters by Universal,Office Supplies,Labels,1,2,0.0556,18.00,t
2017-12-30,UnitedStates-East-Fairfield-Connecticut,Fairfield,Connecticut,East,OFF-PA-10001972,Xerox 214,Office Supplies,Paper,5,2,0.0333,150.00,f
2017-12-30,UnitedStates-East-Fairfield-Ohio,Fairfield,Ohio,East,FUR-TA-10002645,Hon Rectangular Conference Tables,Furniture,Tables,7,2,0.0222,315.00,f
2017-12-30,UnitedStates-East-Fairfield-Ohio,Fairfield,Ohio,East,OFF-BI-10000632,Satellite Sectional Post Binders,Office Supplies,Binders,1,2,0.0111,90.00,t
2017-12-30,UnitedStates-East-Fairfield-Ohio,Fairfield,Ohio,East,OFF-FA-10002975,Staples,Office Supplies,Fasteners,9,2,0.1444,62.31,f
2017-12-30,UnitedStates-East-Fairfield-Ohio,Fairfield,Ohio,East,OFF-PA-10000241,"IBM Multi-Purpose Copy Paper, 8 1/2 x 11"", Case",Office Supplies,Paper,1,2,0.0333,30.00,t
2017-12-30,UnitedStates-East-Fairfield-Ohio,Fairfield,Ohio,East,TEC-AC-10002473,Maxell 4.7GB DVD-R,Technology,Accessories,8,2,0.0778,102.86,f
2017-12-30,UnitedStates-East-GroveCity-Ohio,Grove City,Ohio,East,OFF-BI-10002949,Prestige Round Ring Binders,Office Supplies,Binders,3,2,0.0222,135.00,f
2017-12-30,UnitedStates-East-GroveCity-Ohio,Grove City,Ohio,East,TEC-PH-10000011,PureGear Roll-On Screen Protector,Technology,Phones,11,2,0.1111,99.00,f
2017-12-30,UnitedStates-East-Hagerstown-Maryland,Hagerstown,Maryland,East,OFF-BI-10000050,"Angle-D Binders with Locking Rings, Label Holders",Office Supplies,Binders,2,2,0.0667,30.00,t
2017-12-30,UnitedStates-East-Lakewood-NewJersey,Lakewood,New Jersey,East,FUR-BO-10003404,"Global Adaptabilites Bookcase, Cherry/Storm Gray Finish",Furniture,Bookcases,2,2,0.0556,36.00,t
2017-12-30,UnitedStates-East-Lakewood-NewJersey,Lakewood,New Jersey,East,FUR-FU-10004053,DAX Two-Tone Silver Metal Document Frame,Furniture,Furnishings,4,2,0.0222,180.00,f
2017-12-30,UnitedStates-East-Lakewood-NewJersey,Lakewood,New Jersey,East,OFF-FA-10000621,"OIC Colored Binder Clips, Assorted Sizes",Office Supplies,Fasteners,7,2,0.0556,126.00,f
2017-12-30,UnitedStates-East-Lakewood-NewJersey,Lakewood,New Jersey,East,TEC-AC-10002167,Imation 8gb Micro Traveldrive Usb 2.0 Flash Drive,Technology,Accessories,8,2,0.0333,240.00,f
2017-12-30,UnitedStates-East-Lakewood-Ohio,Lakewood,Ohio,East,FUR-FU-10003577,Nu-Dell Leatherette Frames,Furniture,Furnishings,7,2,0.0444,157.50,f
2017-12-30,UnitedStates-East-Lakewood-Ohio,Lakewood,Ohio,East,OFF-AP-10000938,Avanti 1.7 Cu. Ft. Refrigerator,Office Supplies,Appliances,8,2,0.0222,360.00,f
2017-12-30,UnitedStates-East-Lakewood-Ohio,Lakewood,Ohio,East,OFF-AR-10001662,Rogers Handheld Barrel Pencil Sharpener,Office Supplies,Art,9,2,0.1000,90.00,f
2017-12-30,UnitedStates-East-Lakewood-Ohio,Lakewood,Ohio,East,OFF-AR-10001860,BIC Liqua Brite Liner,Office Supplies,Art,5,2,0.0778,64.29,f
2017-12-30,UnitedStates-East-Lakewood-Ohio,Lakewood,Ohio,East,OFF-BI-10002799,"SlimView Poly Binder, 3/8""",Office Supplies,Binders,4,2,0.0444,90.00,f
2017-12-30,UnitedStates-East-Lakewood-Ohio,Lakewood,Ohio,East,OFF-PA-10002195,"RSVP Cards & Envelopes, Blank White, 8-1/2"" X 11"", 24 Cards/25 Envelopes/Set",Office Supplies,Paper,1,2,0.0111,90.00,t
2017-12-30,UnitedStates-East-Lakewood-Ohio,Lakewood,Ohio,East,TEC-PH-10004531,OtterBox Commuter Series Case - iPhone 5 & 5s,Technology,Phones,3,2,0.0222,135.00,f
2017-12-30,UnitedStates-East-Lancaster-Ohio,Lancaster,Ohio,East,OFF-ST-10002344,"Carina 42""Hx23 3/4""W Media Storage Unit",Office Supplies,Storage,3,2,0.0333,90.00,f
2017-12-30,UnitedStates-East-Lancaster-Ohio,Lancaster,Ohio,East,TEC-AC-10002323,SanDisk Ultra 32 GB MicroSDHC Class 10 Memory Card,Technology,Accessories,1,2,0.0444,22.50,t
2017-12-30,UnitedStates-East-Lancaster-Pennsylvania,Lancaster,Pennsylvania,East,OFF-BI-10003007,"Premium Transparent Presentation Covers, No Pattern/Clear, 8 1/2"" x 11""",Office Supplies,Binders,3,2,0.0778,38.57,f
2017-12-30,UnitedStates-East-Lancaster-Pennsylvania,Lancaster,Pennsylvania,East,OFF-PA-10000675,Xerox 1919,Office Supplies,Paper,6,2,0.0778,77.14,f
2017-12-30,UnitedStates-East-Lancaster-Pennsylvania,Lancaster,Pennsylvania,East,OFF-ST-10002574,"SAFCO Commercial Wire Shelving, Black",Office Supplies,Storage,3,2,0.0222,135.00,f
2017-12-30,UnitedStates-East-Lancaster-Pennsylvania,Lancaster,Pennsylvania,East,TEC-PH-10001433,Cisco Small Business SPA 502G VoIP phone,Technology,Phones,7,2,0.0111,630.00,f
2017-12-30,UnitedStates-East-Lancaster-Pennsylvania,Lancaster,Pennsylvania,East,TEC-PH-10003437,Blue Parrot B250XT Professional Grade Wireless Bluetooth Headset with,Technology,Phones,4,2,0.0222,180.00,f
2017-12-30,UnitedStates-East-Lawrence-Massachusetts,Lawrence,Massachusetts,East,FUR-FU-10004712,"Westinghouse Mesh Shade Clip-On Gooseneck Lamp, Black",Furniture,Furnishings,9,2,0.0444,202.50,f
2017-12-30,UnitedStates-East-Lawrence-Massachusetts,Lawrence,Massachusetts,East,FUR-TA-10003473,Bretford Rectangular Conference Table Tops,Furniture,Tables,6,2,0.0222,270.00,f
2017-12-30,UnitedStates-East-Lawrence-Massachusetts,Lawrence,Massachusetts,East,OFF-FA-10001332,"Acco Banker's Clasps, 5 3/4""-Long",Office Supplies,Fasteners,2,2,0.0667,30.00,t
2017-12-30,UnitedStates-East-Lawrence-Massachusetts,Lawrence,Massachusetts,East,OFF-ST-10000918,Crate-A-Files,Office Supplies,Storage,2,2,0.0333,60.00,t
2017-12-30,UnitedStates-East-Lawrence-Massachusetts,Lawrence,Massachusetts,East,OFF-ST-10002790,Safco Industrial Shelving,Office Supplies,Storage,5,2,0.0111,450.00,f
2017-12-30,UnitedStates-East-Lawrence-Massachusetts,Lawrence,Massachusetts,East,OFF-SU-10001664,Acme Office Executive Series Stainless Steel Trimmers,Office Supplies,Supplies,4,2,0.0333,120.00,f
2017-12-30,UnitedStates-East-Lawrence-Massachusetts,Lawrence,Massachusetts,East,TEC-CO-10002313,Canon PC1080F Personal Copier,Technology,Copiers,2,2,0.0222,90.00,t
2017-12-30,UnitedStates-East-LongBeach-NewYork,Long Beach,New York,East,TEC-PH-10000923,"Belkin SportFit Armband For iPhone 5s/5c, Fuchsia",Technology,Phones,6,2,0.0556,108.00,f
2017-12-30,UnitedStates-East-Lowell-Massachusetts,Lowell,Massachusetts,East,OFF-AP-10001293,Belkin 8 Outlet Surge Protector,Office Supplies,Appliances,9,2,0.0778,115.71,f
2017-12-30,UnitedStates-East-Lowell-Massachusetts,Lowell,Massachusetts,East,OFF-SU-10001935,Staple remover,Office Supplies,Supplies,4,2,0.0222,180.00,f
2017-12-30,UnitedStates-East-Lowell-Massachusetts,Lowell,Massachusetts,East,TEC-PH-10004977,GE 30524EE4,Technology,Phones,2,2,0.0556,36.00,t
2017-12-30,UnitedStates-East-Marion-Ohio,Marion,Ohio,East,FUR-FU-10002885,Magna Visual Magnetic Picture Hangers,Furniture,Furnishings,2,2,0.0222,90.00,t
2017-12-30,UnitedStates-East-Middletown-Connecticut,Middletown,Connecticut,East,FUR-FU-10003708,"Tenex Traditional Chairmats for Medium Pile Carpet, Standard Lip, 36"" x 48""",Furniture,Furnishings,8,2,0.0333,240.00,f
2017-12-30,UnitedStates-East-NewBedford-Massachusetts,New Bedford,Massachusetts,East,OFF-BI-10000201,"Avery Triangle Shaped Sheet Lifters, Black, 2/Pack",Office Supplies,Binders,8,2,0.0556,144.00,f
2017-12-30,UnitedStates-East-NewBedford-Massachusetts,New Bedford,Massachusetts,East,OFF-PA-10001972,Xerox 214,Office Supplies,Paper,7,2,0.0333,210.00,f
2017-12-30,UnitedStates-East-NewBedford-Massachusetts,New Bedford,Massachusetts,East,TEC-PH-10001527,Plantronics MX500i Earset,Technology,Phones,8,2,0.0333,240.00,f
2017-12-30,UnitedStates-East-NewYorkCity-NewYork,New York City,New York,East,FUR-BO-10000780,O'Sullivan Plantations 2-Door Library in Landvery Oak,Furniture,Bookcases,0,2,0.0222,0.00,t
2017-12-30,UnitedStates-East-NewYorkCity-NewYork,New York City,New York,East,FUR-BO-10003034,"O'Sullivan Elevations Bookcase, Cherry Finish",Furniture,Bookcases,2,2,0.0333,60.00,t
2017-12-30,UnitedStates-East-NewYorkCity-NewYork,New York City,New York,East,FUR-BO-10003159,"Sauder Camden County Collection Libraries, Planked Cherry Finish",Furniture,Bookcases,0,2,0.0222,0.00,t
2017-12-30,UnitedStates-East-NewYorkCity-NewYork,New York City,New York,East,FUR-BO-10003441,"Bush Westfield Collection Bookcases, Fully Assembled",Furniture,Bookcases,2,2,0.0444,45.00,t
2017-12-30,UnitedStates-East-NewYorkCity-NewYork,New York City,New York,East,FUR-BO-10004015,"Bush Andora Bookcase, Maple/Graphite Gray Finish",Furniture,Bookcases,7,2,0.0556,126.00,f
2017-12-30,UnitedStates-East-NewYorkCity-NewYork,New York City,New York,East,FUR-CH-10000785,Global Ergonomic Managers Chair,Furniture,Chairs,8,2,0.0667,120.00,f
2017-12-30,UnitedStates-East-NewYorkCity-NewYork,New York City,New York,East,FUR-CH-10001708,Office Star - Contemporary Swivel Chair with Padded Adjustable Arms and Flex Back,Furniture,Chairs,4,2,0.1000,40.00,f
2017-12-30,UnitedStates-East-NewYorkCity-NewYork,New York City,New York,East,FUR-CH-10002372,Office Star - Ergonomically Designed Knee Chair,Furniture,Chairs,6,2,0.0222,270.00,f
2017-12-30,UnitedStates-East-NewYorkCity-NewYork,New York City,New York,East,FUR-CH-10002880,"Global High-Back Leather Tilter, Burgundy",Furniture,Chairs,5,2,0.0222,225.00,f
2017-12-30,UnitedStates-East-NewYorkCity-NewYork,New York City,New York,East,FUR-CH-10004287,SAFCO Arco Folding Chair,Furniture,Chairs,2,2,0.0556,36.00,t
2017-12-30,UnitedStates-East-NewYorkCity-NewYork,New York City,New York,East,FUR-CH-10004875,Harbour Creations 67200 Series Stacking Chairs,Furniture,Chairs,8,2,0.0222,360.00,f
2017-12-30,UnitedStates-East-NewYorkCity-NewYork,New York City,New York,East,FUR-FU-10000308,Deflect-o Glass Clear Studded Chair Mats,Furniture,Furnishings,6,2,0.0222,270.00,f
2017-12-30,UnitedStates-East-NewYorkCity-NewYork,New York City,New York,East,FUR-FU-10000521,"Seth Thomas 14"" Putty-Colored Wall Clock",Furniture,Furnishings,5,2,0.0222,225.00,f
2017-12-30,UnitedStates-East-NewYorkCity-NewYork,New York City,New York,East,FUR-FU-10000629,9-3/4 Diameter Round Wall Clock,Furniture,Furnishings,8,2,0.0778,102.86,f
2017-12-30,UnitedStates-East-NewYorkCity-NewYork,New York City,New York,East,FUR-FU-10000820,Tensor Brushed Steel Torchiere Floor Lamp,Furniture,Furnishings,4,2,0.0333,120.00,f
2017-12-30,UnitedStates-East-NewYorkCity-NewYork,New York City,New York,East,FUR-FU-10001290,Executive Impressions Supervisor Wall Clock,Furniture,Furnishings,7,2,0.1444,48.46,f
2017-12-30,UnitedStates-East-NewYorkCity-NewYork,New York City,New York,East,FUR-FU-10001487,"Eldon Expressions Wood and Plastic Desk Accessories, Cherry Wood",Furniture,Furnishings,4,2,0.0333,120.00,f
2017-12-30,UnitedStates-East-NewYorkCity-NewYork,New York City,New York,East,FUR-FU-10001934,Magnifier Swing Arm Lamp,Furniture,Furnishings,10,2,0.0889,112.50,f
2017-12-30,UnitedStates-East-NewYorkCity-NewYork,New York City,New York,East,FUR-FU-10003535,Howard Miller Distant Time Traveler Alarm Clock,Furniture,Furnishings,0,2,0.0111,0.00,t
2017-12-30,UnitedStates-East-NewYorkCity-NewYork,New York City,New York,East,FUR-FU-10003623,"DataProducts Ampli Magnifier Task Lamp, Black,",Furniture,Furnishings,3,2,0.0556,54.00,f
2017-12-30,UnitedStates-East-NewYorkCity-NewYork,New York City,New York,East,FUR-FU-10004091,"Howard Miller 13"" Diameter Goldtone Round Wall Clock",Furniture,Furnishings,8,2,0.0444,180.00,f
2017-12-30,UnitedStates-East-NewYorkCity-NewYork,New York City,New York,East,FUR-FU-10004245,"Career Cubicle Clock, 8 1/4"", Black",Furniture,Furnishings,2,2,0.0556,36.00,t
2017-12-30,UnitedStates-East-NewYorkCity-NewYork,New York City,New York,East,FUR-FU-10004952,"C-Line Cubicle Keepers Polyproplyene Holder w/Velcro Back, 8-1/2x11, 25/Bx",Furniture,Furnishings,3,2,0.0222,135.00,f
2017-12-30,UnitedStates-East-NewYorkCity-NewYork,New York City,New York,East,FUR-TA-10001676,Hon 61000 Series Interactive Training Tables,Furniture,Tables,7,2,0.0333,210.00,f
2017-12-30,UnitedStates-East-NewYorkCity-NewYork,New York City,New York,East,FUR-TA-10003469,Balt Split Level Computer Training Table,Furniture,Tables,1,2,0.0222,45.00,t
2017-12-30,UnitedStates-East-NewYorkCity-NewYork,New York City,New York,East,OFF-AP-10000828,Avanti 4.4 Cu. Ft. Refrigerator,Office Supplies,Appliances,5,2,0.0556,90.00,f
2017-12-30,UnitedStates-East-NewYorkCity-NewYork,New York City,New York,East,OFF-AP-10000891,Kensington 7 Outlet MasterPiece HOMEOFFICE Power Control Center,Office Supplies,Appliances,5,2,0.1444,34.62,f
2017-12-30,UnitedStates-East-NewYorkCity-NewYork,New York City,New York,East,OFF-AP-10001271,Eureka The Boss Cordless Rechargeable Stick Vac,Office Supplies,Appliances,2,2,0.0556,36.00,t
2017-12-30,UnitedStates-East-NewYorkCity-NewYork,New York City,New York,East,OFF-AP-10001962,Black & Decker Filter for Double Action Dustbuster Cordless Vac BLDV7210,Office Supplies,Appliances,10,2,0.0778,128.57,f
2017-12-30,UnitedStates-East-NewYorkCity-NewYork,New York City,New York,East,OFF-AP-10003849,Hoover Shoulder Vac Commercial Portable Vacuum,Office Supplies,Appliances,4,2,0.0778,51.43,f
2017-12-30,UnitedStates-East-NewYorkCity-NewYork,New York City,New York,East,OFF-AP-10004249,Staple holder,Office Supplies,Appliances,0,2,0.0333,0.00,t
2017-12-30,UnitedStates-East-NewYorkCity-NewYork,New York City,New York,East,OFF-AR-10000462,Sanford Pocket Accent Highlighters,Office Supplies,Art,6,2,0.0222,270.00,f
2017-12-30,UnitedStates-East-NewYorkCity-NewYork,New York City,New York,East,OFF-AR-10001130,"Quartet Alpha White Chalk, 12/Pack",Office Supplies,Art,7,2,0.0333,210.00,f
2017-12-30,UnitedStates-East-NewYorkCity-NewYork,New York City,New York,East,OFF-AR-10001573,American Pencil,Office Supplies,Art,2,2,0.0333,60.00,t
2017-12-30,UnitedStates-East-NewYorkCity-NewYork,New York City,New York,East,OFF-AR-10002280,Staples in misc. colors,Office Supplies,Art,8,2,0.0667,120.00,f
2017-12-30,UnitedStates-East-NewYorkCity-NewYork,New York City,New York,East,OFF-AR-10002818,Panasonic KP-310 Heavy-Duty Electric Pencil Sharpener,Office Supplies,Art,5,2,0.0556,90.00,f
2017-12-30,UnitedStates-East-NewYorkCity-NewYork,New York City,New York,East,OFF-AR-10003759,"Crayola Anti Dust Chalk, 12/Pack",Office Supplies,Art,10,2,0.1000,100.00,f
2017-12-30,UnitedStates-East-NewYorkCity-NewYork,New York City,New York,East,OFF-AR-10004602,Boston KS Multi-Size Manual Pencil Sharpener,Office Supplies,Art,2,2,0.0333,60.00,t
2017-12-30,UnitedStates-East-NewYorkCity-NewYork,New York City,New York,East,OFF-BI-10000050,"Angle-D Binders with Locking Rings, Label Holders",Office Supplies,Binders,8,2,0.0444,180.00,f
2017-12-30,UnitedStates-East-NewYorkCity-NewYork,New York City,New York,East,OFF-BI-10000404,Avery Printable Repositionable Plastic Tabs,Office Supplies,Binders,5,2,0.0667,75.00,f
2017-12-30,UnitedStates-East-NewYorkCity-NewYork,New York City,New York,East,OFF-BI-10001031,Pressboard Data Binders by Wilson Jones,Office Supplies,Binders,7,2,0.0333,210.00,f
2017-12-30,UnitedStates-East-NewYorkCity-NewYork,New York City,New York,East,OFF-BI-10001196,"Avery Flip-Chart Easel Binder, Black",Office Supplies,Binders,2,2,0.0667,30.00,t
2017-12-30,UnitedStates-East-NewYorkCity-NewYork,New York City,New York,East,OFF-BI-10001524,GBC Premium Transparent Covers with Diagonal Lined Pattern,Office Supplies,Binders,8,2,0.0889,90.00,f
2017-12-30,UnitedStates-East-NewYorkCity-NewYork,New York City,New York,East,OFF-BI-10001553,SpineVue Locking Slant-D Ring Binders by Cardinal,Office Supplies,Binders,5,2,0.0222,225.00,f
2017-12-30,UnitedStates-East-NewYorkCity-NewYork,New York City,New York,East,OFF-BI-10001617,GBC Wire Binding Combs,Office Supplies,Binders,2,2,0.0333,60.00,t
2017-12-30,UnitedStates-East-NewYorkCity-NewYork,New York City,New York,East,OFF-BI-10001628,"Acco Data Flex Cable Posts For Top & Bottom Load Binders, 6"" Capacity",Office Supplies,Binders,8,2,0.0778,102.86,f
2017-12-30,UnitedStates-East-NewYorkCity-NewYork,New York City,New York,East,OFF-BI-10001922,Storex Dura Pro Binders,Office Supplies,Binders,9,2,0.0778,115.71,f
2017-12-30,UnitedStates-East-NewYorkCity-NewYork,New York City,New York,East,OFF-BI-10002498,Clear Mylar Reinforcing Strips,Office Supplies,Binders,2,2,0.0111,180.00,t
2017-12-30,UnitedStates-East-NewYorkCity-NewYork,New York City,New York,East,OFF-BI-10002706,Avery Premier Heavy-Duty Binder with Round Locking Rings,Office Supplies,Binders,4,2,0.0111,360.00,f
2017-12-30,UnitedStates-East-NewYorkCity-NewYork,New York City,New York,East,OFF-BI-10002735,GBC Prestige Therm-A-Bind Covers,Office Supplies,Binders,3,2,0.0667,45.00,f
2017-12-30,UnitedStates-East-NewYorkCity-NewYork,New York City,New York,East,OFF-BI-10003274,"Avery Durable Slant Ring Binders, No Labels",Office Supplies,Binders,4,2,0.0556,72.00,f
2017-12-30,UnitedStates-East-NewYorkCity-NewYork,New York City,New York,East,OFF-BI-10003364,Binding Machine Supplies,Office Supplies,Binders,8,2,0.0444,180.00,f
2017-12-30,UnitedStates-East-NewYorkCity-NewYork,New York City,New York,East,OFF-BI-10003460,Acco 3-Hole Punch,Office Supplies,Binders,9,2,0.0556,162.00,f
2017-12-30,UnitedStates-East-NewYorkCity-NewYork,New York City,New York,East,OFF-BI-10003655,Durable Pressboard Binders,Office Supplies,Binders,2,2,0.0667,30.00,t
2017-12-30,UnitedStates-East-NewYorkCity-NewYork,New York City,New York,East,OFF-BI-10003669,3M Organizer Strips,Office Supplies,Binders,8,2,0.0222,360.00,f
2017-12-30,UnitedStates-East-NewYorkCity-NewYork,New York City,New York,East,OFF-BI-10003684,Wilson Jones Legal Size Ring Binders,Office Supplies,Binders,3,2,0.0333,90.00,f
2017-12-30,UnitedStates-East-NewYorkCity-NewYork,New York City,New York,East,OFF-BI-10003708,"Acco Four Pocket Poly Ring Binder with Label Holder, Smoke, 1""",Office Supplies,Binders,6,2,0.0333,180.00,f
2017-12-30,UnitedStates-East-NewYorkCity-NewYork,New York City,New York,East,OFF-BI-10003925,Fellowes PB300 Plastic Comb Binding Machine,Office Supplies,Binders,7,2,0.0333,210.00,f
2017-12-30,UnitedStates-East-NewYorkCity-NewYork,New York City,New York,East,OFF-BI-10003984,Lock-Up Easel 'Spel-Binder',Office Supplies,Binders,4,2,0.0333,120.00,f
2017-12-30,UnitedStates-East-NewYorkCity-NewYork,New York City,New York,East,OFF-BI-10004492,Tuf-Vin Binders,Office Supplies,Binders,4,2,0.0333,120.00,f
2017-12-30,UnitedStates-East-NewYorkCity-NewYork,New York City,New York,East,OFF-EN-10001415,Staple envelope,Office Supplies,Envelopes,4,2,0.0333,120.00,f
2017-12-30,UnitedStates-East-NewYorkCity-NewYork,New York City,New York,East,OFF-EN-10002500,Globe Weis Peel & Seel First Class Envelopes,Office Supplies,Envelopes,6,2,0.0556,108.00,f
2017-12-30,UnitedStates-East-NewYorkCity-NewYork,New York City,New York,East,OFF-EN-10003001,Ames Color-File Green Diamond Border X-ray Mailers,Office Supplies,Envelopes,3,2,0.0222,135.00,f
2017-12-30,UnitedStates-East-NewYorkCity-NewYork,New York City,New York,East,OFF-EN-10003055,"Blue String-Tie & Button Interoffice Envelopes, 10 x 13",Office Supplies,Envelopes,2,2,0.0222,90.00,t
2017-12-30,UnitedStates-East-NewYorkCity-NewYork,New York City,New York,East,OFF-EN-10004386,"Recycled Interoffice Envelopes with String and Button Closure, 10 x 13",Office Supplies,Envelopes,3,2,0.0222,135.00,f
2017-12-30,UnitedStates-East-NewYorkCity-NewYork,New York City,New York,East,OFF-FA-10000585,OIC Bulk Pack Metal Binder Clips,Office Supplies,Fasteners,3,2,0.0444,67.50,f
2017-12-30,UnitedStates-East-NewYorkCity-NewYork,New York City,New York,East,OFF-FA-10002988,Ideal Clamps,Office Supplies,Fasteners,4,2,0.0333,120.00,f
2017-12-30,UnitedStates-East-NewYorkCity-NewYork,New York City,New York,East,OFF-LA-10000248,Avery 52,Office Supplies,Labels,1,2,0.0333,30.00,t
2017-12-30,UnitedStates-East-NewYorkCity-NewYork,New York City,New York,East,OFF-LA-10001297,Avery 473,Office Supplies,Labels,1,2,0.0778,12.86,t
2017-12-30,UnitedStates-East-NewYorkCity-NewYork,New York City,New York,East,OFF-LA-10001317,Avery 520,Office Supplies,Labels,5,2,0.0111,450.00,f
2017-12-30,UnitedStates-East-NewYorkCity-NewYork,New York City,New York,East,OFF-LA-10002034,Avery 478,Office Supplies,Labels,1,2,0.0556,18.00,t
2017-12-30,UnitedStates-East-NewYorkCity-NewYork,New York City,New York,East,OFF-LA-10003766,Self-Adhesive Removable Labels,Office Supplies,Labels,5,2,0.0333,150.00,f
2017-12-30,UnitedStates-East-NewYorkCity-NewYork,New York City,New York,East,OFF-PA-10000007,"Telephone Message Books with Fax/Mobile Section, 4 1/4"" x 6""",Office Supplies,Paper,8,2,0.0667,120.00,f
2017-12-30,UnitedStates-East-NewYorkCity-NewYork,New York City,New York,East,OFF-PA-10000069,"TOPS 4 x 6 Fluorescent Color Memo Sheets, 500 Sheets per Pack",Office Supplies,Paper,6,2,0.0222,270.00,f
2017-12-30,UnitedStates-East-NewYorkCity-NewYork,New York City,New York,East,OFF-PA-10000477,Xerox 1952,Office Supplies,Paper,4,2,0.0222,180.00,f
2017-12-30,UnitedStates-East-NewYorkCity-NewYork,New York City,New York,East,OFF-PA-10001033,Xerox 1893,Office Supplies,Paper,1,2,0.0111,90.00,t
2017-12-30,UnitedStates-East-NewYorkCity-NewYork,New York City,New York,East,OFF-PA-10001838,"Adams Telephone Message Book W/Dividers/Space For Phone Numbers, 5 1/4""X8 1/2"", 300/Messages",Office Supplies,Paper,7,2,0.0111,630.00,f
2017-12-30,UnitedStates-East-NewYorkCity-NewYork,New York City,New York,East,OFF-PA-10001870,Xerox 202,Office Supplies,Paper,6,2,0.0222,270.00,f
2017-12-30,UnitedStates-East-NewYorkCity-NewYork,New York City,New York,East,OFF-PA-10001970,Xerox 1881,Office Supplies,Paper,6,2,0.0556,108.00,f
2017-12-30,UnitedStates-East-NewYorkCity-NewYork,New York City,New York,East,OFF-PA-10001972,Xerox 214,Office Supplies,Paper,1,2,0.0222,45.00,t
2017-12-30,UnitedStates-East-NewYorkCity-NewYork,New York City,New York,East,OFF-PA-10002245,Xerox 1895,Office Supplies,Paper,0,2,0.0333,0.00,t
2017-12-30,UnitedStates-East-NewYorkCity-NewYork,New York City,New York,East,OFF-PA-10002377,Xerox 1916,Office Supplies,Paper,2,2,0.0333,60.00,t
2017-12-30,UnitedStates-East-NewYorkCity-NewYork,New York City,New York,East,OFF-PA-10002986,Xerox 1898,Office Supplies,Paper,1,2,0.0222,45.00,t
2017-12-30,UnitedStates-East-NewYorkCity-NewYork,New York City,New York,East,OFF-PA-10003172,Xerox 1996,Office Supplies,Paper,7,2,0.0333,210.00,f
2017-12-30,UnitedStates-East-NewYorkCity-NewYork,New York City,New York,East,OFF-PA-10003302,Xerox 1906,Office Supplies,Paper,3,2,0.1000,30.00,f
2017-12-30,UnitedStates-East-NewYorkCity-NewYork,New York City,New York,East,OFF-PA-10003651,Xerox 1968,Office Supplies,Paper,5,2,0.0778,64.29,f
2017-12-30,UnitedStates-East-NewYorkCity-NewYork,New York City,New York,East,OFF-PA-10004071,"Eaton Premium Continuous-Feed Paper, 25% Cotton, Letter Size, White, 1000 Shts/Box",Office Supplies,Paper,8,2,0.0222,360.00,f
2017-12-30,UnitedStates-East-NewYorkCity-NewYork,New York City,New York,East,OFF-PA-10004092,Tops Green Bar Computer Printout Paper,Office Supplies,Paper,7,2,0.0333,210.00,f
2017-12-30,UnitedStates-East-NewYorkCity-NewYork,New York City,New York,East,OFF-PA-10004156,Xerox 188,Office Supplies,Paper,1,2,0.0333,30.00,t
2017-12-30,UnitedStates-East-NewYorkCity-NewYork,New York City,New York,East,OFF-PA-10004438,Xerox 1907,Office Supplies,Paper,5,2,0.0444,112.50,f
2017-12-30,UnitedStates-East-NewYorkCity-NewYork,New York City,New York,East,OFF-PA-10004735,Xerox 1905,Office Supplies,Paper,5,2,0.0667,75.00,f
2017-12-30,UnitedStates-East-NewYorkCity-NewYork,New York City,New York,East,OFF-ST-10000142,Deluxe Rollaway Locking File with Drawer,Office Supplies,Storage,6,2,0.0333,180.00,f
2017-12-30,UnitedStates-East-NewYorkCity-NewYork,New York City,New York,East,OFF-ST-10000991,Space Solutions HD Industrial Steel Shelving.,Office Supplies,Storage,8,2,0.0333,240.00,f
2017-12-30,UnitedStates-East-NewYorkCity-NewYork,New York City,New York,East,OFF-ST-10001809,Fellowes Officeware Wire Shelving,Office Supplies,Storage,7,2,0.0333,210.00,f
2017-12-30,UnitedStates-East-NewYorkCity-NewYork,New York City,New York,East,OFF-ST-10002182,"Iris 3-Drawer Stacking Bin, Black",Office Supplies,Storage,9,2,0.0444,202.50,f
2017-12-30,UnitedStates-East-NewYorkCity-NewYork,New York City,New York,East,OFF-ST-10002276,Safco Steel Mobile File Cart,Office Supplies,Storage,0,2,0.0222,0.00,t
2017-12-30,UnitedStates-East-NewYorkCity-NewYork,New York City,New York,East,OFF-ST-10002352,Iris Project Case,Office Supplies,Storage,2,2,0.0444,45.00,t
2017-12-30,UnitedStates-East-NewYorkCity-NewYork,New York City,New York,East,OFF-ST-10002790,Safco Industrial Shelving,Office Supplies,Storage,5,2,0.0333,150.00,f
2017-12-30,UnitedStates-East-NewYorkCity-NewYork,New York City,New York,East,OFF-ST-10003324,Belkin OmniView SE Rackmount Kit,Office Supplies,Storage,0,2,0.0111,0.00,t
2017-12-30,UnitedStates-East-NewYorkCity-NewYork,New York City,New York,East,OFF-ST-10004123,Safco Industrial Wire Shelving System,Office Supplies,Storage,2,2,0.0333,60.00,t
2017-12-30,UnitedStates-East-NewYorkCity-NewYork,New York City,New York,East,OFF-ST-10004634,"Personal Folder Holder, Ebony",Office Supplies,Storage,1,2,0.0111,90.00,t
2017-12-30,UnitedStates-East-NewYorkCity-NewYork,New York City,New York,East,TEC-AC-10000290,Sabrent 4-Port USB 2.0 Hub,Technology,Accessories,8,2,0.0333,240.00,f
2017-12-30,UnitedStates-East-NewYorkCity-NewYork,New York City,New York,East,TEC-AC-10001432,Enermax Aurora Lite Keyboard,Technology,Accessories,1,2,0.0556,18.00,t
2017-12-30,UnitedStates-East-NewYorkCity-NewYork,New York City,New York,East,TEC-AC-10001539,Logitech G430 Surround Sound Gaming Headset with Dolby 7.1 Technology,Technology,Accessories,2,2,0.0444,45.00,t
2017-12-30,UnitedStates-East-NewYorkCity-NewYork,New York City,New York,East,TEC-AC-10001998,Logitech LS21 Speaker System - PC Multimedia - 2.1-CH - Wired,Technology,Accessories,2,2,0.0222,90.00,t
2017-12-30,UnitedStates-East-NewYorkCity-NewYork,New York City,New York,East,TEC-AC-10002049,Logitech G19 Programmable Gaming Keyboard,Technology,Accessories,2,2,0.0333,60.00,t
2017-12-30,UnitedStates-East-NewYorkCity-NewYork,New York City,New York,East,TEC-AC-10002370,Maxell CD-R Discs,Technology,Accessories,5,2,0.0444,112.50,f
2017-12-30,UnitedStates-East-NewYorkCity-NewYork,New York City,New York,East,TEC-AC-10003433,Maxell 4.7GB DVD+R 5/Pack,Technology,Accessories,3,2,0.0333,90.00,f
2017-12-30,UnitedStates-East-NewYorkCity-NewYork,New York City,New York,East,TEC-CO-10004722,Canon imageCLASS 2200 Advanced Copier,Technology,Copiers,8,2,0.0444,180.00,f
2017-12-30,UnitedStates-East-NewYorkCity-NewYork,New York City,New York,East,TEC-MA-10001047,"3D Systems Cube Printer, 2nd Generation, Magenta",Technology,Machines,3,2,0.0444,67.50,f
2017-12-30,UnitedStates-East-NewYorkCity-NewYork,New York City,New York,East,TEC-MA-10002428,Fellowes Powershred HS-440 4-Sheet High Security Shredder,Technology,Machines,6,2,0.1222,49.09,f
2017-12-30,UnitedStates-East-NewYorkCity-NewYork,New York City,New York,East,TEC-PH-10000347,Cush Cases Heavy Duty Rugged Cover Case for Samsung Galaxy S5 - Purple,Technology,Phones,5,2,0.0333,150.00,f
2017-12-30,UnitedStates-East-NewYorkCity-NewYork,New York City,New York,East,TEC-PH-10000576,AT&T 1080 Corded phone,Technology,Phones,5,2,0.0111,450.00,f
2017-12-30,UnitedStates-East-NewYorkCity-NewYork,New York City,New York,East,TEC-PH-10001363,Apple iPhone 5S,Technology,Phones,6,2,0.0111,540.00,f
2017-12-30,UnitedStates-East-NewYorkCity-NewYork,New York City,New York,East,TEC-PH-10001448,Anker Astro 15000mAh USB Portable Charger,Technology,Phones,1,2,0.0222,45.00,t
2017-12-30,UnitedStates-East-NewYorkCity-NewYork,New York City,New York,East,TEC-PH-10001459,Samsung Galaxy Mega 6.3,Technology,Phones,5,2,0.0333,150.00,f
2017-12-30,UnitedStates-East-NewYorkCity-NewYork,New York City,New York,East,TEC-PH-10001468,Panasonic Business Telephones KX-T7736,Technology,Phones,7,2,0.0333,210.00,f
2017-12-30,UnitedStates-East-NewYorkCity-NewYork,New York City,New York,East,TEC-PH-10001494,Polycom CX600 IP Phone VoIP phone,Technology,Phones,9,2,0.0889,101.25,f
2017-12-30,UnitedStates-East-NewYorkCity-NewYork,New York City,New York,East,TEC-PH-10002115,Plantronics 81402,Technology,Phones,4,2,0.0111,360.00,f
2017-12-30,UnitedStates-East-NewYorkCity-NewYork,New York City,New York,East,TEC-PH-10002200,Samsung Galaxy Note 2,Technology,Phones,6,2,0.0222,270.00,f
2017-12-30,UnitedStates-East-NewYorkCity-NewYork,New York City,New York,East,TEC-PH-10002310,Panasonic KX T7731-B Digital phone,Technology,Phones,7,2,0.0556,126.00,f
2017-12-30,UnitedStates-East-NewYorkCity-NewYork,New York City,New York,East,TEC-PH-10002834,Google Nexus 5,Technology,Phones,8,2,0.1222,65.45,f
2017-12-30,UnitedStates-East-NewYorkCity-NewYork,New York City,New York,East,TEC-PH-10003095,Samsung HM1900 Bluetooth Headset,Technology,Phones,8,2,0.0444,180.00,f
2017-12-30,UnitedStates-East-NewYorkCity-NewYork,New York City,New York,East,TEC-PH-10003555,Motorola HK250 Universal Bluetooth Headset,Technology,Phones,3,2,0.0778,38.57,f
2017-12-30,UnitedStates-East-NewYorkCity-NewYork,New York City,New York,East,TEC-PH-10003800,i.Sound Portable Power - 8000 mAh,Technology,Phones,2,2,0.0111,180.00,t
2017-12-30,UnitedStates-East-NewYorkCity-NewYork,New York City,New York,East,TEC-PH-10004389,Nokia Lumia 925,Technology,Phones,1,2,0.0556,18.00,t
2017-12-30,UnitedStates-East-NewYorkCity-NewYork,New York City,New York,East,TEC-PH-10004522,Dexim XPower Skin Super-Thin Power Case for iPhone 5 - Black,Technology,Phones,1,2,0.0222,45.00,t
2017-12-30,UnitedStates-East-NewYorkCity-NewYork,New York City,New York,East,TEC-PH-10004774,Gear Head AU3700S Headset,Technology,Phones,6,2,0.0778,77.14,f
2017-12-30,UnitedStates-East-Newark-Delaware,Newark,Delaware,East,OFF-AP-10000696,Holmes Odor Grabber,Office Supplies,Appliances,4,2,0.0778,51.43,f
2017-12-30,UnitedStates-East-Newark-Delaware,Newark,Delaware,East,OFF-AR-10001044,"BOSTON Ranger #55 Pencil Sharpener, Black",Office Supplies,Art,6,2,0.0667,90.00,f
2017-12-30,UnitedStates-East-Newark-Delaware,Newark,Delaware,East,TEC-CO-10004722,Canon imageCLASS 2200 Advanced Copier,Technology,Copiers,4,2,0.0333,120.00,f
2017-12-30,UnitedStates-East-Newark-Ohio,Newark,Ohio,East,FUR-FU-10000206,"GE General Purpose, Extra Long Life, Showcase & Floodlight Incandescent Bulbs",Furniture,Furnishings,5,2,0.0222,225.00,f
2017-12-30,UnitedStates-East-Newark-Ohio,Newark,Ohio,East,FUR-FU-10001861,"Floodlight Indoor Halogen Bulbs, 1 Bulb per Pack, 60 Watts",Furniture,Furnishings,9,2,0.0556,162.00,f
2017-12-30,UnitedStates-East-Newark-Ohio,Newark,Ohio,East,OFF-AR-10004441,BIC Brite Liner Highlighters,Office Supplies,Art,7,2,0.0444,157.50,f
2017-12-30,UnitedStates-East-Newark-Ohio,Newark,Ohio,East,TEC-PH-10000576,AT&T 1080 Corded phone,Technology,Phones,4,2,0.0222,180.00,f
2017-12-30,UnitedStates-East-Newark-Ohio,Newark,Ohio,East,TEC-PH-10002824,Jabra SPEAK 410 Multidevice Speakerphone,Technology,Phones,3,2,0.0333,90.00,f
2017-12-30,UnitedStates-East-Oceanside-NewYork,Oceanside,New York,East,FUR-CH-10002602,DMI Arturo Collection Mission-style Design Wood Chair,Furniture,Chairs,6,2,0.0222,270.00,f
2017-12-30,UnitedStates-East-Oceanside-NewYork,Oceanside,New York,East,FUR-FU-10001037,"DAX Charcoal/Nickel-Tone Document Frame, 5 x 7",Furniture,Furnishings,0,2,0.0222,0.00,t
2017-12-30,UnitedStates-East-Oceanside-NewYork,Oceanside,New York,East,OFF-BI-10001900,"DXL Angle-View Binders with Locking Rings, Black",Office Supplies,Binders,5,2,0.0333,150.00,f
2017-12-30,UnitedStates-East-Paterson-NewJersey,Paterson,New Jersey,East,FUR-CH-10003817,"Global Value Steno Chair, Gray",Furniture,Chairs,3,2,0.0333,90.00,f
2017-12-30,UnitedStates-East-Paterson-NewJersey,Paterson,New Jersey,East,FUR-CH-10004860,Global Low Back Tilter Chair,Furniture,Chairs,2,2,0.0333,60.00,t
2017-12-30,UnitedStates-East-Paterson-NewJersey,Paterson,New Jersey,East,FUR-FU-10002506,"Tensor ""Hersey Kiss"" Styled Floor Lamp",Furniture,Furnishings,4,2,0.0111,360.00,f
2017-12-30,UnitedStates-East-Paterson-NewJersey,Paterson,New Jersey,East,OFF-FA-10001561,Stockwell Push Pins,Office Supplies,Fasteners,2,2,0.0333,60.00,t
2017-12-30,UnitedStates-East-Paterson-NewJersey,Paterson,New Jersey,East,OFF-PA-10001144,Xerox 1913,Office Supplies,Paper,2,2,0.0333,60.00,t
2017-12-30,UnitedStates-East-Paterson-NewJersey,Paterson,New Jersey,East,OFF-SU-10000898,"Acme Hot Forged Carbon Steel Scissors with Nickel-Plated Handles, 3 7/8"" Cut, 8""L",Office Supplies,Supplies,7,2,0.0556,126.00,f
2017-12-30,UnitedStates-East-Paterson-NewJersey,Paterson,New Jersey,East,TEC-PH-10002103,Jabra SPEAK 410,Technology,Phones,1,2,0.0333,30.00,t
2017-12-30,UnitedStates-East-Philadelphia-Pennsylvania,Philadelphia,Pennsylvania,East,FUR-CH-10001797,"Safco Chair Connectors, 6/Carton",Furniture,Chairs,8,2,0.0778,102.86,f
2017-12-30,UnitedStates-East-Philadelphia-Pennsylvania,Philadelphia,Pennsylvania,East,FUR-CH-10002961,"Leather Task Chair, Black",Furniture,Chairs,1,2,0.0111,90.00,t
2017-12-30,UnitedStates-East-Philadelphia-Pennsylvania,Philadelphia,Pennsylvania,East,FUR-CH-10003379,Global Commerce Series High-Back Swivel/Tilt Chairs,Furniture,Chairs,3,2,0.0222,135.00,f
2017-12-30,UnitedStates-East-Philadelphia-Pennsylvania,Philadelphia,Pennsylvania,East,FUR-CH-10003396,Global Deluxe Steno Chair,Furniture,Chairs,6,2,0.0444,135.00,f
2017-12-30,UnitedStates-East-Philadelphia-Pennsylvania,Philadelphia,Pennsylvania,East,FUR-CH-10003774,"Global Wood Trimmed Manager's Task Chair, Khaki",Furniture,Chairs,2,2,0.0222,90.00,t
2017-12-30,UnitedStates-East-Philadelphia-Pennsylvania,Philadelphia,Pennsylvania,East,FUR-CH-10003981,Global Commerce Series Low-Back Swivel/Tilt Chairs,Furniture,Chairs,7,2,0.0667,105.00,f
2017-12-30,UnitedStates-East-Philadelphia-Pennsylvania,Philadelphia,Pennsylvania,East,FUR-CH-10004540,Global Chrome Stack Chair,Furniture,Chairs,7,2,0.1111,63.00,f
2017-12-30,UnitedStates-East-Philadelphia-Pennsylvania,Philadelphia,Pennsylvania,East,FUR-FU-10000320,OIC Stacking Trays,Furniture,Furnishings,11,2,0.1000,110.00,f
2017-12-30,UnitedStates-East-Philadelphia-Pennsylvania,Philadelphia,Pennsylvania,East,FUR-FU-10000576,Luxo Professional Fluorescent Magnifier Lamp with Clamp-Mount Base,Furniture,Furnishings,4,2,0.0667,60.00,f
2017-12-30,UnitedStates-East-Philadelphia-Pennsylvania,Philadelphia,Pennsylvania,East,FUR-FU-10001475,"Contract Clock, 14"", Brown",Furniture,Furnishings,7,2,0.0556,126.00,f
2017-12-30,UnitedStates-East-Philadelphia-Pennsylvania,Philadelphia,Pennsylvania,East,FUR-FU-10001847,Eldon Image Series Black Desk Accessories,Furniture,Furnishings,7,2,0.0111,630.00,f
2017-12-30,UnitedStates-East-Philadelphia-Pennsylvania,Philadelphia,Pennsylvania,East,FUR-FU-10001918,C-Line Cubicle Keepers Polyproplyene Holder With Velcro Backings,Furniture,Furnishings,7,2,0.0333,210.00,f
2017-12-30,UnitedStates-East-Philadelphia-Pennsylvania,Philadelphia,Pennsylvania,East,FUR-FU-10003601,"Deflect-o RollaMat Studded, Beveled Mat for Medium Pile Carpeting",Furniture,Furnishings,4,2,0.0778,51.43,f
2017-12-30,UnitedStates-East-Philadelphia-Pennsylvania,Philadelphia,Pennsylvania,East,FUR-FU-10003798,"Ultra Door Kickplate, 8""H x 34""W",Furniture,Furnishings,7,2,0.0556,126.00,f
2017-12-30,UnitedStates-East-Philadelphia-Pennsylvania,Philadelphia,Pennsylvania,East,FUR-FU-10004093,Hand-Finished Solid Wood Document Frame,Furniture,Furnishings,1,2,0.0222,45.00,t
2017-12-30,UnitedStates-East-Philadelphia-Pennsylvania,Philadelphia,Pennsylvania,East,FUR-FU-10004306,Electrix Halogen Magnifier Lamp,Furniture,Furnishings,4,2,0.0222,180.00,f
2017-12-30,UnitedStates-East-Philadelphia-Pennsylvania,Philadelphia,Pennsylvania,East,FUR-FU-10004415,"Stacking Tray, Side-Loading, Legal, Smoke",Furniture,Furnishings,3,2,0.0222,135.00,f
2017-12-30,UnitedStates-East-Philadelphia-Pennsylvania,Philadelphia,Pennsylvania,East,FUR-TA-10000849,Bevis Rectangular Conference Tables,Furniture,Tables,5,2,0.0444,112.50,f
2017-12-30,UnitedStates-East-Philadelphia-Pennsylvania,Philadelphia,Pennsylvania,East,FUR-TA-10004154,"Riverside Furniture Oval Coffee Table, Oval End Table, End Table with Drawer",Furniture,Tables,6,2,0.1333,45.00,f
2017-12-30,UnitedStates-East-Philadelphia-Pennsylvania,Philadelphia,Pennsylvania,East,OFF-AP-10001962,Black & Decker Filter for Double Action Dustbuster Cordless Vac BLDV7210,Office Supplies,Appliances,0,2,0.0333,0.00,t
2017-12-30,UnitedStates-East-Philadelphia-Pennsylvania,Philadelphia,Pennsylvania,East,OFF-AR-10000716,DIXON Ticonderoga Erasable Checking Pencils,Office Supplies,Art,5,2,0.0333,150.00,f
2017-12-30,UnitedStates-East-Philadelphia-Pennsylvania,Philadelphia,Pennsylvania,East,OFF-AR-10002956,Boston 16801 Nautilus Battery Pencil Sharpener,Office Supplies,Art,10,2,0.0778,128.57,f
2017-12-30,UnitedStates-East-Philadelphia-Pennsylvania,Philadelphia,Pennsylvania,East,OFF-AR-10003183,Avery Fluorescent Highlighter Four-Color Set,Office Supplies,Art,5,2,0.0778,64.29,f
2017-12-30,UnitedStates-East-Philadelphia-Pennsylvania,Philadelphia,Pennsylvania,East,OFF-AR-10004441,BIC Brite Liner Highlighters,Office Supplies,Art,4,2,0.0444,90.00,f
2017-12-30,UnitedStates-East-Philadelphia-Pennsylvania,Philadelphia,Pennsylvania,East,OFF-AR-10004757,Crayola Colored Pencils,Office Supplies,Art,7,2,0.0111,630.00,f
2017-12-30,UnitedStates-East-Philadelphia-Pennsylvania,Philadelphia,Pennsylvania,East,OFF-BI-10000014,Heavy-Duty E-Z-D Binders,Office Supplies,Binders,0,2,0.0111,0.00,t
2017-12-30,UnitedStates-East-Philadelphia-Pennsylvania,Philadelphia,Pennsylvania,East,OFF-BI-10000216,"Mead 1st Gear 2"" Zipper Binder, Asst. Colors",Office Supplies,Binders,4,2,0.0333,120.00,f
2017-12-30,UnitedStates-East-Philadelphia-Pennsylvania,Philadelphia,Pennsylvania,East,OFF-BI-10001116,"Wilson Jones 1"" Hanging DublLock Ring Binders",Office Supplies,Binders,6,2,0.0778,77.14,f
2017-12-30,UnitedStates-East-Philadelphia-Pennsylvania,Philadelphia,Pennsylvania,East,OFF-BI-10001658,GBC Standard Therm-A-Bind Covers,Office Supplies,Binders,3,2,0.0111,270.00,f
2017-12-30,UnitedStates-East-Philadelphia-Pennsylvania,Philadelphia,Pennsylvania,East,OFF-BI-10001759,"Acco Pressboard Covers with Storage Hooks, 14 7/8"" x 11"", Dark Blue",Office Supplies,Binders,10,2,0.0778,128.57,f
2017-12-30,UnitedStates-East-Philadelphia-Pennsylvania,Philadelphia,Pennsylvania,East,OFF-BI-10003650,GBC DocuBind 300 Electric Binding Machine,Office Supplies,Binders,4,2,0.0444,90.00,f
2017-12-30,UnitedStates-East-Philadelphia-Pennsylvania,Philadelphia,Pennsylvania,East,OFF-BI-10004330,"GBC Velobind Prepunched Cover Sets, Regency Series",Office Supplies,Binders,8,2,0.0333,240.00,f
2017-12-30,UnitedStates-East-Philadelphia-Pennsylvania,Philadelphia,Pennsylvania,East,OFF-BI-10004364,Storex Dura Pro Binders,Office Supplies,Binders,0,2,0.0333,0.00,t
2017-12-30,UnitedStates-East-Philadelphia-Pennsylvania,Philadelphia,Pennsylvania,East,OFF-EN-10003040,Quality Park Security Envelopes,Office Supplies,Envelopes,6,2,0.0556,108.00,f
2017-12-30,UnitedStates-East-Philadelphia-Pennsylvania,Philadelphia,Pennsylvania,East,OFF-EN-10003068,#6 3/4 Gummed Flap White Envelopes,Office Supplies,Envelopes,6,2,0.0444,135.00,f
2017-12-30,UnitedStates-East-Philadelphia-Pennsylvania,Philadelphia,Pennsylvania,East,OFF-EN-10003845,Colored Envelopes,Office Supplies,Envelopes,1,2,0.0333,30.00,t
2017-12-30,UnitedStates-East-Philadelphia-Pennsylvania,Philadelphia,Pennsylvania,East,OFF-LA-10001404,Avery 517,Office Supplies,Labels,2,2,0.0556,36.00,t
2017-12-30,UnitedStates-East-Philadelphia-Pennsylvania,Philadelphia,Pennsylvania,East,OFF-LA-10002043,Avery 489,Office Supplies,Labels,6,2,0.0333,180.00,f
2017-12-30,UnitedStates-East-Philadelphia-Pennsylvania,Philadelphia,Pennsylvania,East,OFF-LA-10004853,Avery 483,Office Supplies,Labels,6,2,0.0444,135.00,f
2017-12-30,UnitedStates-East-Philadelphia-Pennsylvania,Philadelphia,Pennsylvania,East,OFF-PA-10000157,Xerox 191,Office Supplies,Paper,5,2,0.0333,150.00,f
2017-12-30,UnitedStates-East-Philadelphia-Pennsylvania,Philadelphia,Pennsylvania,East,OFF-PA-10000176,Xerox 1887,Office Supplies,Paper,1,2,0.0333,30.00,t
2017-12-30,UnitedStates-East-Philadelphia-Pennsylvania,Philadelphia,Pennsylvania,East,OFF-PA-10000673,"Post-it “Important Message” Note Pad, Neon Colors, 50 Sheets/Pad",Office Supplies,Paper,4,2,0.0222,180.00,f
2017-12-30,UnitedStates-East-Philadelphia-Pennsylvania,Philadelphia,Pennsylvania,East,OFF-PA-10000788,Xerox 210,Office Supplies,Paper,8,2,0.0556,144.00,f
2017-12-30,UnitedStates-East-Philadelphia-Pennsylvania,Philadelphia,Pennsylvania,East,OFF-PA-10001204,Xerox 1972,Office Supplies,Paper,1,2,0.0222,45.00,t
2017-12-30,UnitedStates-East-Philadelphia-Pennsylvania,Philadelphia,Pennsylvania,East,OFF-PA-10002479,Xerox 4200 Series MultiUse Premium Copy Paper (20Lb. and 84 Bright),Office Supplies,Paper,5,2,0.0667,75.00,f
2017-12-30,UnitedStates-East-Philadelphia-Pennsylvania,Philadelphia,Pennsylvania,East,OFF-PA-10002709,Xerox 1956,Office Supplies,Paper,5,2,0.0556,90.00,f
2017-12-30,UnitedStates-East-Philadelphia-Pennsylvania,Philadelphia,Pennsylvania,East,OFF-PA-10004041,"It's Hot Message Books with Stickers, 2 3/4"" x 5""",Office Supplies,Paper,8,2,0.0444,180.00,f
2017-12-30,UnitedStates-East-Philadelphia-Pennsylvania,Philadelphia,Pennsylvania,East,OFF-PA-10004355,Xerox 231,Office Supplies,Paper,4,2,0.0444,90.00,f
2017-12-30,UnitedStates-East-Philadelphia-Pennsylvania,Philadelphia,Pennsylvania,East,OFF-PA-10004470,"Adams Write n' Stick Phone Message Book, 11"" X 5 1/4"", 200 Messages",Office Supplies,Paper,3,2,0.0444,67.50,f
2017-12-30,UnitedStates-East-Philadelphia-Pennsylvania,Philadelphia,Pennsylvania,East,OFF-ST-10000352,Acco Perma 2700 Stacking Storage Drawers,Office Supplies,Storage,6,2,0.0333,180.00,f
2017-12-30,UnitedStates-East-Philadelphia-Pennsylvania,Philadelphia,Pennsylvania,East,OFF-ST-10000876,Eldon Simplefile Box Office,Office Supplies,Storage,2,2,0.0667,30.00,t
2017-12-30,UnitedStates-East-Philadelphia-Pennsylvania,Philadelphia,Pennsylvania,East,OFF-ST-10001228,"Fellowes Personal Hanging Folder Files, Navy",Office Supplies,Storage,7,2,0.0333,210.00,f
2017-12-30,UnitedStates-East-Philadelphia-Pennsylvania,Philadelphia,Pennsylvania,East,OFF-ST-10002444,Recycled Eldon Regeneration Jumbo File,Office Supplies,Storage,8,2,0.0444,180.00,f
2017-12-30,UnitedStates-East-Philadelphia-Pennsylvania,Philadelphia,Pennsylvania,East,OFF-ST-10002486,Eldon Shelf Savers Cubes and Bins,Office Supplies,Storage,6,2,0.0222,270.00,f
2017-12-30,UnitedStates-East-Philadelphia-Pennsylvania,Philadelphia,Pennsylvania,East,TEC-AC-10000580,Logitech G13 Programmable Gameboard with LCD Display,Technology,Accessories,7,2,0.0444,157.50,f
2017-12-30,UnitedStates-East-Philadelphia-Pennsylvania,Philadelphia,Pennsylvania,East,TEC-AC-10001142,First Data FD10 PIN Pad,Technology,Accessories,8,2,0.0778,102.86,f
2017-12-30,UnitedStates-East-Philadelphia-Pennsylvania,Philadelphia,Pennsylvania,East,TEC-AC-10001553,"Memorex 25GB 6X Branded Blu-Ray Recordable Disc, 15/Pack",Technology,Accessories,7,2,0.0333,210.00,f
2017-12-30,UnitedStates-East-Philadelphia-Pennsylvania,Philadelphia,Pennsylvania,East,TEC-AC-10003116,Memorex Froggy Flash Drive 8 GB,Technology,Accessories,7,2,0.0111,630.00,f
2017-12-30,UnitedStates-East-Philadelphia-Pennsylvania,Philadelphia,Pennsylvania,East,TEC-PH-10000923,"Belkin SportFit Armband For iPhone 5s/5c, Fuchsia",Technology,Phones,5,2,0.0778,64.29,f
2017-12-30,UnitedStates-East-Philadelphia-Pennsylvania,Philadelphia,Pennsylvania,East,TEC-PH-10001336,Digium D40 VoIP phone,Technology,Phones,5,2,0.0444,112.50,f
2017-12-30,UnitedStates-East-Philadelphia-Pennsylvania,Philadelphia,Pennsylvania,East,TEC-PH-10001817,Wilson Electronics DB Pro Signal Booster,Technology,Phones,6,2,0.0444,135.00,f
2017-12-30,UnitedStates-East-Philadelphia-Pennsylvania,Philadelphia,Pennsylvania,East,TEC-PH-10001924,iHome FM Clock Radio with Lightning Dock,Technology,Phones,2,2,0.0222,90.00,t
2017-12-30,UnitedStates-East-Philadelphia-Pennsylvania,Philadelphia,Pennsylvania,East,TEC-PH-10002807,Motorla HX550 Universal Bluetooth Headset,Technology,Phones,7,2,0.0556,126.00,f
2017-12-30,UnitedStates-East-Philadelphia-Pennsylvania,Philadelphia,Pennsylvania,East,TEC-PH-10003811,Jabra Supreme Plus Driver Edition Headset,Technology,Phones,7,2,0.0556,126.00,f
2017-12-30,UnitedStates-East-Philadelphia-Pennsylvania,Philadelphia,Pennsylvania,East,TEC-PH-10003988,"LF Elite 3D Dazzle Designer Hard Case Cover, Lf Stylus Pen and Wiper For Apple Iphone 5c Mini Lite",Technology,Phones,6,2,0.0556,108.00,f
2017-12-30,UnitedStates-East-Philadelphia-Pennsylvania,Philadelphia,Pennsylvania,East,TEC-PH-10004165,Mitel MiVoice 5330e IP Phone,Technology,Phones,3,2,0.0222,135.00,f
2017-12-30,UnitedStates-East-Plainfield-NewJersey,Plainfield,New Jersey,East,OFF-AP-10003622,"Bravo II Megaboss 12-Amp Hard Body Upright, Replacement Belts, 2 Belts per Pack",Office Supplies,Appliances,4,2,0.0778,51.43,f
2017-12-30,UnitedStates-East-Plainfield-NewJersey,Plainfield,New Jersey,East,OFF-BI-10004209,"Fellowes Twister Kit, Gray/Clear, 3/pkg",Office Supplies,Binders,4,2,0.0556,72.00,f
2017-12-30,UnitedStates-East-Plainfield-NewJersey,Plainfield,New Jersey,East,OFF-BI-10004600,Ibico Ibimaster 300 Manual Binding System,Office Supplies,Binders,5,2,0.0222,225.00,f
2017-12-30,UnitedStates-East-Providence-RhodeIsland,Providence,Rhode Island,East,FUR-BO-10003660,"Bush Cubix Collection Bookcases, Fully Assembled",Furniture,Bookcases,6,2,0.0111,540.00,f
2017-12-30,UnitedStates-East-Providence-RhodeIsland,Providence,Rhode Island,East,OFF-SU-10003505,Premier Electric Letter Opener,Office Supplies,Supplies,5,2,0.0667,75.00,f
2017-12-30,UnitedStates-East-Rochester-NewYork,Rochester,New York,East,FUR-FU-10000771,"Eldon 200 Class Desk Accessories, Smoke",Furniture,Furnishings,12,2,0.1222,98.18,f
2017-12-30,UnitedStates-East-Rochester-NewYork,Rochester,New York,East,FUR-FU-10001602,"Eldon Delta Triangular Chair Mat, 52"" x 58"", Clear",Furniture,Furnishings,7,2,0.0111,630.00,f
2017-12-30,UnitedStates-East-Rochester-NewYork,Rochester,New York,East,OFF-BI-10001628,"Acco Data Flex Cable Posts For Top & Bottom Load Binders, 6"" Capacity",Office Supplies,Binders,6,2,0.0444,135.00,f
2017-12-30,UnitedStates-East-Rochester-NewYork,Rochester,New York,East,OFF-BI-10003291,Wilson Jones Leather-Like Binders with DublLock Round Rings,Office Supplies,Binders,2,2,0.0111,180.00,t
2017-12-30,UnitedStates-East-Rochester-NewYork,Rochester,New York,East,OFF-PA-10002479,Xerox 4200 Series MultiUse Premium Copy Paper (20Lb. and 84 Bright),Office Supplies,Paper,4,2,0.0556,72.00,f
2017-12-30,UnitedStates-East-Rochester-NewYork,Rochester,New York,East,OFF-PA-10002787,Xerox 227,Office Supplies,Paper,3,2,0.0111,270.00,f
2017-12-30,UnitedStates-East-Rochester-NewYork,Rochester,New York,East,OFF-PA-10003739,Xerox 1969,Office Supplies,Paper,6,2,0.0222,270.00,f
2017-12-30,UnitedStates-East-Rochester-NewYork,Rochester,New York,East,OFF-ST-10002214,X-Rack File for Hanging Folders,Office Supplies,Storage,7,2,0.0222,315.00,f
2017-12-30,UnitedStates-East-Rochester-NewYork,Rochester,New York,East,TEC-PH-10001552,I Need's 3d Hello Kitty Hybrid Silicone Case Cover for HTC One X 4g with 3d Hello Kitty Stylus Pen Green/pink,Technology,Phones,3,2,0.0333,90.00,f
2017-12-30,UnitedStates-East-Springfield-Ohio,Springfield,Ohio,East,FUR-CH-10001973,Office Star Flex Back Scooter Chair with White Frame,Furniture,Chairs,5,2,0.0222,225.00,f
2017-12-30,UnitedStates-East-Springfield-Ohio,Springfield,Ohio,East,OFF-BI-10003196,Accohide Poly Flexible Ring Binders,Office Supplies,Binders,3,2,0.1111,27.00,f
2017-12-30,UnitedStates-East-Springfield-Ohio,Springfield,Ohio,East,OFF-PA-10004451,Xerox 222,Office Supplies,Paper,6,2,0.0222,270.00,f
2017-12-30,UnitedStates-East-Springfield-Ohio,Springfield,Ohio,East,TEC-AC-10002399,SanDisk Cruzer 32 GB USB Flash Drive,Technology,Accessories,5,2,0.0444,112.50,f
2017-12-30,UnitedStates-East-Springfield-Ohio,Springfield,Ohio,East,TEC-MA-10002210,Epson TM-T88V Direct Thermal Printer - Monochrome - Desktop,Technology,Machines,6,2,0.0778,77.14,f
2017-12-30,UnitedStates-East-Toledo-Ohio,Toledo,Ohio,East,OFF-AP-10003779,Kensington 7 Outlet MasterPiece Power Center with Fax/Phone Line Protection,Office Supplies,Appliances,6,2,0.0444,135.00,f
2017-12-30,UnitedStates-East-Toledo-Ohio,Toledo,Ohio,East,OFF-BI-10000848,Angle-D Ring Binders,Office Supplies,Binders,1,2,0.0111,90.00,t
2017-12-30,UnitedStates-East-Toledo-Ohio,Toledo,Ohio,East,TEC-AC-10002567,Logitech G602 Wireless Gaming Mouse,Technology,Accessories,5,2,0.0222,225.00,f
2017-12-30,UnitedStates-East-Toledo-Ohio,Toledo,Ohio,East,TEC-PH-10003072,Panasonic KX-TG9541B DECT 6.0 Digital 2-Line Expandable Cordless Phone With Digital Answering System,Technology,Phones,6,2,0.0778,77.14,f
2017-12-30,UnitedStates-East-Utica-NewYork,Utica,New York,East,TEC-PH-10002583,iOttie HLCRIO102 Car Mount,Technology,Phones,4,2,0.0667,60.00,f
2017-12-30,UnitedStates-East-Warwick-RhodeIsland,Warwick,Rhode Island,East,OFF-PA-10002552,Xerox 1958,Office Supplies,Paper,2,2,0.0222,90.00,t
2017-12-30,UnitedStates-East-Warwick-RhodeIsland,Warwick,Rhode Island,East,OFF-ST-10000798,2300 Heavy-Duty Transfer File Systems by Perma,Office Supplies,Storage,4,2,0.0222,180.00,f
2017-12-30,UnitedStates-East-Watertown-NewYork,Watertown,New York,East,OFF-ST-10003996,"Letter/Legal File Tote with Clear Snap-On Lid, Black Granite",Office Supplies,Storage,3,2,0.0667,45.00,f
2017-12-30,UnitedStates-East-Westfield-NewJersey,Westfield,New Jersey,East,OFF-ST-10001414,Decoflex Hanging Personal Folder File,Office Supplies,Storage,3,2,0.0333,90.00,f
2017-12-30,UnitedStates-East-Wheeling-WestVirginia,Wheeling,West Virginia,East,FUR-TA-10001932,"Chromcraft 48"" x 96"" Racetrack Double Pedestal Table",Furniture,Tables,6,2,0.0333,180.00,f
2017-12-30,UnitedStates-East-Yonkers-NewYork,Yonkers,New York,East,TEC-AC-10004114,KeyTronic 6101 Series - Keyboard - Black,Technology,Accessories,1,2,0.0444,22.50,t
2017-12-30,UnitedStates-East-Yonkers-NewYork,Yonkers,New York,East,TEC-MA-10003173,Hewlett-Packard 300S Scientific Calculator,Technology,Machines,7,2,0.0444,157.50,f
2017-12-30,UnitedStates-South-Alexandria-Virginia,Alexandria,Virginia,South,OFF-FA-10000624,OIC Binder Clips,Office Supplies,Fasteners,4,2,0.0778,51.43,f
2017-12-30,UnitedStates-South-Arlington-Virginia,Arlington,Virginia,South,OFF-ST-10003208,Adjustable Depth Letter/Legal Cart,Office Supplies,Storage,8,2,0.0333,240.00,f
2017-12-30,UnitedStates-South-Asheville-NorthCarolina,Asheville,North Carolina,South,OFF-AP-10001205,Belkin 5 Outlet SurgeMaster Power Centers,Office Supplies,Appliances,5,2,0.0111,450.00,f
2017-12-30,UnitedStates-South-Asheville-NorthCarolina,Asheville,North Carolina,South,OFF-AR-10000422,Pencil and Crayon Sharpener,Office Supplies,Art,2,2,0.0556,36.00,t
2017-12-30,UnitedStates-South-Asheville-NorthCarolina,Asheville,North Carolina,South,OFF-BI-10004465,Avery Durable Slant Ring Binders,Office Supplies,Binders,7,2,0.0889,78.75,f
2017-12-30,UnitedStates-South-Athens-Georgia,Athens,Georgia,South,TEC-AC-10001539,Logitech G430 Surround Sound Gaming Headset with Dolby 7.1 Technology,Technology,Accessories,0,2,0.0111,0.00,t
2017-12-30,UnitedStates-South-Athens-Georgia,Athens,Georgia,South,TEC-PH-10004006,Panasonic KX - TS880B Telephone,Technology,Phones,2,2,0.0556,36.00,t
2017-12-30,UnitedStates-South-Atlanta-Georgia,Atlanta,Georgia,South,OFF-AR-10003504,Newell 347,Office Supplies,Art,8,2,0.0333,240.00,f
2017-12-30,UnitedStates-South-Atlanta-Georgia,Atlanta,Georgia,South,OFF-LA-10004484,Avery 476,Office Supplies,Labels,7,2,0.0333,210.00,f
2017-12-30,UnitedStates-South-Atlanta-Georgia,Atlanta,Georgia,South,OFF-PA-10003724,"Wirebound Message Book, 4 per Page",Office Supplies,Paper,3,2,0.1000,30.00,f
2017-12-30,UnitedStates-South-BowlingGreen-Kentucky,Bowling Green,Kentucky,South,TEC-AC-10003116,Memorex Froggy Flash Drive 8 GB,Technology,Accessories,4,2,0.0444,90.00,f
2017-12-30,UnitedStates-South-Burlington-NorthCarolina,Burlington,North Carolina,South,FUR-TA-10001889,Bush Advantage Collection Racetrack Conference Table,Furniture,Tables,2,2,0.0778,25.71,t
2017-12-30,UnitedStates-South-Burlington-NorthCarolina,Burlington,North Carolina,South,OFF-AP-10002457,"Eureka The Boss Plus 12-Amp Hard Box Upright Vacuum, Red",Office Supplies,Appliances,4,2,0.0222,180.00,f
2017-12-30,UnitedStates-South-Burlington-NorthCarolina,Burlington,North Carolina,South,OFF-AR-10000203,Newell 336,Office Supplies,Art,5,2,0.0778,64.29,f
2017-12-30,UnitedStates-South-Burlington-NorthCarolina,Burlington,North Carolina,South,OFF-AR-10004790,Staples in misc. colors,Office Supplies,Art,3,2,0.0333,90.00,f
2017-12-30,UnitedStates-South-Burlington-NorthCarolina,Burlington,North Carolina,South,OFF-BI-10004995,GBC DocuBind P400 Electric Binding System,Office Supplies,Binders,6,2,0.0444,135.00,f
2017-12-30,UnitedStates-South-Burlington-NorthCarolina,Burlington,North Carolina,South,TEC-AC-10002001,Logitech Wireless Gaming Headset G930,Technology,Accessories,1,2,0.0333,30.00,t
2017-12-30,UnitedStates-South-Burlington-NorthCarolina,Burlington,North Carolina,South,TEC-MA-10004125,Cubify CubeX 3D Printer Triple Head Print,Technology,Machines,8,2,0.0444,180.00,f
2017-12-30,UnitedStates-South-Charlotte-NorthCarolina,Charlotte,North Carolina,South,FUR-TA-10001039,KI Adjustable-Height Table,Furniture,Tables,5,2,0.0333,150.00,f
2017-12-30,UnitedStates-South-Charlotte-NorthCarolina,Charlotte,North Carolina,South,OFF-AR-10000390,Newell Chalk Holder,Office Supplies,Art,6,2,0.0111,540.00,f
2017-12-30,UnitedStates-South-Charlotte-NorthCarolina,Charlotte,North Carolina,South,OFF-AR-10001315,Newell 310,Office Supplies,Art,4,2,0.1000,40.00,f
2017-12-30,UnitedStates-South-Charlotte-NorthCarolina,Charlotte,North Carolina,South,OFF-BI-10002854,"Performers Binder/Pad Holder, Black",Office Supplies,Binders,7,2,0.0667,105.00,f
2017-12-30,UnitedStates-South-Charlotte-NorthCarolina,Charlotte,North Carolina,South,OFF-FA-10003112,Staples,Office Supplies,Fasteners,7,2,0.0333,210.00,f
2017-12-30,UnitedStates-South-Charlotte-NorthCarolina,Charlotte,North Carolina,South,OFF-PA-10002558,Xerox 1938,Office Supplies,Paper,4,2,0.0778,51.43,f
2017-12-30,UnitedStates-South-Charlotte-NorthCarolina,Charlotte,North Carolina,South,OFF-ST-10003208,Adjustable Depth Letter/Legal Cart,Office Supplies,Storage,8,2,0.0444,180.00,f
2017-12-30,UnitedStates-South-Charlotte-NorthCarolina,Charlotte,North Carolina,South,TEC-AC-10003174,Plantronics S12 Corded Telephone Headset System,Technology,Accessories,4,2,0.0556,72.00,f
2017-12-30,UnitedStates-South-Charlotte-NorthCarolina,Charlotte,North Carolina,South,TEC-AC-10003499,Memorex Mini Travel Drive 8 GB USB 2.0 Flash Drive,Technology,Accessories,7,2,0.0889,78.75,f
2017-12-30,UnitedStates-South-Charlotte-NorthCarolina,Charlotte,North Carolina,South,TEC-PH-10002844,Speck Products Candyshell Flip Case,Technology,Phones,3,2,0.0111,270.00,f
2017-12-30,UnitedStates-South-Charlotte-NorthCarolina,Charlotte,North Carolina,South,TEC-PH-10004447,Toshiba IPT2010-SD IP Telephone,Technology,Phones,7,2,0.0222,315.00,f
2017-12-30,UnitedStates-South-Charlottesville-Virginia,Charlottesville,Virginia,South,OFF-AR-10001446,Newell 309,Office Supplies,Art,2,2,0.0333,60.00,t
2017-12-30,UnitedStates-South-Chattanooga-Tennessee,Chattanooga,Tennessee,South,FUR-CH-10000454,"Hon Deluxe Fabric Upholstered Stacking Chairs, Rounded Back",Furniture,Chairs,3,2,0.0222,135.00,f
2017-12-30,UnitedStates-South-Chattanooga-Tennessee,Chattanooga,Tennessee,South,FUR-FU-10004017,"Tenex Contemporary Contur Chairmats for Low and Medium Pile Carpet, Computer, 39"" x 49""",Furniture,Furnishings,3,2,0.0556,54.00,f
2017-12-30,UnitedStates-South-Chattanooga-Tennessee,Chattanooga,Tennessee,South,OFF-BI-10004364,Storex Dura Pro Binders,Office Supplies,Binders,2,2,0.0222,90.00,t
2017-12-30,UnitedStates-South-Chattanooga-Tennessee,Chattanooga,Tennessee,South,OFF-LA-10002195,Avery 481,Office Supplies,Labels,2,2,0.0222,90.00,t
2017-12-30,UnitedStates-South-Chattanooga-Tennessee,Chattanooga,Tennessee,South,TEC-AC-10000303,Logitech M510 Wireless Mouse,Technology,Accessories,4,2,0.0333,120.00,f
2017-12-30,UnitedStates-South-Chattanooga-Tennessee,Chattanooga,Tennessee,South,TEC-PH-10000127,iOttie XL Car Mount,Technology,Phones,5,2,0.1000,50.00,f
2017-12-30,UnitedStates-South-Chesapeake-Virginia,Chesapeake,Virginia,South,FUR-CH-10003846,Hon Valutask Swivel Chairs,Furniture,Chairs,7,2,0.0556,126.00,f
2017-12-30,UnitedStates-South-Columbia-SouthCarolina,Columbia,South Carolina,South,OFF-BI-10002003,Ibico Presentation Index for Binding Systems,Office Supplies,Binders,5,2,0.0667,75.00,f
2017-12-30,UnitedStates-South-Columbia-Tennessee,Columbia,Tennessee,South,FUR-TA-10001950,Balt Solid Wood Round Tables,Furniture,Tables,9,2,0.0778,115.71,f
2017-12-30,UnitedStates-South-Columbia-Tennessee,Columbia,Tennessee,South,OFF-PA-10001560,"Adams Telephone Message Books, 5 1/4” x 11”",Office Supplies,Paper,5,2,0.0222,225.00,f
2017-12-30,UnitedStates-South-Columbia-Tennessee,Columbia,Tennessee,South,TEC-AC-10003499,Memorex Mini Travel Drive 8 GB USB 2.0 Flash Drive,Technology,Accessories,2,2,0.0222,90.00,t
2017-12-30,UnitedStates-South-Decatur-Alabama,Decatur,Alabama,South,TEC-AC-10000927,Anker Ultrathin Bluetooth Wireless Keyboard Aluminum Cover with Stand ,Technology,Accessories,2,2,0.0889,22.50,t
2017-12-30,UnitedStates-South-Deltona-Florida,Deltona,Florida,South,OFF-AR-10004956,Newell 33,Office Supplies,Art,4,2,0.0444,90.00,f
2017-12-30,UnitedStates-South-Durham-NorthCarolina,Durham,North Carolina,South,OFF-PA-10001667,Great White Multi-Use Recycled Paper (20Lb. and 84 Bright),Office Supplies,Paper,4,2,0.0333,120.00,f
2017-12-30,UnitedStates-South-Durham-NorthCarolina,Durham,North Carolina,South,TEC-PH-10004071,PayAnywhere Card Reader,Technology,Phones,1,2,0.0222,45.00,t
2017-12-30,UnitedStates-South-Fayetteville-Arkansas,Fayetteville,Arkansas,South,TEC-AC-10003038,Kingston Digital DataTraveler 16GB USB 2.0,Technology,Accessories,8,2,0.0556,144.00,f
2017-12-30,UnitedStates-South-Fayetteville-Arkansas,Fayetteville,Arkansas,South,TEC-AC-10004469,Microsoft Sculpt Comfort Mouse,Technology,Accessories,5,2,0.0444,112.50,f
2017-12-30,UnitedStates-South-Fayetteville-NorthCarolina,Fayetteville,North Carolina,South,FUR-FU-10001876,"Computer Room Manger, 14""",Furniture,Furnishings,5,2,0.0333,150.00,f
2017-12-30,UnitedStates-South-Fayetteville-NorthCarolina,Fayetteville,North Carolina,South,FUR-FU-10004671,"Executive Impressions 12"" Wall Clock",Furniture,Furnishings,0,2,0.0222,0.00,t
2017-12-30,UnitedStates-South-Fayetteville-NorthCarolina,Fayetteville,North Carolina,South,OFF-AP-10002118,"1.7 Cubic Foot Compact ""Cube"" Office Refrigerators",Office Supplies,Appliances,7,2,0.0333,210.00,f
2017-12-30,UnitedStates-South-Fayetteville-NorthCarolina,Fayetteville,North Carolina,South,OFF-AP-10002350,Belkin F9H710-06 7 Outlet SurgeMaster Surge Protector,Office Supplies,Appliances,2,2,0.0333,60.00,t
2017-12-30,UnitedStates-South-Fayetteville-NorthCarolina,Fayetteville,North Carolina,South,OFF-BI-10002827,Avery Durable Poly Binders,Office Supplies,Binders,7,2,0.0889,78.75,f
2017-12-30,UnitedStates-South-Fayetteville-NorthCarolina,Fayetteville,North Carolina,South,OFF-BI-10004233,"GBC Pre-Punched Binding Paper, Plastic, White, 8-1/2"" x 11""",Office Supplies,Binders,4,2,0.0667,60.00,f
2017-12-30,UnitedStates-South-Fayetteville-NorthCarolina,Fayetteville,North Carolina,South,OFF-PA-10000300,Xerox 1936,Office Supplies,Paper,7,2,0.0333,210.00,f
2017-12-30,UnitedStates-South-Fayetteville-NorthCarolina,Fayetteville,North Carolina,South,OFF-PA-10001800,Xerox 220,Office Supplies,Paper,3,2,0.0667,45.00,f
2017-12-30,UnitedStates-South-Fayetteville-NorthCarolina,Fayetteville,North Carolina,South,OFF-PA-10001892,"Rediform Wirebound ""Phone Memo"" Message Book, 11 x 5-3/4",Office Supplies,Paper,2,2,0.0444,45.00,t
2017-12-30,UnitedStates-South-Fayetteville-NorthCarolina,Fayetteville,North Carolina,South,OFF-ST-10000736,Carina Double Wide Media Storage Towers in Natural & Black,Office Supplies,Storage,4,2,0.0444,90.00,f
2017-12-30,UnitedStates-South-Fayetteville-NorthCarolina,Fayetteville,North Carolina,South,OFF-ST-10001522,"Gould Plastics 18-Pocket Panel Bin, 34w x 5-1/4d x 20-1/2h",Office Supplies,Storage,3,2,0.0222,135.00,f
2017-12-30,UnitedStates-South-FortLauderdale-Florida,Fort Lauderdale,Florida,South,FUR-BO-10003965,O'Sullivan Manor Hill 2-Door Library in Brianna Oak,Furniture,Bookcases,3,2,0.0556,54.00,f
2017-12-30,UnitedStates-South-FortLauderdale-Florida,Fort Lauderdale,Florida,South,FUR-FU-10001940,Staple-based wall hangings,Furniture,Furnishings,2,2,0.0333,60.00,t
2017-12-30,UnitedStates-South-FortLauderdale-Florida,Fort Lauderdale,Florida,South,OFF-AP-10002651,Hoover Upright Vacuum With Dirt Cup,Office Supplies,Appliances,3,2,0.0556,54.00,f
2017-12-30,UnitedStates-South-Greensboro-NorthCarolina,Greensboro,North Carolina,South,FUR-TA-10004575,Hon 5100 Series Wood Tables,Furniture,Tables,4,2,0.0333,120.00,f
2017-12-30,UnitedStates-South-Greensboro-NorthCarolina,Greensboro,North Carolina,South,OFF-AR-10003903,Sanford 52201 APSCO Electric Pencil Sharpener,Office Supplies,Art,2,2,0.0111,180.00,t
2017-12-30,UnitedStates-South-Greensboro-NorthCarolina,Greensboro,North Carolina,South,TEC-PH-10002483,Motorola Moto X,Technology,Phones,4,2,0.0556,72.00,f
2017-12-30,UnitedStates-South-Hattiesburg-Mississippi,Hattiesburg,Mississippi,South,OFF-AP-10004540,"Eureka The Boss Lite 10-Amp Upright Vacuum, Blue",Office Supplies,Appliances,5,2,0.0444,112.50,f
2017-12-30,UnitedStates-South-Hattiesburg-Mississippi,Hattiesburg,Mississippi,South,TEC-AC-10001266,Memorex Micro Travel Drive 8 GB,Technology,Accessories,2,2,0.0444,45.00,t
2017-12-30,UnitedStates-South-Henderson-Kentucky,Henderson,Kentucky,South,FUR-CH-10000454,"Hon Deluxe Fabric Upholstered Stacking Chairs, Rounded Back",Furniture,Chairs,7,2,0.0444,157.50,f
2017-12-30,UnitedStates-South-Henderson-Kentucky,Henderson,Kentucky,South,FUR-FU-10000629,9-3/4 Diameter Round Wall Clock,Furniture,Furnishings,7,2,0.0222,315.00,f
2017-12-30,UnitedStates-South-Henderson-Kentucky,Henderson,Kentucky,South,FUR-FU-10004665,"3M Polarizing Task Lamp with Clamp Arm, Light Gray",Furniture,Furnishings,3,2,0.0667,45.00,f
2017-12-30,UnitedStates-South-Henderson-Kentucky,Henderson,Kentucky,South,OFF-BI-10000088,GBC Imprintable Covers,Office Supplies,Binders,2,2,0.0222,90.00,t
2017-12-30,UnitedStates-South-Henderson-Kentucky,Henderson,Kentucky,South,OFF-EN-10004846,Letter or Legal Size Expandable Poly String Tie Envelopes,Office Supplies,Envelopes,1,2,0.0222,45.00,t
2017-12-30,UnitedStates-South-Henderson-Kentucky,Henderson,Kentucky,South,OFF-ST-10001580,Super Decoflex Portable Personal File,Office Supplies,Storage,4,2,0.0444,90.00,f
2017-12-30,UnitedStates-South-Henderson-Kentucky,Henderson,Kentucky,South,TEC-AC-10004145,Logitech diNovo Edge Keyboard,Technology,Accessories,6,2,0.1000,60.00,f
2017-12-30,UnitedStates-South-Hendersonville-Tennessee,Hendersonville,Tennessee,South,FUR-FU-10000087,"Executive Impressions 14"" Two-Color Numerals Wall Clock",Furniture,Furnishings,2,2,0.0444,45.00,t
2017-12-30,UnitedStates-South-Hendersonville-Tennessee,Hendersonville,Tennessee,South,OFF-AR-10000422,Pencil and Crayon Sharpener,Office Supplies,Art,1,2,0.0778,12.86,t
2017-12-30,UnitedStates-South-Hendersonville-Tennessee,Hendersonville,Tennessee,South,OFF-ST-10004123,Safco Industrial Wire Shelving System,Office Supplies,Storage,4,2,0.0333,120.00,f
2017-12-30,UnitedStates-South-Hialeah-Florida,Hialeah,Florida,South,FUR-FU-10004963,"Eldon 400 Class Desk Accessories, Black Carbon",Furniture,Furnishings,5,2,0.0333,150.00,f
2017-12-30,UnitedStates-South-Hialeah-Florida,Hialeah,Florida,South,OFF-AP-10000804,Hoover Portapower Portable Vacuum,Office Supplies,Appliances,3,2,0.0556,54.00,f
2017-12-30,UnitedStates-South-Hialeah-Florida,Hialeah,Florida,South,OFF-PA-10000556,Xerox 208,Office Supplies,Paper,7,2,0.0333,210.00,f
2017-12-30,UnitedStates-South-Hialeah-Florida,Hialeah,Florida,South,TEC-MA-10004626,Lexmark 20R1285 X6650 Wireless All-in-One Printer,Technology,Machines,3,2,0.0222,135.00,f
2017-12-30,UnitedStates-South-Hollywood-Florida,Hollywood,Florida,South,OFF-BI-10004099,GBC VeloBinder Strips,Office Supplies,Binders,9,2,0.0556,162.00,f
2017-12-30,UnitedStates-South-Homestead-Florida,Homestead,Florida,South,OFF-PA-10001977,Xerox 194,Office Supplies,Paper,1,2,0.0111,90.00,t
2017-12-30,UnitedStates-South-Homestead-Florida,Homestead,Florida,South,OFF-SU-10001225,Staple remover,Office Supplies,Supplies,4,2,0.0111,360.00,f
2017-12-30,UnitedStates-South-Huntsville-Alabama,Huntsville,Alabama,South,OFF-FA-10003059,Assorted Color Push Pins,Office Supplies,Fasteners,6,2,0.0222,270.00,f
2017-12-30,UnitedStates-South-Huntsville-Alabama,Huntsville,Alabama,South,OFF-PA-10000994,Xerox 1915,Office Supplies,Paper,1,2,0.0667,15.00,t
2017-12-30,UnitedStates-South-Huntsville-Alabama,Huntsville,Alabama,South,OFF-PA-10004381,14-7/8 x 11 Blue Bar Computer Printout Paper,Office Supplies,Paper,7,2,0.0222,315.00,f
2017-12-30,UnitedStates-South-Huntsville-Alabama,Huntsville,Alabama,South,TEC-PH-10002890,AT&T 17929 Lendline Telephone,Technology,Phones,2,2,0.0222,90.00,t
2017-12-30,UnitedStates-South-Jackson-Mississippi,Jackson,Mississippi,South,OFF-BI-10003476,Avery Metallic Poly Binders,Office Supplies,Binders,7,2,0.0889,78.75,f
2017-12-30,UnitedStates-South-Jackson-Mississippi,Jackson,Mississippi,South,OFF-FA-10000735,Staples,Office Supplies,Fasteners,6,2,0.0444,135.00,f
2017-12-30,UnitedStates-South-Jackson-Mississippi,Jackson,Mississippi,South,OFF-ST-10000604,Home/Office Personal File Carts,Office Supplies,Storage,7,2,0.0556,126.00,f
2017-12-30,UnitedStates-South-Jackson-Mississippi,Jackson,Mississippi,South,TEC-AC-10001838,Razer Tiamat Over Ear 7.1 Surround Sound PC Gaming Headset,Technology,Accessories,1,2,0.0333,30.00,t
2017-12-30,UnitedStates-South-Jackson-Mississippi,Jackson,Mississippi,South,TEC-PH-10000148,Cyber Acoustics AC-202b Speech Recognition Stereo Headset,Technology,Phones,7,2,0.0333,210.00,f
2017-12-30,UnitedStates-South-Jackson-Tennessee,Jackson,Tennessee,South,FUR-CH-10001482,Office Star - Mesh Screen back chair with Vinyl seat,Furniture,Chairs,5,2,0.0222,225.00,f
2017-12-30,UnitedStates-South-Jackson-Tennessee,Jackson,Tennessee,South,FUR-TA-10002903,"Bevis Round Bullnose 29"" High Table Top",Furniture,Tables,9,2,0.0667,135.00,f
2017-12-30,UnitedStates-South-Jackson-Tennessee,Jackson,Tennessee,South,OFF-AP-10003266,"Holmes Replacement Filter for HEPA Air Cleaner, Large Room",Office Supplies,Appliances,5,2,0.0556,90.00,f
2017-12-30,UnitedStates-South-Jackson-Tennessee,Jackson,Tennessee,South,OFF-AR-10001419,Newell 325,Office Supplies,Art,6,2,0.0778,77.14,f
2017-12-30,UnitedStates-South-Jackson-Tennessee,Jackson,Tennessee,South,OFF-ST-10000918,Crate-A-Files,Office Supplies,Storage,4,2,0.0333,120.00,f
2017-12-30,UnitedStates-South-Jackson-Tennessee,Jackson,Tennessee,South,TEC-AC-10001013,Logitech ClearChat Comfort/USB Headset H390,Technology,Accessories,8,2,0.0222,360.00,f
2017-12-30,UnitedStates-South-Jacksonville-Florida,Jacksonville,Florida,South,FUR-CH-10000225,"Global Geo Office Task Chair, Gray",Furniture,Chairs,6,2,0.0111,540.00,f
2017-12-30,UnitedStates-South-Jacksonville-Florida,Jacksonville,Florida,South,FUR-FU-10000175,DAX Wood Document Frame.,Furniture,Furnishings,8,2,0.0444,180.00,f
2017-12-30,UnitedStates-South-Jacksonville-Florida,Jacksonville,Florida,South,FUR-TA-10004289,BoxOffice By Design Rectangular and Half-Moon Meeting Room Tables,Furniture,Tables,6,2,0.0667,90.00,f
2017-12-30,UnitedStates-South-Jacksonville-Florida,Jacksonville,Florida,South,OFF-AR-10001958,Stanley Bostitch Contemporary Electric Pencil Sharpeners,Office Supplies,Art,6,2,0.0111,540.00,f
2017-12-30,UnitedStates-South-Jacksonville-Florida,Jacksonville,Florida,South,OFF-AR-10003251,Prang Drawing Pencil Set,Office Supplies,Art,3,2,0.0222,135.00,f
2017-12-30,UnitedStates-South-Jacksonville-Florida,Jacksonville,Florida,South,OFF-PA-10000380,"REDIFORM Incoming/Outgoing Call Register, 11"" X 8 1/2"", 100 Messages",Office Supplies,Paper,3,2,0.0111,270.00,f
2017-12-30,UnitedStates-South-Jacksonville-Florida,Jacksonville,Florida,South,OFF-ST-10000617,Woodgrain Magazine Files by Perma,Office Supplies,Storage,7,2,0.0222,315.00,f
2017-12-30,UnitedStates-South-Jacksonville-Florida,Jacksonville,Florida,South,TEC-AC-10001990,Kensington Orbit Wireless Mobile Trackball for PC and Mac,Technology,Accessories,0,2,0.0111,0.00,t
2017-12-30,UnitedStates-South-Jacksonville-Florida,Jacksonville,Florida,South,TEC-AC-10002567,Logitech G602 Wireless Gaming Mouse,Technology,Accessories,5,2,0.0333,150.00,f
2017-12-30,UnitedStates-South-Jacksonville-Florida,Jacksonville,Florida,South,TEC-PH-10003555,Motorola HK250 Universal Bluetooth Headset,Technology,Phones,2,2,0.0444,45.00,t
2017-12-30,UnitedStates-South-Jacksonville-Florida,Jacksonville,Florida,South,TEC-PH-10004094,Motorola L703CM,Technology,Phones,4,2,0.0444,90.00,f
2017-12-30,UnitedStates-South-Jacksonville-Florida,Jacksonville,Florida,South,TEC-PH-10004586,Wilson SignalBoost 841262 DB PRO Amplifier Kit,Technology,Phones,3,2,0.0333,90.00,f
2017-12-30,UnitedStates-South-Jupiter-Florida,Jupiter,Florida,South,OFF-AR-10002335,DIXON Oriole Pencils,Office Supplies,Art,3,2,0.0111,270.00,f
2017-12-30,UnitedStates-South-Knoxville-Tennessee,Knoxville,Tennessee,South,FUR-FU-10002364,"Eldon Expressions Wood Desk Accessories, Oak",Furniture,Furnishings,3,2,0.0222,135.00,f
2017-12-30,UnitedStates-South-Knoxville-Tennessee,Knoxville,Tennessee,South,FUR-FU-10003691,"Eldon Image Series Desk Accessories, Ebony",Furniture,Furnishings,4,2,0.0222,180.00,f
2017-12-30,UnitedStates-South-Knoxville-Tennessee,Knoxville,Tennessee,South,FUR-FU-10004090,"Executive Impressions 14"" Contract Wall Clock",Furniture,Furnishings,4,2,0.0556,72.00,f
2017-12-30,UnitedStates-South-Knoxville-Tennessee,Knoxville,Tennessee,South,FUR-FU-10004864,"Howard Miller 14-1/2"" Diameter Chrome Round Wall Clock",Furniture,Furnishings,3,2,0.0111,270.00,f
2017-12-30,UnitedStates-South-Knoxville-Tennessee,Knoxville,Tennessee,South,FUR-TA-10000198,Chromcraft Bull-Nose Wood Oval Conference Tables & Bases,Furniture,Tables,5,2,0.0778,64.29,f
2017-12-30,UnitedStates-South-Knoxville-Tennessee,Knoxville,Tennessee,South,OFF-BI-10000977,Ibico Plastic Spiral Binding Combs,Office Supplies,Binders,6,2,0.0333,180.00,f
2017-12-30,UnitedStates-South-Knoxville-Tennessee,Knoxville,Tennessee,South,OFF-BI-10003984,Lock-Up Easel 'Spel-Binder',Office Supplies,Binders,5,2,0.0444,112.50,f
2017-12-30,UnitedStates-South-Knoxville-Tennessee,Knoxville,Tennessee,South,OFF-PA-10003172,Xerox 1996,Office Supplies,Paper,5,2,0.0444,112.50,f
2017-12-30,UnitedStates-South-Lafayette-Louisiana,Lafayette,Louisiana,South,FUR-CH-10002439,"Iceberg Nesting Folding Chair, 19w x 6d x 43h",Furniture,Chairs,7,2,0.0444,157.50,f
2017-12-30,UnitedStates-South-Lafayette-Louisiana,Lafayette,Louisiana,South,FUR-TA-10003473,Bretford Rectangular Conference Table Tops,Furniture,Tables,8,2,0.0444,180.00,f
2017-12-30,UnitedStates-South-Lafayette-Louisiana,Lafayette,Louisiana,South,OFF-LA-10000248,Avery 52,Office Supplies,Labels,1,2,0.0333,30.00,t
2017-12-30,UnitedStates-South-Lafayette-Louisiana,Lafayette,Louisiana,South,OFF-PA-10004355,Xerox 231,Office Supplies,Paper,6,2,0.0444,135.00,f
2017-12-30,UnitedStates-South-Lafayette-Louisiana,Lafayette,Louisiana,South,OFF-SU-10002881,Martin Yale Chadless Opener Electric Letter Opener,Office Supplies,Supplies,1,2,0.0222,45.00,t
2017-12-30,UnitedStates-South-Lafayette-Louisiana,Lafayette,Louisiana,South,TEC-MA-10003183,DYMO CardScan Personal V9 Business Card Scanner,Technology,Machines,1,2,0.0333,30.00,t
2017-12-30,UnitedStates-South-Lakeland-Florida,Lakeland,Florida,South,FUR-CH-10003379,Global Commerce Series High-Back Swivel/Tilt Chairs,Furniture,Chairs,6,2,0.0333,180.00,f
2017-12-30,UnitedStates-South-Lakeland-Florida,Lakeland,Florida,South,FUR-FU-10001756,"Eldon Expressions Desk Accessory, Wood Photo Frame, Mahogany",Furniture,Furnishings,1,2,0.0333,30.00,t
2017-12-30,UnitedStates-South-LittleRock-Arkansas,Little Rock,Arkansas,South,OFF-AR-10002257,"Eldon Spacemaker Box, Quick-Snap Lid, Clear",Office Supplies,Art,6,2,0.0444,135.00,f
2017-12-30,UnitedStates-South-LittleRock-Arkansas,Little Rock,Arkansas,South,OFF-BI-10003364,Binding Machine Supplies,Office Supplies,Binders,7,2,0.0556,126.00,f
2017-12-30,UnitedStates-South-LittleRock-Arkansas,Little Rock,Arkansas,South,OFF-EN-10001453,"Tyvek Interoffice Envelopes, 9 1/2"" x 12 1/2"", 100/Box",Office Supplies,Envelopes,8,2,0.0333,240.00,f
2017-12-30,UnitedStates-South-LittleRock-Arkansas,Little Rock,Arkansas,South,OFF-PA-10001019,Xerox 1884,Office Supplies,Paper,5,2,0.0222,225.00,f
2017-12-30,UnitedStates-South-LittleRock-Arkansas,Little Rock,Arkansas,South,OFF-PA-10001994,"Ink Jet Note and Greeting Cards, 8-1/2"" x 5-1/2"" Card Size",Office Supplies,Paper,6,2,0.0222,270.00,f
2017-12-30,UnitedStates-South-LittleRock-Arkansas,Little Rock,Arkansas,South,OFF-ST-10001328,"Personal Filing Tote with Lid, Black/Gray",Office Supplies,Storage,2,2,0.0444,45.00,t
2017-12-30,UnitedStates-South-LittleRock-Arkansas,Little Rock,Arkansas,South,OFF-ST-10001522,"Gould Plastics 18-Pocket Panel Bin, 34w x 5-1/4d x 20-1/2h",Office Supplies,Storage,9,2,0.0444,202.50,f
2017-12-30,UnitedStates-South-LittleRock-Arkansas,Little Rock,Arkansas,South,TEC-PH-10003601,"Ativa D5772 2-Line 5.8GHz Digital Expandable Corded/Cordless Phone System with Answering & Caller ID/Call Waiting, Black/Silver",Technology,Phones,2,2,0.0333,60.00,t
2017-12-30,UnitedStates-South-Louisville-Kentucky,Louisville,Kentucky,South,FUR-CH-10001146,"Global Value Mid-Back Manager's Chair, Gray",Furniture,Chairs,3,2,0.0556,54.00,f
2017-12-30,UnitedStates-South-Louisville-Kentucky,Louisville,Kentucky,South,FUR-CH-10001270,Harbour Creations Steel Folding Chair,Furniture,Chairs,1,2,0.0333,30.00,t
2017-12-30,UnitedStates-South-Louisville-Kentucky,Louisville,Kentucky,South,FUR-CH-10001854,Office Star - Professional Matrix Back Chair with 2-to-1 Synchro Tilt and Mesh Fabric Seat,Furniture,Chairs,4,2,0.0222,180.00,f
2017-12-30,UnitedStates-South-Louisville-Kentucky,Louisville,Kentucky,South,FUR-CH-10002602,DMI Arturo Collection Mission-style Design Wood Chair,Furniture,Chairs,8,2,0.0889,90.00,f
2017-12-30,UnitedStates-South-Louisville-Kentucky,Louisville,Kentucky,South,FUR-CH-10004495,"Global Leather and Oak Executive Chair, Black",Furniture,Chairs,2,2,0.0111,180.00,t
2017-12-30,UnitedStates-South-Louisville-Kentucky,Louisville,Kentucky,South,OFF-AR-10003696,Panasonic KP-350BK Electric Pencil Sharpener with Auto Stop,Office Supplies,Art,6,2,0.0111,540.00,f
2017-12-30,UnitedStates-South-Louisville-Kentucky,Louisville,Kentucky,South,OFF-BI-10002414,GBC ProClick Spines for 32-Hole Punch,Office Supplies,Binders,4,2,0.0111,360.00,f
2017-12-30,UnitedStates-South-Louisville-Kentucky,Louisville,Kentucky,South,OFF-ST-10000563,Fellowes Bankers Box Stor/Drawer Steel Plus,Office Supplies,Storage,5,2,0.0333,150.00,f
2017-12-30,UnitedStates-South-Louisville-Kentucky,Louisville,Kentucky,South,OFF-ST-10002974,"Trav-L-File Heavy-Duty Shuttle II, Black",Office Supplies,Storage,9,2,0.0889,101.25,f
2017-12-30,UnitedStates-South-Memphis-Tennessee,Memphis,Tennessee,South,OFF-BI-10000216,"Mead 1st Gear 2"" Zipper Binder, Asst. Colors",Office Supplies,Binders,4,2,0.0333,120.00,f
2017-12-30,UnitedStates-South-Memphis-Tennessee,Memphis,Tennessee,South,OFF-EN-10003448,"Peel & Seel Recycled Catalog Envelopes, Brown",Office Supplies,Envelopes,3,2,0.0778,38.57,f
2017-12-30,UnitedStates-South-Memphis-Tennessee,Memphis,Tennessee,South,OFF-PA-10003424,"""While you Were Out"" Message Book, One Form per Page",Office Supplies,Paper,7,2,0.0333,210.00,f
2017-12-30,UnitedStates-South-Memphis-Tennessee,Memphis,Tennessee,South,OFF-ST-10003716,Tennsco Double-Tier Lockers,Office Supplies,Storage,4,2,0.0444,90.00,f
2017-12-30,UnitedStates-South-Miami-Florida,Miami,Florida,South,OFF-AR-10004344,Bulldog Vacuum Base Pencil Sharpener,Office Supplies,Art,6,2,0.0556,108.00,f
2017-12-30,UnitedStates-South-Miami-Florida,Miami,Florida,South,TEC-PH-10002549,Polycom SoundPoint IP 450 VoIP phone,Technology,Phones,2,2,0.0222,90.00,t
2017-12-30,UnitedStates-South-Miami-Florida,Miami,Florida,South,TEC-PH-10002564,OtterBox Defender Series Case - Samsung Galaxy S4,Technology,Phones,1,2,0.0333,30.00,t
2017-12-30,UnitedStates-South-Miramar-Florida,Miramar,Florida,South,FUR-FU-10001488,"Tenex 46"" x 60"" Computer Anti-Static Chairmat, Rectangular Shaped",Furniture,Furnishings,1,2,0.0444,22.50,t
2017-12-30,UnitedStates-South-Miramar-Florida,Miramar,Florida,South,FUR-FU-10003553,"Howard Miller 13-1/2"" Diameter Rosebrook Wall Clock",Furniture,Furnishings,1,2,0.0444,22.50,t
2017-12-30,UnitedStates-South-Miramar-Florida,Miramar,Florida,South,OFF-AP-10002684,"Acco 7-Outlet Masterpiece Power Center, Wihtout Fax/Phone Line Protection",Office Supplies,Appliances,2,2,0.0444,45.00,t
2017-12-30,UnitedStates-South-Miramar-Florida,Miramar,Florida,South,OFF-BI-10001636,Ibico Plastic and Wire Spiral Binding Combs,Office Supplies,Binders,6,2,0.0889,67.50,f
2017-12-30,UnitedStates-South-Miramar-Florida,Miramar,Florida,South,OFF-PA-10003309,Xerox 211,Office Supplies,Paper,2,2,0.0889,22.50,t
2017-12-30,UnitedStates-South-Miramar-Florida,Miramar,Florida,South,OFF-PA-10004609,Xerox 221,Office Supplies,Paper,6,2,0.0444,135.00,f
2017-12-30,UnitedStates-South-Miramar-Florida,Miramar,Florida,South,OFF-ST-10002301,Tennsco Commercial Shelving,Office Supplies,Storage,9,2,0.0556,162.00,f
2017-12-30,UnitedStates-South-Monroe-NorthCarolina,Monroe,North Carolina,South,OFF-PA-10003919,Xerox 1989,Office Supplies,Paper,6,2,0.0222,270.00,f
2017-12-30,UnitedStates-South-Montgomery-Alabama,Montgomery,Alabama,South,FUR-FU-10002963,"Master Caster Door Stop, Gray",Furniture,Furnishings,4,2,0.0222,180.00,f
2017-12-30,UnitedStates-South-Murfreesboro-Tennessee,Murfreesboro,Tennessee,South,FUR-FU-10001967,Telescoping Adjustable Floor Lamp,Furniture,Furnishings,0,2,0.0111,0.00,t
2017-12-30,UnitedStates-South-Nashville-Tennessee,Nashville,Tennessee,South,OFF-ST-10000736,Carina Double Wide Media Storage Towers in Natural & Black,Office Supplies,Storage,6,2,0.0111,540.00,f
2017-12-30,UnitedStates-South-Nashville-Tennessee,Nashville,Tennessee,South,TEC-MA-10001856,Okidata C610n Printer,Technology,Machines,1,2,0.0222,45.00,t
2017-12-30,UnitedStates-South-NorthCharleston-SouthCarolina,North Charleston,South Carolina,South,FUR-FU-10002364,"Eldon Expressions Wood Desk Accessories, Oak",Furniture,Furnishings,6,2,0.0222,270.00,f
2017-12-30,UnitedStates-South-Orlando-Florida,Orlando,Florida,South,OFF-AR-10004010,Hunt Boston Vacuum Mount KS Pencil Sharpener,Office Supplies,Art,5,2,0.0222,225.00,f
2017-12-30,UnitedStates-South-Orlando-Florida,Orlando,Florida,South,OFF-BI-10002982,Avery Self-Adhesive Photo Pockets for Polaroid Photos,Office Supplies,Binders,2,2,0.0222,90.00,t
2017-12-30,UnitedStates-South-Orlando-Florida,Orlando,Florida,South,OFF-PA-10002947,Xerox 1923,Office Supplies,Paper,6,2,0.0222,270.00,f
2017-12-30,UnitedStates-South-Orlando-Florida,Orlando,Florida,South,TEC-CO-10003236,Canon Image Class D660 Copier,Technology,Copiers,2,2,0.0222,90.00,t
2017-12-30,UnitedStates-South-PortOrange-Florida,Port Orange,Florida,South,OFF-EN-10002621,Staple envelope,Office Supplies,Envelopes,1,2,0.0111,90.00,t
2017-12-30,UnitedStates-South-Richmond-Kentucky,Richmond,Kentucky,South,FUR-CH-10000553,"Metal Folding Chairs, Beige, 4/Carton",Furniture,Chairs,6,2,0.0111,540.00,f
2017-12-30,UnitedStates-South-Richmond-Kentucky,Richmond,Kentucky,South,OFF-AP-10000159,Belkin F9M820V08 8 Outlet Surge,Office Supplies,Appliances,9,2,0.0556,162.00,f
2017-12-30,UnitedStates-South-Richmond-Kentucky,Richmond,Kentucky,South,OFF-BI-10000546,Avery Durable Binders,Office Supplies,Binders,2,2,0.0111,180.00,t
2017-12-30,UnitedStates-South-Richmond-Kentucky,Richmond,Kentucky,South,OFF-BI-10003274,"Avery Durable Slant Ring Binders, No Labels",Office Supplies,Binders,9,2,0.0444,202.50,f
2017-12-30,UnitedStates-South-Richmond-Kentucky,Richmond,Kentucky,South,OFF-BI-10003719,Large Capacity Hanging Post Binders,Office Supplies,Binders,9,2,0.0556,162.00,f
2017-12-30,UnitedStates-South-Richmond-Kentucky,Richmond,Kentucky,South,OFF-BI-10004236,"XtraLife ClearVue Slant-D Ring Binder, White, 3""",Office Supplies,Binders,6,2,0.0222,270.00,f
2017-12-30,UnitedStates-South-Richmond-Kentucky,Richmond,Kentucky,South,OFF-LA-10001982,Smead Alpha-Z Color-Coded Name Labels First Letter Starter Set,Office Supplies,Labels,3,2,0.0889,33.75,f
2017-12-30,UnitedStates-South-Richmond-Kentucky,Richmond,Kentucky,South,OFF-LA-10004409,Avery 492,Office Supplies,Labels,2,2,0.0222,90.00,t
2017-12-30,UnitedStates-South-Richmond-Kentucky,Richmond,Kentucky,South,OFF-PA-10001215,Xerox 1963,Office Supplies,Paper,5,2,0.0556,90.00,f
2017-12-30,UnitedStates-South-Richmond-Kentucky,Richmond,Kentucky,South,OFF-PA-10003845,Xerox 1987,Office Supplies,Paper,7,2,0.0111,630.00,f
2017-12-30,UnitedStates-South-Richmond-Kentucky,Richmond,Kentucky,South,OFF-ST-10001526,Iceberg Mobile Mega Data/Printer Cart ,Office Supplies,Storage,9,2,0.1333,67.50,f
2017-12-30,UnitedStates-South-Richmond-Kentucky,Richmond,Kentucky,South,OFF-ST-10004963,Eldon Gobal File Keepers,Office Supplies,Storage,4,2,0.0889,45.00,f
2017-12-30,UnitedStates-South-Richmond-Kentucky,Richmond,Kentucky,South,OFF-SU-10002573,"Acme 10"" Easy Grip Assistive Scissors",Office Supplies,Supplies,1,2,0.0222,45.00,t
2017-12-30,UnitedStates-South-Richmond-Kentucky,Richmond,Kentucky,South,TEC-AC-10001013,Logitech ClearChat Comfort/USB Headset H390,Technology,Accessories,9,2,0.0556,162.00,f
2017-12-30,UnitedStates-South-Richmond-Kentucky,Richmond,Kentucky,South,TEC-CO-10001046,Canon Imageclass D680 Copier / Fax,Technology,Copiers,3,2,0.0222,135.00,f
2017-12-30,UnitedStates-South-Richmond-Virginia,Richmond,Virginia,South,FUR-FU-10000175,DAX Wood Document Frame.,Furniture,Furnishings,4,2,0.0667,60.00,f
2017-12-30,UnitedStates-South-Salem-Virginia,Salem,Virginia,South,FUR-CH-10001854,Office Star - Professional Matrix Back Chair with 2-to-1 Synchro Tilt and Mesh Fabric Seat,Furniture,Chairs,7,2,0.0222,315.00,f
2017-12-30,UnitedStates-South-Salem-Virginia,Salem,Virginia,South,OFF-AP-10004036,Bionaire 99.97% HEPA Air Cleaner,Office Supplies,Appliances,5,2,0.0222,225.00,f
2017-12-30,UnitedStates-South-Springdale-Arkansas,Springdale,Arkansas,South,OFF-AR-10000657,"Binney & Smith inkTank Desk Highlighter, Chisel Tip, Yellow, 12/Box",Office Supplies,Art,3,2,0.0222,135.00,f
2017-12-30,UnitedStates-South-Springfield-Virginia,Springfield,Virginia,South,OFF-AR-10000246,Newell 318,Office Supplies,Art,0,2,0.0222,0.00,t
2017-12-30,UnitedStates-South-Springfield-Virginia,Springfield,Virginia,South,OFF-AR-10001177,Newell 349,Office Supplies,Art,4,2,0.0778,51.43,f
2017-12-30,UnitedStates-South-Summerville-SouthCarolina,Summerville,South Carolina,South,OFF-BI-10001597,"Wilson Jones Ledger-Size, Piano-Hinge Binder, 2"", Blue",Office Supplies,Binders,10,2,0.0889,112.50,f
2017-12-30,UnitedStates-South-Summerville-SouthCarolina,Summerville,South Carolina,South,TEC-PH-10002807,Motorla HX550 Universal Bluetooth Headset,Technology,Phones,3,2,0.0222,135.00,f
2017-12-30,UnitedStates-South-Tallahassee-Florida,Tallahassee,Florida,South,OFF-AR-10001662,Rogers Handheld Barrel Pencil Sharpener,Office Supplies,Art,6,2,0.0333,180.00,f
2017-12-30,UnitedStates-South-Tallahassee-Florida,Tallahassee,Florida,South,OFF-BI-10001097,Avery Hole Reinforcements,Office Supplies,Binders,3,2,0.0333,90.00,f
2017-12-30,UnitedStates-South-Tallahassee-Florida,Tallahassee,Florida,South,OFF-PA-10001685,Easy-staple paper,Office Supplies,Paper,6,2,0.0778,77.14,f
2017-12-30,UnitedStates-South-Tallahassee-Florida,Tallahassee,Florida,South,OFF-PA-10003651,Xerox 1968,Office Supplies,Paper,6,2,0.0556,108.00,f
2017-12-30,UnitedStates-South-Tampa-Florida,Tampa,Florida,South,OFF-BI-10002429,"Premier Elliptical Ring Binder, Black",Office Supplies,Binders,6,2,0.0556,108.00,f
2017-12-30,UnitedStates-South-Tuscaloosa-Alabama,Tuscaloosa,Alabama,South,FUR-CH-10002647,"Situations Contoured Folding Chairs, 4/Set",Furniture,Chairs,7,2,0.0222,315.00,f
2017-12-30,UnitedStates-South-VirginiaBeach-Virginia,Virginia Beach,Virginia,South,FUR-TA-10001520,"Lesro Sheffield Collection Coffee Table, End Table, Center Table, Corner Table",Furniture,Tables,5,2,0.0556,90.00,f
2017-12-30,UnitedStates-South-VirginiaBeach-Virginia,Virginia Beach,Virginia,South,OFF-EN-10002831,"Tyvek  Top-Opening Peel & Seel  Envelopes, Gray",Office Supplies,Envelopes,6,2,0.0778,77.14,f
2017-12-30,UnitedStates-South-Wilmington-NorthCarolina,Wilmington,North Carolina,South,OFF-PA-10002659,Avoid Verbal Orders Carbonless Minifold Book,Office Supplies,Paper,7,2,0.0444,157.50,f
2017-12-30,UnitedStates-South-Wilmington-NorthCarolina,Wilmington,North Carolina,South,OFF-PA-10003673,Strathmore Photo Mount Cards,Office Supplies,Paper,7,2,0.0333,210.00,f
2017-12-30,UnitedStates-West-Albuquerque-NewMexico,Albuquerque,New Mexico,West,OFF-BI-10002082,GBC Twin Loop Wire Binding Elements,Office Supplies,Binders,7,2,0.0333,210.00,f
2017-12-30,UnitedStates-West-Albuquerque-NewMexico,Albuquerque,New Mexico,West,OFF-PA-10004239,Xerox 1953,Office Supplies,Paper,1,2,0.0111,90.00,t
2017-12-30,UnitedStates-West-Albuquerque-NewMexico,Albuquerque,New Mexico,West,OFF-ST-10003058,Eldon Mobile Mega Data Cart  Mega Stackable  Add-On Trays,Office Supplies,Storage,5,2,0.0556,90.00,f
2017-12-30,UnitedStates-West-Albuquerque-NewMexico,Albuquerque,New Mexico,West,TEC-AC-10002842,WD My Passport Ultra 2TB Portable External Hard Drive,Technology,Accessories,2,2,0.0556,36.00,t
2017-12-30,UnitedStates-West-Anaheim-California,Anaheim,California,West,FUR-FU-10002501,Nu-Dell Executive Frame,Furniture,Furnishings,5,2,0.0889,56.25,f
2017-12-30,UnitedStates-West-Anaheim-California,Anaheim,California,West,OFF-ST-10001526,Iceberg Mobile Mega Data/Printer Cart ,Office Supplies,Storage,5,2,0.0444,112.50,f
2017-12-30,UnitedStates-West-Anaheim-California,Anaheim,California,West,OFF-SU-10002557,Fiskars Spring-Action Scissors,Office Supplies,Supplies,2,2,0.0111,180.00,t
2017-12-30,UnitedStates-West-Bakersfield-California,Bakersfield,California,West,FUR-TA-10001086,"SAFCO PlanMaster Boards, 60w x 37-1/2d, White Melamine",Furniture,Tables,7,2,0.0444,157.50,f
2017-12-30,UnitedStates-West-Bellevue-Washington,Bellevue,Washington,West,OFF-BI-10000145,Zipper Ring Binder Pockets,Office Supplies,Binders,9,2,0.0667,135.00,f
2017-12-30,UnitedStates-West-Bellevue-Washington,Bellevue,Washington,West,OFF-BI-10001617,GBC Wire Binding Combs,Office Supplies,Binders,0,2,0.0333,0.00,t
2017-12-30,UnitedStates-West-Bellingham-Washington,Bellingham,Washington,West,FUR-TA-10003954,Hon 94000 Series Round Tables,Furniture,Tables,5,2,0.1000,50.00,f
2017-12-30,UnitedStates-West-Bellingham-Washington,Bellingham,Washington,West,OFF-BI-10001308,GBC Standard Plastic Binding Systems' Combs,Office Supplies,Binders,2,2,0.0556,36.00,t
2017-12-30,UnitedStates-West-Brentwood-California,Brentwood,California,West,OFF-ST-10003221,Staple magnet,Office Supplies,Storage,7,2,0.0111,630.00,f
2017-12-30,UnitedStates-West-Brentwood-California,Brentwood,California,West,TEC-AC-10003289,Anker Ultra-Slim Mini Bluetooth 3.0 Wireless Keyboard,Technology,Accessories,5,2,0.0333,150.00,f
2017-12-30,UnitedStates-West-Brentwood-California,Brentwood,California,West,TEC-PH-10002468,"Plantronics CS 50-USB - headset - Convertible, Monaural",Technology,Phones,7,2,0.0778,90.00,f
2017-12-30,UnitedStates-West-Camarillo-California,Camarillo,California,West,OFF-LA-10002034,Avery 478,Office Supplies,Labels,7,2,0.0333,210.00,f
2017-12-30,UnitedStates-West-Carlsbad-NewMexico,Carlsbad,New Mexico,West,OFF-AR-10000369,Design Ebony Sketching Pencil,Office Supplies,Art,7,2,0.0333,210.00,f
2017-12-30,UnitedStates-West-Carlsbad-NewMexico,Carlsbad,New Mexico,West,OFF-LA-10001404,Avery 517,Office Supplies,Labels,2,2,0.0556,36.00,t
2017-12-30,UnitedStates-West-Carlsbad-NewMexico,Carlsbad,New Mexico,West,OFF-ST-10000876,Eldon Simplefile Box Office,Office Supplies,Storage,2,2,0.0333,60.00,t
2017-12-30,UnitedStates-West-Carlsbad-NewMexico,Carlsbad,New Mexico,West,TEC-PH-10001300,"iKross Bluetooth Portable Keyboard + Cell Phone Stand Holder + Brush for Apple iPhone 5S 5C 5, 4S 4",Technology,Phones,5,2,0.0444,112.50,f
2017-12-30,UnitedStates-West-Chandler-Arizona,Chandler,Arizona,West,FUR-CH-10001394,Global Leather Executive Chair,Furniture,Chairs,3,2,0.0333,90.00,f
2017-12-30,UnitedStates-West-Chandler-Arizona,Chandler,Arizona,West,FUR-FU-10001731,Acrylic Self-Standing Desk Frames,Furniture,Furnishings,6,2,0.0444,135.00,f
2017-12-30,UnitedStates-West-Chandler-Arizona,Chandler,Arizona,West,OFF-AR-10001761,Avery Hi-Liter Smear-Safe Highlighters,Office Supplies,Art,1,2,0.0222,45.00,t
2017-12-30,UnitedStates-West-Chico-California,Chico,California,West,FUR-CH-10001190,Global Deluxe High-Back Office Chair in Storm,Furniture,Chairs,4,2,0.0444,90.00,f
2017-12-30,UnitedStates-West-Chico-California,Chico,California,West,FUR-FU-10004666,DAX Clear Channel Poster Frame,Furniture,Furnishings,2,2,0.0556,36.00,t
2017-12-30,UnitedStates-West-Chico-California,Chico,California,West,FUR-TA-10004086,KI Adjustable-Height Table,Furniture,Tables,2,2,0.0333,60.00,t
2017-12-30,UnitedStates-West-Chico-California,Chico,California,West,OFF-AP-10004052,"Hoover Replacement Belts For Soft Guard & Commercial Ltweight Upright Vacs, 2/Pk",Office Supplies,Appliances,1,2,0.0444,22.50,t
2017-12-30,UnitedStates-West-Chico-California,Chico,California,West,OFF-FA-10002780,Staples,Office Supplies,Fasteners,3,2,0.0556,54.00,f
2017-12-30,UnitedStates-West-Chico-California,Chico,California,West,TEC-PH-10000702,"Square Credit Card Reader, 4 1/2"" x 4 1/2"" x 1"", White",Technology,Phones,4,2,0.0111,360.00,f
2017-12-30,UnitedStates-West-Coachella-California,Coachella,California,West,OFF-ST-10002289,"Safco Wire Cube Shelving System, For Use as 4 or 5 14"" Cubes, Black",Office Supplies,Storage,4,2,0.0222,180.00,f
2017-12-30,UnitedStates-West-Coachella-California,Coachella,California,West,TEC-AC-10004171,Razer Kraken 7.1 Surround Sound Over Ear USB Gaming Headset,Technology,Accessories,3,2,0.0111,270.00,f
2017-12-30,UnitedStates-West-CostaMesa-California,Costa Mesa,California,West,OFF-ST-10004340,"Fellowes Mobile File Cart, Black",Office Supplies,Storage,4,2,0.0222,180.00,f
2017-12-30,UnitedStates-West-Danville-California,Danville,California,West,FUR-FU-10002508,Document Clip Frames,Furniture,Furnishings,5,2,0.0333,150.00,f
2017-12-30,UnitedStates-West-Danville-California,Danville,California,West,OFF-AR-10003469,Nontoxic Chalk,Office Supplies,Art,7,2,0.0556,126.00,f
2017-12-30,UnitedStates-West-Danville-California,Danville,California,West,OFF-BI-10003718,GBC Therma-A-Bind 250T Electric Binding System,Office Supplies,Binders,7,2,0.0667,105.00,f
2017-12-30,UnitedStates-West-Danville-California,Danville,California,West,OFF-EN-10001335,"White Business Envelopes with Contemporary Seam, Recycled White Business Envelopes",Office Supplies,Envelopes,8,2,0.0778,102.86,f
2017-12-30,UnitedStates-West-Danville-California,Danville,California,West,OFF-FA-10004838,"Super Bands, 12/Pack",Office Supplies,Fasteners,5,2,0.0333,150.00,f
2017-12-30,UnitedStates-West-Danville-California,Danville,California,West,OFF-ST-10001511,Space Solutions Commercial Steel Shelving,Office Supplies,Storage,7,2,0.0778,90.00,f
2017-12-30,UnitedStates-West-Denver-Colorado,Denver,Colorado,West,FUR-BO-10003546,Hon 4-Shelf Metal Bookcases,Furniture,Bookcases,4,2,0.0889,45.00,f
2017-12-30,UnitedStates-West-Denver-Colorado,Denver,Colorado,West,FUR-CH-10002335,Hon GuestStacker Chair,Furniture,Chairs,9,2,0.0556,162.00,f
2017-12-30,UnitedStates-West-Denver-Colorado,Denver,Colorado,West,FUR-FU-10001488,"Tenex 46"" x 60"" Computer Anti-Static Chairmat, Rectangular Shaped",Furniture,Furnishings,2,2,0.0667,30.00,t
2017-12-30,UnitedStates-West-Denver-Colorado,Denver,Colorado,West,OFF-AP-10000358,Fellowes Basic Home/Office Series Surge Protectors,Office Supplies,Appliances,4,2,0.0333,120.00,f
2017-12-30,UnitedStates-West-Denver-Colorado,Denver,Colorado,West,OFF-BI-10002764,Recycled Pressboard Report Cover with Reinforced Top Hinge,Office Supplies,Binders,8,2,0.0778,102.86,f
2017-12-30,UnitedStates-West-Denver-Colorado,Denver,Colorado,West,OFF-BI-10003707,Aluminum Screw Posts,Office Supplies,Binders,6,2,0.0889,67.50,f
2017-12-30,UnitedStates-West-Denver-Colorado,Denver,Colorado,West,OFF-PA-10004071,"Eaton Premium Continuous-Feed Paper, 25% Cotton, Letter Size, White, 1000 Shts/Box",Office Supplies,Paper,2,2,0.0222,90.00,t
2017-12-30,UnitedStates-West-Denver-Colorado,Denver,Colorado,West,OFF-ST-10003306,Letter Size Cart,Office Supplies,Storage,7,2,0.0111,630.00,f
2017-12-30,UnitedStates-West-Denver-Colorado,Denver,Colorado,West,TEC-AC-10001714,Logitech MX Performance Wireless Mouse,Technology,Accessories,0,2,0.0222,0.00,t
2017-12-30,UnitedStates-West-Denver-Colorado,Denver,Colorado,West,TEC-PH-10000213,Seidio BD2-HK3IPH5-BK DILEX Case and Holster Combo for Apple iPhone 5/5s - Black,Technology,Phones,2,2,0.0222,90.00,t
2017-12-30,UnitedStates-West-Denver-Colorado,Denver,Colorado,West,TEC-PH-10000586,AT&T SB67148 SynJ,Technology,Phones,8,2,0.0222,360.00,f
2017-12-30,UnitedStates-West-Denver-Colorado,Denver,Colorado,West,TEC-PH-10001254,Jabra BIZ 2300 Duo QD Duo Corded Headset,Technology,Phones,7,2,0.0444,157.50,f
2017-12-30,UnitedStates-West-Denver-Colorado,Denver,Colorado,West,TEC-PH-10004833,Macally Suction Cup Mount,Technology,Phones,1,2,0.0667,15.00,t
2017-12-30,UnitedStates-West-Denver-Colorado,Denver,Colorado,West,TEC-PH-10004977,GE 30524EE4,Technology,Phones,6,2,0.0333,180.00,f
2017-12-30,UnitedStates-West-Dublin-California,Dublin,California,West,TEC-PH-10003442,Samsung Replacement EH64AVFWE Premium Headset,Technology,Phones,9,2,0.0556,162.00,f
2017-12-30,UnitedStates-West-Edmonds-Washington,Edmonds,Washington,West,FUR-FU-10004093,Hand-Finished Solid Wood Document Frame,Furniture,Furnishings,0,2,0.0222,0.00,t
2017-12-30,UnitedStates-West-Edmonds-Washington,Edmonds,Washington,West,OFF-FA-10000089,Acco Glide Clips,Office Supplies,Fasteners,5,2,0.0556,90.00,f
2017-12-30,UnitedStates-West-Encinitas-California,Encinitas,California,West,FUR-BO-10002206,"Bush Saratoga Collection 5-Shelf Bookcase, Hanover Cherry, *Special Order",Furniture,Bookcases,3,2,0.0111,270.00,f
2017-12-30,UnitedStates-West-Encinitas-California,Encinitas,California,West,OFF-BI-10003364,Binding Machine Supplies,Office Supplies,Binders,2,2,0.0222,90.00,t
2017-12-30,UnitedStates-West-Encinitas-California,Encinitas,California,West,TEC-AC-10003610,Logitech Illuminated - Keyboard,Technology,Accessories,2,2,0.0222,90.00,t
2017-12-30,UnitedStates-West-Escondido-California,Escondido,California,West,OFF-AR-10000255,Newell 328,Office Supplies,Art,2,2,0.0444,45.00,t
2017-12-30,UnitedStates-West-Everett-Washington,Everett,Washington,West,OFF-BI-10003314,Tuff Stuff Recycled Round Ring Binders,Office Supplies,Binders,1,2,0.0111,90.00,t
2017-12-30,UnitedStates-West-Fairfield-California,Fairfield,California,West,OFF-BI-10002103,"Cardinal Slant-D Ring Binder, Heavy Gauge Vinyl",Office Supplies,Binders,4,2,0.0222,180.00,f
2017-12-30,UnitedStates-West-Fairfield-California,Fairfield,California,West,OFF-BI-10004632,Ibico Hi-Tech Manual Binding System,Office Supplies,Binders,4,2,0.0222,180.00,f
2017-12-30,UnitedStates-West-Farmington-NewMexico,Farmington,New Mexico,West,TEC-AC-10003911,NETGEAR AC1750 Dual Band Gigabit Smart WiFi Router,Technology,Accessories,1,2,0.0111,90.00,t
2017-12-30,UnitedStates-West-FortCollins-Colorado,Fort Collins,Colorado,West,FUR-CH-10000749,Office Star - Ergonomic Mid Back Chair with 2-Way Adjustable Arms,Furniture,Chairs,3,2,0.0444,67.50,f
2017-12-30,UnitedStates-West-FortCollins-Colorado,Fort Collins,Colorado,West,OFF-BI-10000831,Storex Flexible Poly Binders with Double Pockets,Office Supplies,Binders,3,2,0.0444,67.50,f
2017-12-30,UnitedStates-West-Fresno-California,Fresno,California,West,OFF-ST-10002486,Eldon Shelf Savers Cubes and Bins,Office Supplies,Storage,8,2,0.0778,102.86,f
2017-12-30,UnitedStates-West-Glendale-Arizona,Glendale,Arizona,West,FUR-CH-10004875,Harbour Creations 67200 Series Stacking Chairs,Furniture,Chairs,1,2,0.0222,45.00,t
2017-12-30,UnitedStates-West-Glendale-Arizona,Glendale,Arizona,West,FUR-FU-10000305,"Tenex V2T-RE Standard Weight Series Chair Mat, 45"" x 53"", Lip 25"" x 12""",Furniture,Furnishings,7,2,0.0222,315.00,f
2017-12-30,UnitedStates-West-Glendale-Arizona,Glendale,Arizona,West,OFF-BI-10003984,Lock-Up Easel 'Spel-Binder',Office Supplies,Binders,4,2,0.0111,360.00,f
2017-12-30,UnitedStates-West-Glendale-Arizona,Glendale,Arizona,West,OFF-PA-10002160,Xerox 1978,Office Supplies,Paper,7,2,0.0556,126.00,f
2017-12-30,UnitedStates-West-Glendale-Arizona,Glendale,Arizona,West,TEC-AC-10001266,Memorex Micro Travel Drive 8 GB,Technology,Accessories,6,2,0.0444,135.00,f
2017-12-30,UnitedStates-West-Glendale-Arizona,Glendale,Arizona,West,TEC-PH-10000347,Cush Cases Heavy Duty Rugged Cover Case for Samsung Galaxy S5 - Purple,Technology,Phones,3,2,0.0222,135.00,f
2017-12-30,UnitedStates-West-Glendale-Arizona,Glendale,Arizona,West,TEC-PH-10001459,Samsung Galaxy Mega 6.3,Technology,Phones,4,2,0.0222,180.00,f
2017-12-30,UnitedStates-West-Hillsboro-Oregon,Hillsboro,Oregon,West,OFF-BI-10002813,Avery Reinforcements for Hole-Punch Pages,Office Supplies,Binders,5,2,0.0778,64.29,f
2017-12-30,UnitedStates-West-Hillsboro-Oregon,Hillsboro,Oregon,West,OFF-PA-10003205,"Wirebound Message Forms, Four 2 3/4 x 5 Forms per Page, Pink Paper",Office Supplies,Paper,0,2,0.0333,0.00,t
2017-12-30,UnitedStates-West-Inglewood-California,Inglewood,California,West,FUR-FU-10002703,"Tenex Traditional Chairmats for Hard Floors, Average Lip, 36"" x 48""",Furniture,Furnishings,2,2,0.0222,90.00,t
2017-12-30,UnitedStates-West-Inglewood-California,Inglewood,California,West,OFF-AP-10000027,Hoover Commercial SteamVac,Office Supplies,Appliances,4,2,0.0444,90.00,f
2017-12-30,UnitedStates-West-Inglewood-California,Inglewood,California,West,OFF-PA-10003651,Xerox 1968,Office Supplies,Paper,5,2,0.1000,50.00,f
2017-12-30,UnitedStates-West-Inglewood-California,Inglewood,California,West,OFF-PA-10004569,"Wirebound Message Books, Two 4 1/4"" x 5"" Forms per Page",Office Supplies,Paper,1,2,0.0333,30.00,t
2017-12-30,UnitedStates-West-Inglewood-California,Inglewood,California,West,OFF-ST-10003327,Akro-Mils 12-Gallon Tote,Office Supplies,Storage,7,2,0.0333,210.00,f
2017-12-30,UnitedStates-West-Inglewood-California,Inglewood,California,West,TEC-PH-10000675,Panasonic KX TS3282B Corded phone,Technology,Phones,4,2,0.0333,120.00,f
2017-12-30,UnitedStates-West-LagunaNiguel-California,Laguna Niguel,California,West,OFF-PA-10002377,Xerox 1916,Office Supplies,Paper,5,2,0.0667,75.00,f
2017-12-30,UnitedStates-West-LagunaNiguel-California,Laguna Niguel,California,West,TEC-PH-10004071,PayAnywhere Card Reader,Technology,Phones,8,2,0.0556,144.00,f
2017-12-30,UnitedStates-West-LasCruces-NewMexico,Las Cruces,New Mexico,West,FUR-FU-10000629,9-3/4 Diameter Round Wall Clock,Furniture,Furnishings,2,2,0.0333,60.00,t
2017-12-30,UnitedStates-West-LongBeach-California,Long Beach,California,West,FUR-CH-10003968,Novimex Turbo Task Chair,Furniture,Chairs,3,2,0.0667,45.00,f
2017-12-30,UnitedStates-West-Longview-Washington,Longview,Washington,West,OFF-AP-10004708,Fellowes Superior 10 Outlet Split Surge Protector,Office Supplies,Appliances,7,2,0.0222,315.00,f
2017-12-30,UnitedStates-West-Longview-Washington,Longview,Washington,West,OFF-FA-10003495,Staples,Office Supplies,Fasteners,6,2,0.0333,180.00,f
2017-12-30,UnitedStates-West-LosAngeles-California,Los Angeles,California,West,FUR-CH-10001714,"Global Leather & Oak Executive Chair, Burgundy",Furniture,Chairs,4,2,0.0222,180.00,f
2017-12-30,UnitedStates-West-LosAngeles-California,Los Angeles,California,West,FUR-CH-10002880,"Global High-Back Leather Tilter, Burgundy",Furniture,Chairs,3,2,0.0444,67.50,f
2017-12-30,UnitedStates-West-LosAngeles-California,Los Angeles,California,West,FUR-FU-10000732,Eldon 200 Class Desk Accessories,Furniture,Furnishings,0,2,0.0333,0.00,t
2017-12-30,UnitedStates-West-LosAngeles-California,Los Angeles,California,West,FUR-FU-10001424,Dax Clear Box Frame,Furniture,Furnishings,1,2,0.0556,18.00,t
2017-12-30,UnitedStates-West-LosAngeles-California,Los Angeles,California,West,FUR-FU-10001847,Eldon Image Series Black Desk Accessories,Furniture,Furnishings,2,2,0.0333,60.00,t
2017-12-30,UnitedStates-West-LosAngeles-California,Los Angeles,California,West,FUR-FU-10002685,"Executive Impressions 13-1/2"" Indoor/Outdoor Wall Clock",Furniture,Furnishings,6,2,0.0111,540.00,f
2017-12-30,UnitedStates-West-LosAngeles-California,Los Angeles,California,West,FUR-FU-10003268,Eldon Radial Chair Mat for Low to Medium Pile Carpets,Furniture,Furnishings,6,2,0.0333,180.00,f
2017-12-30,UnitedStates-West-LosAngeles-California,Los Angeles,California,West,FUR-TA-10000617,"Hon Practical Foundations 30 x 60 Training Table, Light Gray/Charcoal",Furniture,Tables,4,2,0.0222,180.00,f
2017-12-30,UnitedStates-West-LosAngeles-California,Los Angeles,California,West,FUR-TA-10001539,Chromcraft Rectangular Conference Tables,Furniture,Tables,6,2,0.0111,540.00,f
2017-12-30,UnitedStates-West-LosAngeles-California,Los Angeles,California,West,FUR-TA-10001676,Hon 61000 Series Interactive Training Tables,Furniture,Tables,2,2,0.0222,90.00,t
2017-12-30,UnitedStates-West-LosAngeles-California,Los Angeles,California,West,FUR-TA-10001705,Bush Advantage Collection Round Conference Table,Furniture,Tables,2,2,0.0333,60.00,t
2017-12-30,UnitedStates-West-LosAngeles-California,Los Angeles,California,West,FUR-TA-10003748,Bevis 36 x 72 Conference Tables,Furniture,Tables,4,2,0.1000,40.00,f
2017-12-30,UnitedStates-West-LosAngeles-California,Los Angeles,California,West,OFF-AP-10001394,Harmony Air Purifier,Office Supplies,Appliances,7,2,0.0111,630.00,f
2017-12-30,UnitedStates-West-LosAngeles-California,Los Angeles,California,West,OFF-AP-10002765,Fellowes Advanced Computer Series Surge Protectors,Office Supplies,Appliances,5,2,0.0333,150.00,f
2017-12-30,UnitedStates-West-LosAngeles-California,Los Angeles,California,West,OFF-AP-10003040,Fellowes 8 Outlet Superior Workstation Surge Protector w/o Phone/Fax/Modem Protection,Office Supplies,Appliances,8,2,0.0556,144.00,f
2017-12-30,UnitedStates-West-LosAngeles-California,Los Angeles,California,West,OFF-AP-10003971,Belkin 6 Outlet Metallic Surge Strip,Office Supplies,Appliances,1,2,0.0111,90.00,t
2017-12-30,UnitedStates-West-LosAngeles-California,Los Angeles,California,West,OFF-AR-10000122,Newell 314,Office Supplies,Art,7,2,0.0222,315.00,f
2017-12-30,UnitedStates-West-LosAngeles-California,Los Angeles,California,West,OFF-AR-10000940,Newell 343,Office Supplies,Art,1,2,0.0222,45.00,t
2017-12-30,UnitedStates-West-LosAngeles-California,Los Angeles,California,West,OFF-AR-10001022,SANFORD Liquid Accent Tank-Style Highlighters,Office Supplies,Art,2,2,0.0222,90.00,t
2017-12-30,UnitedStates-West-LosAngeles-California,Los Angeles,California,West,OFF-AR-10001246,Newell 317,Office Supplies,Art,4,2,0.0222,180.00,f
2017-12-30,UnitedStates-West-LosAngeles-California,Los Angeles,California,West,OFF-AR-10001868,Prang Dustless Chalk Sticks,Office Supplies,Art,1,2,0.0667,15.00,t
2017-12-30,UnitedStates-West-LosAngeles-California,Los Angeles,California,West,OFF-AR-10003504,Newell 347,Office Supplies,Art,7,2,0.0889,78.75,f
2017-12-30,UnitedStates-West-LosAngeles-California,Los Angeles,California,West,OFF-AR-10003811,Newell 327,Office Supplies,Art,9,2,0.0667,135.00,f
2017-12-30,UnitedStates-West-LosAngeles-California,Los Angeles,California,West,OFF-BI-10000320,GBC Plastic Binding Combs,Office Supplies,Binders,5,2,0.0222,225.00,f
2017-12-30,UnitedStates-West-LosAngeles-California,Los Angeles,California,West,OFF-BI-10000632,Satellite Sectional Post Binders,Office Supplies,Binders,3,2,0.0222,135.00,f
2017-12-30,UnitedStates-West-LosAngeles-California,Los Angeles,California,West,OFF-BI-10000977,Ibico Plastic Spiral Binding Combs,Office Supplies,Binders,1,2,0.0556,18.00,t
2017-12-30,UnitedStates-West-LosAngeles-California,Los Angeles,California,West,OFF-BI-10001670,Vinyl Sectional Post Binders,Office Supplies,Binders,5,2,0.0333,150.00,f
2017-12-30,UnitedStates-West-LosAngeles-California,Los Angeles,California,West,OFF-BI-10001718,GBC DocuBind P50 Personal Binding Machine,Office Supplies,Binders,5,2,0.0333,150.00,f
2017-12-30,UnitedStates-West-LosAngeles-California,Los Angeles,California,West,OFF-BI-10001989,Premium Transparent Presentation Covers by GBC,Office Supplies,Binders,9,2,0.0778,115.71,f
2017-12-30,UnitedStates-West-LosAngeles-California,Los Angeles,California,West,OFF-BI-10002854,"Performers Binder/Pad Holder, Black",Office Supplies,Binders,6,2,0.0556,108.00,f
2017-12-30,UnitedStates-West-LosAngeles-California,Los Angeles,California,West,OFF-BI-10003429,"Cardinal HOLDit! Binder Insert Strips,Extra Strips",Office Supplies,Binders,1,2,0.0222,45.00,t
2017-12-30,UnitedStates-West-LosAngeles-California,Los Angeles,California,West,OFF-BI-10003460,Acco 3-Hole Punch,Office Supplies,Binders,2,2,0.0444,45.00,t
2017-12-30,UnitedStates-West-LosAngeles-California,Los Angeles,California,West,OFF-BI-10004187,3-ring staple pack,Office Supplies,Binders,7,2,0.0667,105.00,f
2017-12-30,UnitedStates-West-LosAngeles-California,Los Angeles,California,West,OFF-EN-10001219,"#10- 4 1/8"" x 9 1/2"" Security-Tint Envelopes",Office Supplies,Envelopes,2,2,0.0222,90.00,t
2017-12-30,UnitedStates-West-LosAngeles-California,Los Angeles,California,West,OFF-PA-10000289,Xerox 213,Office Supplies,Paper,8,2,0.0556,144.00,f
2017-12-30,UnitedStates-West-LosAngeles-California,Los Angeles,California,West,OFF-PA-10000520,Xerox 201,Office Supplies,Paper,1,2,0.0333,30.00,t
2017-12-30,UnitedStates-West-LosAngeles-California,Los Angeles,California,West,OFF-PA-10000675,Xerox 1919,Office Supplies,Paper,7,2,0.0556,126.00,f
2017-12-30,UnitedStates-West-LosAngeles-California,Los Angeles,California,West,OFF-PA-10001745,"Wirebound Message Books, 2 7/8"" x 5"", 3 Forms per Page",Office Supplies,Paper,8,2,0.0556,144.00,f
2017-12-30,UnitedStates-West-LosAngeles-California,Los Angeles,California,West,OFF-PA-10001838,"Adams Telephone Message Book W/Dividers/Space For Phone Numbers, 5 1/4""X8 1/2"", 300/Messages",Office Supplies,Paper,3,2,0.0222,135.00,f
2017-12-30,UnitedStates-West-LosAngeles-California,Los Angeles,California,West,OFF-PA-10001846,Xerox 1899,Office Supplies,Paper,1,2,0.0222,45.00,t
2017-12-30,UnitedStates-West-LosAngeles-California,Los Angeles,California,West,OFF-PA-10002986,Xerox 1898,Office Supplies,Paper,7,2,0.0222,315.00,f
2017-12-30,UnitedStates-West-LosAngeles-California,Los Angeles,California,West,OFF-PA-10003172,Xerox 1996,Office Supplies,Paper,2,2,0.0222,90.00,t
2017-12-30,UnitedStates-West-LosAngeles-California,Los Angeles,California,West,OFF-PA-10003724,"Wirebound Message Book, 4 per Page",Office Supplies,Paper,5,2,0.0222,225.00,f
2017-12-30,UnitedStates-West-LosAngeles-California,Los Angeles,California,West,OFF-PA-10004735,Xerox 1905,Office Supplies,Paper,10,2,0.0778,128.57,f
2017-12-30,UnitedStates-West-LosAngeles-California,Los Angeles,California,West,OFF-ST-10000675,"File Shuttle II and Handi-File, Black",Office Supplies,Storage,7,2,0.1000,70.00,f
2017-12-30,UnitedStates-West-LosAngeles-California,Los Angeles,California,West,OFF-ST-10002289,"Safco Wire Cube Shelving System, For Use as 4 or 5 14"" Cubes, Black",Office Supplies,Storage,1,2,0.0556,18.00,t
2017-12-30,UnitedStates-West-LosAngeles-California,Los Angeles,California,West,OFF-ST-10002756,"Tennsco Stur-D-Stor Boltless Shelving, 5 Shelves, 24"" Deep, Sand",Office Supplies,Storage,6,2,0.0222,270.00,f
2017-12-30,UnitedStates-West-LosAngeles-California,Los Angeles,California,West,OFF-ST-10003716,Tennsco Double-Tier Lockers,Office Supplies,Storage,2,2,0.0778,25.71,t
2017-12-30,UnitedStates-West-LosAngeles-California,Los Angeles,California,West,TEC-AC-10000474,Kensington Expert Mouse Optical USB Trackball for PC or Mac,Technology,Accessories,6,2,0.0556,108.00,f
2017-12-30,UnitedStates-West-LosAngeles-California,Los Angeles,California,West,TEC-AC-10001465,SanDisk Cruzer 64 GB USB Flash Drive,Technology,Accessories,10,2,0.1333,75.00,f
2017-12-30,UnitedStates-West-LosAngeles-California,Los Angeles,California,West,TEC-AC-10002049,Logitech G19 Programmable Gaming Keyboard,Technology,Accessories,6,2,0.1000,60.00,f
2017-12-30,UnitedStates-West-LosAngeles-California,Los Angeles,California,West,TEC-CO-10001449,Hewlett Packard LaserJet 3310 Copier,Technology,Copiers,5,2,0.0667,75.00,f
2017-12-30,UnitedStates-West-LosAngeles-California,Los Angeles,California,West,TEC-PH-10000702,"Square Credit Card Reader, 4 1/2"" x 4 1/2"" x 1"", White",Technology,Phones,3,2,0.1111,27.00,f
2017-12-30,UnitedStates-West-LosAngeles-California,Los Angeles,California,West,TEC-PH-10002496,Cisco SPA301,Technology,Phones,8,2,0.0333,240.00,f
2017-12-30,UnitedStates-West-LosAngeles-California,Los Angeles,California,West,TEC-PH-10002563,Adtran 1202752G1,Technology,Phones,2,2,0.0333,60.00,t
2017-12-30,UnitedStates-West-LosAngeles-California,Los Angeles,California,West,TEC-PH-10003555,Motorola HK250 Universal Bluetooth Headset,Technology,Phones,4,2,0.0778,51.43,f
2017-12-30,UnitedStates-West-LosAngeles-California,Los Angeles,California,West,TEC-PH-10004100,Griffin GC17055 Auxiliary Audio Cable,Technology,Phones,6,2,0.1000,60.00,f
2017-12-30,UnitedStates-West-Loveland-Colorado,Loveland,Colorado,West,OFF-BI-10002813,Avery Reinforcements for Hole-Punch Pages,Office Supplies,Binders,5,2,0.0222,225.00,f
2017-12-30,UnitedStates-West-Loveland-Colorado,Loveland,Colorado,West,OFF-FA-10003472,Bagged Rubber Bands,Office Supplies,Fasteners,4,2,0.0333,120.00,f
2017-12-30,UnitedStates-West-Meridian-Idaho,Meridian,Idaho,West,FUR-FU-10003247,36X48 HARDFLOOR CHAIRMAT,Furniture,Furnishings,5,2,0.0222,225.00,f
2017-12-30,UnitedStates-West-Meridian-Idaho,Meridian,Idaho,West,OFF-AP-10004336,"Conquest 14 Commercial Heavy-Duty Upright Vacuum, Collection System, Accessory Kit",Office Supplies,Appliances,5,2,0.0444,112.50,f
2017-12-30,UnitedStates-West-Meridian-Idaho,Meridian,Idaho,West,OFF-BI-10001679,GBC Instant Index System for Binding Systems,Office Supplies,Binders,7,2,0.0333,210.00,f
2017-12-30,UnitedStates-West-Meridian-Idaho,Meridian,Idaho,West,OFF-PA-10001295,Computer Printout Paper with Letter-Trim Perforations,Office Supplies,Paper,3,2,0.0222,135.00,f
2017-12-30,UnitedStates-West-Mesa-Arizona,Mesa,Arizona,West,FUR-TA-10003008,"Lesro Round Back Collection Coffee Table, End Table",Furniture,Tables,7,2,0.0222,315.00,f
2017-12-30,UnitedStates-West-Mesa-Arizona,Mesa,Arizona,West,OFF-BI-10004230,GBC Recycled Grain Textured Covers,Office Supplies,Binders,6,2,0.0222,270.00,f
2017-12-30,UnitedStates-West-Mesa-Arizona,Mesa,Arizona,West,OFF-PA-10004039,Xerox 1882,Office Supplies,Paper,7,2,0.0111,630.00,f
2017-12-30,UnitedStates-West-Mesa-Arizona,Mesa,Arizona,West,OFF-ST-10000060,Fellowes Bankers Box Staxonsteel Drawer File/Stacking System,Office Supplies,Storage,8,2,0.0889,90.00,f
2017-12-30,UnitedStates-West-Modesto-California,Modesto,California,West,TEC-AC-10001772,Memorex Mini Travel Drive 16 GB USB 2.0 Flash Drive,Technology,Accessories,7,2,0.0778,90.00,f
2017-12-30,UnitedStates-West-Modesto-California,Modesto,California,West,TEC-PH-10001700,Panasonic KX-TG6844B Expandable Digital Cordless Telephone,Technology,Phones,1,2,0.0111,90.00,t
2017-12-30,UnitedStates-West-NorthLasVegas-Nevada,North Las Vegas,Nevada,West,FUR-TA-10004256,Bretford “Just In Time” Height-Adjustable Multi-Task Work Tables,Furniture,Tables,7,2,0.0444,157.50,f
2017-12-30,UnitedStates-West-Oakland-California,Oakland,California,West,FUR-CH-10004983,Office Star - Mid Back Dual function Ergonomic High Back Chair with 2-Way Adjustable Arms,Furniture,Chairs,8,2,0.1000,80.00,f
2017-12-30,UnitedStates-West-Oakland-California,Oakland,California,West,FUR-FU-10001918,C-Line Cubicle Keepers Polyproplyene Holder With Velcro Backings,Furniture,Furnishings,3,2,0.0222,135.00,f
2017-12-30,UnitedStates-West-Oakland-California,Oakland,California,West,OFF-AR-10004022,Panasonic KP-380BK Classic Electric Pencil Sharpener,Office Supplies,Art,6,2,0.0556,108.00,f
2017-12-30,UnitedStates-West-Oakland-California,Oakland,California,West,OFF-ST-10003306,Letter Size Cart,Office Supplies,Storage,4,2,0.0778,51.43,f
2017-12-30,UnitedStates-West-Oakland-California,Oakland,California,West,TEC-PH-10001448,Anker Astro 15000mAh USB Portable Charger,Technology,Phones,4,2,0.0111,360.00,f
2017-12-30,UnitedStates-West-Oceanside-California,Oceanside,California,West,FUR-CH-10002774,"Global Deluxe Stacking Chair, Gray",Furniture,Chairs,7,2,0.0222,315.00,f
2017-12-30,UnitedStates-West-Oceanside-California,Oceanside,California,West,FUR-CH-10003817,"Global Value Steno Chair, Gray",Furniture,Chairs,2,2,0.0222,90.00,t
2017-12-30,UnitedStates-West-Oceanside-California,Oceanside,California,West,FUR-FU-10000023,Eldon Wave Desk Accessories,Furniture,Furnishings,5,2,0.0889,56.25,f
2017-12-30,UnitedStates-West-Oceanside-California,Oceanside,California,West,FUR-FU-10002445,"DAX Two-Tone Rosewood/Black Document Frame, Desktop, 5 x 7",Furniture,Furnishings,7,2,0.0222,315.00,f
2017-12-30,UnitedStates-West-Oceanside-California,Oceanside,California,West,OFF-BI-10002949,Prestige Round Ring Binders,Office Supplies,Binders,4,2,0.0556,72.00,f
2017-12-30,UnitedStates-West-Ontario-California,Ontario,California,West,FUR-CH-10003956,Novimex High-Tech Fabric Mesh Task Chair,Furniture,Chairs,9,2,0.0556,162.00,f
2017-12-30,UnitedStates-West-Orem-Utah,Orem,Utah,West,OFF-AR-10001761,Avery Hi-Liter Smear-Safe Highlighters,Office Supplies,Art,0,2,0.0222,0.00,t
2017-12-30,UnitedStates-West-Oxnard-California,Oxnard,California,West,TEC-AC-10000682,Kensington K72356US Mouse-in-a-Box USB Desktop Mouse,Technology,Accessories,5,2,0.0556,90.00,f
2017-12-30,UnitedStates-West-Parker-Colorado,Parker,Colorado,West,FUR-BO-10000468,O'Sullivan 2-Shelf Heavy-Duty Bookcases,Furniture,Bookcases,7,2,0.0778,90.00,f
2017-12-30,UnitedStates-West-Parker-Colorado,Parker,Colorado,West,FUR-FU-10000320,OIC Stacking Trays,Furniture,Furnishings,9,2,0.0556,162.00,f
2017-12-30,UnitedStates-West-Parker-Colorado,Parker,Colorado,West,OFF-ST-10002554,Tennsco Industrial Shelving,Office Supplies,Storage,2,2,0.0222,90.00,t
2017-12-30,UnitedStates-West-Pasadena-California,Pasadena,California,West,FUR-TA-10001520,"Lesro Sheffield Collection Coffee Table, End Table, Center Table, Corner Table",Furniture,Tables,8,2,0.0333,240.00,f
2017-12-30,UnitedStates-West-Pasadena-California,Pasadena,California,West,OFF-AP-10001492,"Acco Six-Outlet Power Strip, 4' Cord Length",Office Supplies,Appliances,3,2,0.0111,270.00,f
2017-12-30,UnitedStates-West-Pasadena-California,Pasadena,California,West,OFF-AR-10003856,Newell 344,Office Supplies,Art,2,2,0.0222,90.00,t
2017-12-30,UnitedStates-West-Pasadena-California,Pasadena,California,West,OFF-FA-10004248,Advantus T-Pin Paper Clips,Office Supplies,Fasteners,3,2,0.0222,135.00,f
2017-12-30,UnitedStates-West-Pasadena-California,Pasadena,California,West,OFF-ST-10003442,Eldon Portable Mobile Manager,Office Supplies,Storage,6,2,0.0222,270.00,f
2017-12-30,UnitedStates-West-Pasadena-California,Pasadena,California,West,TEC-PH-10004165,Mitel MiVoice 5330e IP Phone,Technology,Phones,6,2,0.0333,180.00,f
2017-12-30,UnitedStates-West-Pasco-Washington,Pasco,Washington,West,OFF-AP-10004540,"Eureka The Boss Lite 10-Amp Upright Vacuum, Blue",Office Supplies,Appliances,3,2,0.0556,54.00,f
2017-12-30,UnitedStates-West-Pasco-Washington,Pasco,Washington,West,OFF-BI-10001543,GBC VeloBinder Manual Binding System,Office Supplies,Binders,0,2,0.0111,0.00,t
2017-12-30,UnitedStates-West-Peoria-Arizona,Peoria,Arizona,West,OFF-BI-10001670,Vinyl Sectional Post Binders,Office Supplies,Binders,8,2,0.0667,120.00,f
2017-12-30,UnitedStates-West-Phoenix-Arizona,Phoenix,Arizona,West,OFF-BI-10000279,"Acco Recycled 2"" Capacity Laser Printer Hanging Data Binders",Office Supplies,Binders,1,2,0.0333,30.00,t
2017-12-30,UnitedStates-West-Phoenix-Arizona,Phoenix,Arizona,West,OFF-BI-10003274,"Avery Durable Slant Ring Binders, No Labels",Office Supplies,Binders,1,2,0.0222,45.00,t
2017-12-30,UnitedStates-West-Phoenix-Arizona,Phoenix,Arizona,West,OFF-PA-10004359,Multicolor Computer Printout Paper,Office Supplies,Paper,5,2,0.0556,90.00,f
2017-12-30,UnitedStates-West-Phoenix-Arizona,Phoenix,Arizona,West,OFF-ST-10002974,"Trav-L-File Heavy-Duty Shuttle II, Black",Office Supplies,Storage,4,2,0.0778,51.43,f
2017-12-30,UnitedStates-West-Portland-Oregon,Portland,Oregon,West,OFF-BI-10004738,Flexible Leather- Look Classic Collection Ring Binder,Office Supplies,Binders,4,2,0.0111,360.00,f
2017-12-30,UnitedStates-West-Redmond-Oregon,Redmond,Oregon,West,FUR-TA-10002607,KI Conference Tables,Furniture,Tables,8,2,0.0556,144.00,f
2017-12-30,UnitedStates-West-Renton-Washington,Renton,Washington,West,OFF-BI-10001670,Vinyl Sectional Post Binders,Office Supplies,Binders,2,2,0.0556,36.00,t
2017-12-30,UnitedStates-West-Renton-Washington,Renton,Washington,West,OFF-PA-10003797,Xerox 209,Office Supplies,Paper,4,2,0.0889,45.00,f
2017-12-30,UnitedStates-West-Renton-Washington,Renton,Washington,West,TEC-MA-10002073,"3D Systems Cube Printer, 2nd Generation, White",Technology,Machines,4,2,0.0111,360.00,f
2017-12-30,UnitedStates-West-Riverside-California,Riverside,California,West,OFF-AR-10002221,12 Colored Short Pencils,Office Supplies,Art,7,2,0.0333,210.00,f
2017-12-30,UnitedStates-West-Roseville-California,Roseville,California,West,FUR-FU-10001196,DAX Cubicle Frames - 8x10,Furniture,Furnishings,5,2,0.0333,150.00,f
2017-12-30,UnitedStates-West-Sacramento-California,Sacramento,California,West,OFF-BI-10003527,Fellowes PB500 Electric Punch Plastic Comb Binding Machine with Manual Bind,Office Supplies,Binders,5,2,0.0556,90.00,f
2017-12-30,UnitedStates-West-Sacramento-California,Sacramento,California,West,TEC-AC-10002335,Logitech Media Keyboard K200,Technology,Accessories,6,2,0.0667,90.00,f
2017-12-30,UnitedStates-West-Sacramento-California,Sacramento,California,West,TEC-PH-10003187,Anker Astro Mini 3000mAh Ultra-Compact Portable Charger,Technology,Phones,8,2,0.0222,360.00,f
2017-12-30,UnitedStates-West-Salinas-California,Salinas,California,West,FUR-BO-10001519,O'Sullivan 3-Shelf Heavy-Duty Bookcases,Furniture,Bookcases,4,2,0.0333,120.00,f
2017-12-30,UnitedStates-West-SaltLakeCity-Utah,Salt Lake City,Utah,West,OFF-PA-10001800,Xerox 220,Office Supplies,Paper,7,2,0.0333,210.00,f
2017-12-30,UnitedStates-West-SanDiego-California,San Diego,California,West,FUR-CH-10004675,"Lifetime Advantage Folding Chairs, 4/Carton",Furniture,Chairs,7,2,0.0333,210.00,f
2017-12-30,UnitedStates-West-SanDiego-California,San Diego,California,West,FUR-FU-10004963,"Eldon 400 Class Desk Accessories, Black Carbon",Furniture,Furnishings,3,2,0.0333,90.00,f
2017-12-30,UnitedStates-West-SanDiego-California,San Diego,California,West,FUR-TA-10001095,Chromcraft Round Conference Tables,Furniture,Tables,2,2,0.1333,15.00,t
2017-12-30,UnitedStates-West-SanDiego-California,San Diego,California,West,OFF-AR-10001770,Economy #2 Pencils,Office Supplies,Art,7,2,0.0444,157.50,f
2017-12-30,UnitedStates-West-SanDiego-California,San Diego,California,West,OFF-BI-10000174,"Wilson Jones Clip & Carry Folder Binder Tool for Ring Binders, Clear",Office Supplies,Binders,7,2,0.1556,45.00,f
2017-12-30,UnitedStates-West-SanDiego-California,San Diego,California,West,OFF-BI-10001097,Avery Hole Reinforcements,Office Supplies,Binders,4,2,0.0444,90.00,f
2017-12-30,UnitedStates-West-SanDiego-California,San Diego,California,West,OFF-BI-10001597,"Wilson Jones Ledger-Size, Piano-Hinge Binder, 2"", Blue",Office Supplies,Binders,2,2,0.0222,90.00,t
2017-12-30,UnitedStates-West-SanDiego-California,San Diego,California,West,OFF-EN-10000461,"#10- 4 1/8"" x 9 1/2"" Recycled Envelopes",Office Supplies,Envelopes,5,2,0.0556,90.00,f
2017-12-30,UnitedStates-West-SanDiego-California,San Diego,California,West,OFF-LA-10001074,Round Specialty Laser Printer Labels,Office Supplies,Labels,4,2,0.0556,72.00,f
2017-12-30,UnitedStates-West-SanDiego-California,San Diego,California,West,OFF-PA-10000357,"White Dual Perf Computer Printout Paper, 2700 Sheets, 1 Part, Heavyweight, 20 lbs., 14 7/8 x 11",Office Supplies,Paper,6,2,0.0333,180.00,f
2017-12-30,UnitedStates-West-SanDiego-California,San Diego,California,West,OFF-PA-10003039,Xerox 1960,Office Supplies,Paper,8,2,0.0333,240.00,f
2017-12-30,UnitedStates-West-SanDiego-California,San Diego,California,West,OFF-PA-10003172,Xerox 1996,Office Supplies,Paper,6,2,0.0222,270.00,f
2017-12-30,UnitedStates-West-SanDiego-California,San Diego,California,West,OFF-ST-10001963,Tennsco Regal Shelving Units,Office Supplies,Storage,10,2,0.0889,112.50,f
2017-12-30,UnitedStates-West-SanDiego-California,San Diego,California,West,OFF-ST-10002301,Tennsco Commercial Shelving,Office Supplies,Storage,0,2,0.0222,0.00,t
2017-12-30,UnitedStates-West-SanDiego-California,San Diego,California,West,TEC-AC-10002305,KeyTronic E03601U1 - Keyboard - Beige,Technology,Accessories,4,2,0.0222,180.00,f
2017-12-30,UnitedStates-West-SanDiego-California,San Diego,California,West,TEC-AC-10003610,Logitech Illuminated - Keyboard,Technology,Accessories,3,2,0.0444,67.50,f
2017-12-30,UnitedStates-West-SanDiego-California,San Diego,California,West,TEC-AC-10004469,Microsoft Sculpt Comfort Mouse,Technology,Accessories,8,2,0.0556,144.00,f
2017-12-30,UnitedStates-West-SanDiego-California,San Diego,California,West,TEC-PH-10001336,Digium D40 VoIP phone,Technology,Phones,5,2,0.0111,450.00,f
2017-12-30,UnitedStates-West-SanFrancisco-California,San Francisco,California,West,FUR-BO-10001972,O'Sullivan 4-Shelf Bookcase in Odessa Pine,Furniture,Bookcases,5,2,0.1444,34.62,f
2017-12-30,UnitedStates-West-SanFrancisco-California,San Francisco,California,West,FUR-BO-10002213,DMI Eclipse Executive Suite Bookcases,Furniture,Bookcases,5,2,0.0333,150.00,f
2017-12-30,UnitedStates-West-SanFrancisco-California,San Francisco,California,West,FUR-BO-10003034,"O'Sullivan Elevations Bookcase, Cherry Finish",Furniture,Bookcases,5,2,0.0556,90.00,f
2017-12-30,UnitedStates-West-SanFrancisco-California,San Francisco,California,West,FUR-BO-10003965,O'Sullivan Manor Hill 2-Door Library in Brianna Oak,Furniture,Bookcases,3,2,0.0222,135.00,f
2017-12-30,UnitedStates-West-SanFrancisco-California,San Francisco,California,West,FUR-CH-10002965,"Global Leather Highback Executive Chair with Pneumatic Height Adjustment, Black",Furniture,Chairs,4,2,0.0222,180.00,f
2017-12-30,UnitedStates-West-SanFrancisco-California,San Francisco,California,West,FUR-CH-10003061,"Global Leather Task Chair, Black",Furniture,Chairs,0,2,0.0111,0.00,t
2017-12-30,UnitedStates-West-SanFrancisco-California,San Francisco,California,West,FUR-CH-10003956,Novimex High-Tech Fabric Mesh Task Chair,Furniture,Chairs,3,2,0.0222,135.00,f
2017-12-30,UnitedStates-West-SanFrancisco-California,San Francisco,California,West,FUR-FU-10001424,Dax Clear Box Frame,Furniture,Furnishings,3,2,0.0222,135.00,f
2017-12-30,UnitedStates-West-SanFrancisco-California,San Francisco,California,West,FUR-FU-10001473,DAX Wood Document Frame,Furniture,Furnishings,9,2,0.0889,101.25,f
2017-12-30,UnitedStates-West-SanFrancisco-California,San Francisco,California,West,FUR-FU-10003347,Coloredge Poster Frame,Furniture,Furnishings,7,2,0.0333,210.00,f
2017-12-30,UnitedStates-West-SanFrancisco-California,San Francisco,California,West,FUR-FU-10003489,Contemporary Borderless Frame,Furniture,Furnishings,6,2,0.0333,180.00,f
2017-12-30,UnitedStates-West-SanFrancisco-California,San Francisco,California,West,FUR-FU-10003878,"Linden 10"" Round Wall Clock, Black",Furniture,Furnishings,0,2,0.0222,0.00,t
2017-12-30,UnitedStates-West-SanFrancisco-California,San Francisco,California,West,FUR-TA-10002041,"Bevis Round Conference Table Top, X-Base",Furniture,Tables,7,2,0.0778,90.00,f
2017-12-30,UnitedStates-West-SanFrancisco-California,San Francisco,California,West,FUR-TA-10003837,Anderson Hickey Conga Table Tops & Accessories,Furniture,Tables,4,2,0.0222,180.00,f
2017-12-30,UnitedStates-West-SanFrancisco-California,San Francisco,California,West,OFF-AP-10002670,Belkin 8-Outlet Premiere SurgeMaster II Surge Protectors,Office Supplies,Appliances,3,2,0.0111,270.00,f
2017-12-30,UnitedStates-West-SanFrancisco-California,San Francisco,California,West,OFF-AP-10002684,"Acco 7-Outlet Masterpiece Power Center, Wihtout Fax/Phone Line Protection",Office Supplies,Appliances,9,2,0.1556,57.86,f
2017-12-30,UnitedStates-West-SanFrancisco-California,San Francisco,California,West,OFF-AR-10001118,"Binney & Smith Crayola Metallic Crayons, 16-Color Pack",Office Supplies,Art,7,2,0.0444,157.50,f
2017-12-30,UnitedStates-West-SanFrancisco-California,San Francisco,California,West,OFF-AR-10001860,BIC Liqua Brite Liner,Office Supplies,Art,0,2,0.0444,0.00,t
2017-12-30,UnitedStates-West-SanFrancisco-California,San Francisco,California,West,OFF-AR-10002335,DIXON Oriole Pencils,Office Supplies,Art,2,2,0.0222,90.00,t
2017-12-30,UnitedStates-West-SanFrancisco-California,San Francisco,California,West,OFF-AR-10002578,Newell 335,Office Supplies,Art,5,2,0.0222,225.00,f
2017-12-30,UnitedStates-West-SanFrancisco-California,San Francisco,California,West,OFF-AR-10002818,Panasonic KP-310 Heavy-Duty Electric Pencil Sharpener,Office Supplies,Art,5,2,0.0444,112.50,f
2017-12-30,UnitedStates-West-SanFrancisco-California,San Francisco,California,West,OFF-AR-10003394,Newell 332,Office Supplies,Art,3,2,0.0444,67.50,f
2017-12-30,UnitedStates-West-SanFrancisco-California,San Francisco,California,West,OFF-AR-10003514,4009 Highlighters by Sanford,Office Supplies,Art,6,2,0.0556,108.00,f
2017-12-30,UnitedStates-West-SanFrancisco-California,San Francisco,California,West,OFF-BI-10000069,"GBC Prepunched Paper, 19-Hole, for Binding Systems, 24-lb",Office Supplies,Binders,7,2,0.0778,90.00,f
2017-12-30,UnitedStates-West-SanFrancisco-California,San Francisco,California,West,OFF-BI-10000605,"Acco Pressboard Covers with Storage Hooks, 9 1/2"" x 11"", Executive Red",Office Supplies,Binders,2,2,0.0556,36.00,t
2017-12-30,UnitedStates-West-SanFrancisco-California,San Francisco,California,West,OFF-BI-10001097,Avery Hole Reinforcements,Office Supplies,Binders,6,2,0.0444,135.00,f
2017-12-30,UnitedStates-West-SanFrancisco-California,San Francisco,California,West,OFF-BI-10001191,Canvas Sectional Post Binders,Office Supplies,Binders,8,2,0.0778,102.86,f
2017-12-30,UnitedStates-West-SanFrancisco-California,San Francisco,California,West,OFF-BI-10001510,Deluxe Heavy-Duty Vinyl Round Ring Binder,Office Supplies,Binders,8,2,0.0222,360.00,f
2017-12-30,UnitedStates-West-SanFrancisco-California,San Francisco,California,West,OFF-BI-10001670,Vinyl Sectional Post Binders,Office Supplies,Binders,3,2,0.0333,90.00,f
2017-12-30,UnitedStates-West-SanFrancisco-California,San Francisco,California,West,OFF-BI-10002571,"Avery Framed View Binder, EZD Ring (Locking), Navy, 1 1/2""",Office Supplies,Binders,3,2,0.0556,54.00,f
2017-12-30,UnitedStates-West-SanFrancisco-California,San Francisco,California,West,OFF-BI-10002854,"Performers Binder/Pad Holder, Black",Office Supplies,Binders,4,2,0.0111,360.00,f
2017-12-30,UnitedStates-West-SanFrancisco-California,San Francisco,California,West,OFF-BI-10002982,Avery Self-Adhesive Photo Pockets for Polaroid Photos,Office Supplies,Binders,6,2,0.0444,135.00,f
2017-12-30,UnitedStates-West-SanFrancisco-California,San Francisco,California,West,OFF-BI-10004826,JM Magazine Binder,Office Supplies,Binders,4,2,0.0333,120.00,f
2017-12-30,UnitedStates-West-SanFrancisco-California,San Francisco,California,West,OFF-EN-10002973,Ampad #10 Peel & Seel Holiday Envelopes,Office Supplies,Envelopes,7,2,0.0222,315.00,f
2017-12-30,UnitedStates-West-SanFrancisco-California,San Francisco,California,West,OFF-LA-10000414,Avery 503,Office Supplies,Labels,6,2,0.0444,135.00,f
2017-12-30,UnitedStates-West-SanFrancisco-California,San Francisco,California,West,OFF-LA-10001641,Avery 518,Office Supplies,Labels,3,2,0.1111,27.00,f
2017-12-30,UnitedStates-West-SanFrancisco-California,San Francisco,California,West,OFF-LA-10003077,Avery 500,Office Supplies,Labels,9,2,0.0667,135.00,f
2017-12-30,UnitedStates-West-SanFrancisco-California,San Francisco,California,West,OFF-LA-10003766,Self-Adhesive Removable Labels,Office Supplies,Labels,4,2,0.1000,40.00,f
2017-12-30,UnitedStates-West-SanFrancisco-California,San Francisco,California,West,OFF-LA-10004559,Avery 49,Office Supplies,Labels,4,2,0.0333,120.00,f
2017-12-30,UnitedStates-West-SanFrancisco-California,San Francisco,California,West,OFF-PA-10000143,Astroparche Fine Business Paper,Office Supplies,Paper,2,2,0.0556,36.00,t
2017-12-30,UnitedStates-West-SanFrancisco-California,San Francisco,California,West,OFF-PA-10000157,Xerox 191,Office Supplies,Paper,3,2,0.0333,90.00,f
2017-12-30,UnitedStates-West-SanFrancisco-California,San Francisco,California,West,OFF-PA-10000232,Xerox 1975,Office Supplies,Paper,7,2,0.0222,315.00,f
2017-12-30,UnitedStates-West-SanFrancisco-California,San Francisco,California,West,OFF-PA-10000380,"REDIFORM Incoming/Outgoing Call Register, 11"" X 8 1/2"", 100 Messages",Office Supplies,Paper,5,2,0.0667,75.00,f
2017-12-30,UnitedStates-West-SanFrancisco-California,San Francisco,California,West,OFF-PA-10001970,Xerox 1881,Office Supplies,Paper,5,2,0.0111,450.00,f
2017-12-30,UnitedStates-West-SanFrancisco-California,San Francisco,California,West,OFF-PA-10002137,"Southworth 100% Résumé Paper, 24lb.",Office Supplies,Paper,0,2,0.0111,0.00,t
2017-12-30,UnitedStates-West-SanFrancisco-California,San Francisco,California,West,OFF-PA-10002581,Xerox 1951,Office Supplies,Paper,5,2,0.0222,225.00,f
2017-12-30,UnitedStates-West-SanFrancisco-California,San Francisco,California,West,OFF-PA-10002615,"Ampad Gold Fibre Wirebound Steno Books, 6"" x 9"", Gregg Ruled",Office Supplies,Paper,2,2,0.0333,60.00,t
2017-12-30,UnitedStates-West-SanFrancisco-California,San Francisco,California,West,OFF-PA-10002764,Easy-staple paper,Office Supplies,Paper,7,2,0.0444,157.50,f
2017-12-30,UnitedStates-West-SanFrancisco-California,San Francisco,California,West,OFF-PA-10002893,"Wirebound Service Call Books, 5 1/2"" x 4""",Office Supplies,Paper,7,2,0.0111,630.00,f
2017-12-30,UnitedStates-West-SanFrancisco-California,San Francisco,California,West,OFF-PA-10003022,Xerox 1992,Office Supplies,Paper,8,2,0.1111,72.00,f
2017-12-30,UnitedStates-West-SanFrancisco-California,San Francisco,California,West,OFF-PA-10003129,Tops White Computer Printout Paper,Office Supplies,Paper,2,2,0.0556,36.00,t
2017-12-30,UnitedStates-West-SanFrancisco-California,San Francisco,California,West,OFF-PA-10003172,Xerox 1996,Office Supplies,Paper,5,2,0.0667,75.00,f
2017-12-30,UnitedStates-West-SanFrancisco-California,San Francisco,California,West,OFF-PA-10003424,"""While you Were Out"" Message Book, One Form per Page",Office Supplies,Paper,1,2,0.0222,45.00,t
2017-12-30,UnitedStates-West-SanFrancisco-California,San Francisco,California,West,OFF-PA-10003724,"Wirebound Message Book, 4 per Page",Office Supplies,Paper,5,2,0.0556,90.00,f
2017-12-30,UnitedStates-West-SanFrancisco-California,San Francisco,California,West,OFF-PA-10003893,Xerox 1962,Office Supplies,Paper,1,2,0.0222,45.00,t
2017-12-30,UnitedStates-West-SanFrancisco-California,San Francisco,California,West,OFF-PA-10004475,Xerox 1940,Office Supplies,Paper,6,2,0.0222,270.00,f
2017-12-30,UnitedStates-West-SanFrancisco-California,San Francisco,California,West,OFF-ST-10001325,Sterilite Officeware Hinged File Box,Office Supplies,Storage,2,2,0.0111,180.00,t
2017-12-30,UnitedStates-West-SanFrancisco-California,San Francisco,California,West,OFF-ST-10001837,"SAFCO Mobile Desk Side File, Wire Frame",Office Supplies,Storage,1,2,0.0111,90.00,t
2017-12-30,UnitedStates-West-SanFrancisco-California,San Francisco,California,West,OFF-ST-10003208,Adjustable Depth Letter/Legal Cart,Office Supplies,Storage,1,2,0.0444,22.50,t
2017-12-30,UnitedStates-West-SanFrancisco-California,San Francisco,California,West,OFF-ST-10004340,"Fellowes Mobile File Cart, Black",Office Supplies,Storage,9,2,0.1000,90.00,f
2017-12-30,UnitedStates-West-SanFrancisco-California,San Francisco,California,West,TEC-AC-10000158,Sony 64GB Class 10 Micro SDHC R40 Memory Card,Technology,Accessories,8,2,0.0556,144.00,f
2017-12-30,UnitedStates-West-SanFrancisco-California,San Francisco,California,West,TEC-AC-10001284,Enermax Briskie RF Wireless Keyboard and Mouse Combo,Technology,Accessories,8,2,0.0889,90.00,f
2017-12-30,UnitedStates-West-SanFrancisco-California,San Francisco,California,West,TEC-AC-10001772,Memorex Mini Travel Drive 16 GB USB 2.0 Flash Drive,Technology,Accessories,2,2,0.1556,12.86,t
2017-12-30,UnitedStates-West-SanFrancisco-California,San Francisco,California,West,TEC-AC-10003441,Kingston Digital DataTraveler 32GB USB 2.0,Technology,Accessories,2,2,0.0111,180.00,t
2017-12-30,UnitedStates-West-SanFrancisco-California,San Francisco,California,West,TEC-AC-10003614,"Verbatim 25 GB 6x Blu-ray Single Layer Recordable Disc, 10/Pack",Technology,Accessories,9,2,0.0444,202.50,f
2017-12-30,UnitedStates-West-SanFrancisco-California,San Francisco,California,West,TEC-AC-10003709,Maxell 4.7GB DVD-R 5/Pack,Technology,Accessories,4,2,0.0111,360.00,f
2017-12-30,UnitedStates-West-SanFrancisco-California,San Francisco,California,West,TEC-AC-10004708,Sony 32GB Class 10 Micro SDHC R40 Memory Card,Technology,Accessories,1,2,0.0556,18.00,t
2017-12-30,UnitedStates-West-SanFrancisco-California,San Francisco,California,West,TEC-AC-10004975,Plantronics Audio 995 Wireless Stereo Headset,Technology,Accessories,2,2,0.0444,45.00,t
2017-12-30,UnitedStates-West-SanFrancisco-California,San Francisco,California,West,TEC-CO-10004115,Sharp AL-1530CS Digital Copier,Technology,Copiers,3,2,0.0333,90.00,f
2017-12-30,UnitedStates-West-SanFrancisco-California,San Francisco,California,West,TEC-MA-10000488,Bady BDG101FRU Card Printer,Technology,Machines,8,2,0.0333,240.00,f
2017-12-30,UnitedStates-West-SanFrancisco-California,San Francisco,California,West,TEC-MA-10002930,Ricoh - Ink Collector Unit for GX3000 Series Printers,Technology,Machines,2,2,0.1222,16.36,t
2017-12-30,UnitedStates-West-SanFrancisco-California,San Francisco,California,West,TEC-PH-10003215,Jackery Bar Premium Fast-charging Portable Charger,Technology,Phones,9,2,0.0444,202.50,f
2017-12-30,UnitedStates-West-SanFrancisco-California,San Francisco,California,West,TEC-PH-10003505,Geemarc AmpliPOWER60,Technology,Phones,5,2,0.0222,225.00,f
2017-12-30,UnitedStates-West-SanJose-California,San Jose,California,West,FUR-CH-10000553,"Metal Folding Chairs, Beige, 4/Carton",Furniture,Chairs,8,2,0.0444,180.00,f
2017-12-30,UnitedStates-West-SanJose-California,San Jose,California,West,OFF-AP-10000576,Belkin 7 Outlet SurgeMaster II,Office Supplies,Appliances,7,2,0.0222,315.00,f
2017-12-30,UnitedStates-West-SanJose-California,San Jose,California,West,OFF-BI-10001922,Storex Dura Pro Binders,Office Supplies,Binders,4,2,0.1444,27.69,f
2017-12-30,UnitedStates-West-SanJose-California,San Jose,California,West,OFF-BI-10002012,Wilson Jones Easy Flow II Sheet Lifters,Office Supplies,Binders,6,2,0.0111,540.00,f
2017-12-30,UnitedStates-West-SantaClara-California,Santa Clara,California,West,OFF-PA-10002479,Xerox 4200 Series MultiUse Premium Copy Paper (20Lb. and 84 Bright),Office Supplies,Paper,1,2,0.0222,45.00,t
2017-12-30,UnitedStates-West-Scottsdale-Arizona,Scottsdale,Arizona,West,OFF-PA-10000062,Green Bar Computer Printout Paper,Office Supplies,Paper,4,2,0.0778,51.43,f
2017-12-30,UnitedStates-West-Seattle-Washington,Seattle,Washington,West,FUR-BO-10002598,"Hon Metal Bookcases, Putty",Furniture,Bookcases,2,2,0.0222,90.00,t
2017-12-30,UnitedStates-West-Seattle-Washington,Seattle,Washington,West,FUR-BO-10004467,Bestar Classic Bookcase,Furniture,Bookcases,2,2,0.0222,90.00,t
2017-12-30,UnitedStates-West-Seattle-Washington,Seattle,Washington,West,FUR-CH-10001215,Global Troy Executive Leather Low-Back Tilter,Furniture,Chairs,1,2,0.0667,15.00,t
2017-12-30,UnitedStates-West-Seattle-Washington,Seattle,Washington,West,FUR-CH-10001891,Global Deluxe Office Fabric Chairs,Furniture,Chairs,1,2,0.0444,22.50,t
2017-12-30,UnitedStates-West-Seattle-Washington,Seattle,Washington,West,FUR-CH-10003312,Hon 2090 “Pillow Soft” Series Mid Back Swivel/Tilt Chairs,Furniture,Chairs,1,2,0.0222,45.00,t
2017-12-30,UnitedStates-West-Seattle-Washington,Seattle,Washington,West,FUR-CH-10003833,Novimex Fabric Task Chair,Furniture,Chairs,3,2,0.0222,135.00,f
2017-12-30,UnitedStates-West-Seattle-Washington,Seattle,Washington,West,FUR-CH-10004289,Global Super Steno Chair,Furniture,Chairs,4,2,0.0889,45.00,f
2017-12-30,UnitedStates-West-Seattle-Washington,Seattle,Washington,West,FUR-CH-10004997,Hon Every-Day Series Multi-Task Chairs,Furniture,Chairs,1,2,0.0333,30.00,t
2017-12-30,UnitedStates-West-Seattle-Washington,Seattle,Washington,West,FUR-FU-10000023,Eldon Wave Desk Accessories,Furniture,Furnishings,8,2,0.1333,60.00,f
2017-12-30,UnitedStates-West-Seattle-Washington,Seattle,Washington,West,FUR-FU-10001935,3M Hangers With Command Adhesive,Furniture,Furnishings,1,2,0.0222,45.00,t
2017-12-30,UnitedStates-West-Seattle-Washington,Seattle,Washington,West,FUR-FU-10003096,"Master Giant Foot Doorstop, Safety Yellow",Furniture,Furnishings,0,2,0.0333,0.00,t
2017-12-30,UnitedStates-West-Seattle-Washington,Seattle,Washington,West,FUR-FU-10003268,Eldon Radial Chair Mat for Low to Medium Pile Carpets,Furniture,Furnishings,1,2,0.0556,18.00,t
2017-12-30,UnitedStates-West-Seattle-Washington,Seattle,Washington,West,FUR-FU-10003394,"Tenex ""The Solids"" Textured Chair Mats",Furniture,Furnishings,2,2,0.0222,90.00,t
2017-12-30,UnitedStates-West-Seattle-Washington,Seattle,Washington,West,FUR-TA-10002958,"Bevis Oval Conference Table, Walnut",Furniture,Tables,5,2,0.0222,225.00,f
2017-12-30,UnitedStates-West-Seattle-Washington,Seattle,Washington,West,FUR-TA-10004575,Hon 5100 Series Wood Tables,Furniture,Tables,9,2,0.0778,115.71,f
2017-12-30,UnitedStates-West-Seattle-Washington,Seattle,Washington,West,OFF-AR-10000315,"Dixon Ticonderoga Maple Cedar Pencil, #2",Office Supplies,Art,6,2,0.0333,180.00,f
2017-12-30,UnitedStates-West-Seattle-Washington,Seattle,Washington,West,OFF-AR-10000799,Col-Erase Pencils with Erasers,Office Supplies,Art,5,2,0.0333,150.00,f
2017-12-30,UnitedStates-West-Seattle-Washington,Seattle,Washington,West,OFF-BI-10000088,GBC Imprintable Covers,Office Supplies,Binders,1,2,0.0333,30.00,t
2017-12-30,UnitedStates-West-Seattle-Washington,Seattle,Washington,West,OFF-BI-10001107,"GBC White Gloss Covers, Plain Front",Office Supplies,Binders,8,2,0.0778,102.86,f
2017-12-30,UnitedStates-West-Seattle-Washington,Seattle,Washington,West,OFF-BI-10001116,"Wilson Jones 1"" Hanging DublLock Ring Binders",Office Supplies,Binders,0,2,0.0222,0.00,t
2017-12-30,UnitedStates-West-Seattle-Washington,Seattle,Washington,West,OFF-BI-10001524,GBC Premium Transparent Covers with Diagonal Lined Pattern,Office Supplies,Binders,7,2,0.0556,126.00,f
2017-12-30,UnitedStates-West-Seattle-Washington,Seattle,Washington,West,OFF-BI-10001543,GBC VeloBinder Manual Binding System,Office Supplies,Binders,6,2,0.0667,90.00,f
2017-12-30,UnitedStates-West-Seattle-Washington,Seattle,Washington,West,OFF-BI-10001718,GBC DocuBind P50 Personal Binding Machine,Office Supplies,Binders,9,2,0.1222,73.64,f
2017-12-30,UnitedStates-West-Seattle-Washington,Seattle,Washington,West,OFF-BI-10002003,Ibico Presentation Index for Binding Systems,Office Supplies,Binders,3,2,0.0556,54.00,f
2017-12-30,UnitedStates-West-Seattle-Washington,Seattle,Washington,West,OFF-BI-10002071,Fellowes Black Plastic Comb Bindings,Office Supplies,Binders,5,2,0.0222,225.00,f
2017-12-30,UnitedStates-West-Seattle-Washington,Seattle,Washington,West,OFF-BI-10002072,Cardinal Slant-D Ring Binders,Office Supplies,Binders,3,2,0.0222,135.00,f
2017-12-30,UnitedStates-West-Seattle-Washington,Seattle,Washington,West,OFF-BI-10002103,"Cardinal Slant-D Ring Binder, Heavy Gauge Vinyl",Office Supplies,Binders,5,2,0.0222,225.00,f
2017-12-30,UnitedStates-West-Seattle-Washington,Seattle,Washington,West,OFF-BI-10002393,Binder Posts,Office Supplies,Binders,8,2,0.0444,180.00,f
2017-12-30,UnitedStates-West-Seattle-Washington,Seattle,Washington,West,OFF-BI-10004330,"GBC Velobind Prepunched Cover Sets, Regency Series",Office Supplies,Binders,6,2,0.0333,180.00,f
2017-12-30,UnitedStates-West-Seattle-Washington,Seattle,Washington,West,OFF-FA-10000611,Binder Clips by OIC,Office Supplies,Fasteners,4,2,0.0222,180.00,f
2017-12-30,UnitedStates-West-Seattle-Washington,Seattle,Washington,West,OFF-FA-10002780,Staples,Office Supplies,Fasteners,4,2,0.0333,120.00,f
2017-12-30,UnitedStates-West-Seattle-Washington,Seattle,Washington,West,OFF-LA-10001613,Avery File Folder Labels,Office Supplies,Labels,6,2,0.0333,180.00,f
2017-12-30,UnitedStates-West-Seattle-Washington,Seattle,Washington,West,OFF-LA-10004853,Avery 483,Office Supplies,Labels,2,2,0.0222,90.00,t
2017-12-30,UnitedStates-West-Seattle-Washington,Seattle,Washington,West,OFF-PA-10000157,Xerox 191,Office Supplies,Paper,4,2,0.0778,51.43,f
2017-12-30,UnitedStates-West-Seattle-Washington,Seattle,Washington,West,OFF-PA-10000791,"Wirebound Message Books, Four 2 3/4 x 5 Forms per Page, 200 Sets per Book",Office Supplies,Paper,5,2,0.0556,90.00,f
2017-12-30,UnitedStates-West-Seattle-Washington,Seattle,Washington,West,OFF-PA-10001363,Xerox 1933,Office Supplies,Paper,2,2,0.0667,30.00,t
2017-12-30,UnitedStates-West-Seattle-Washington,Seattle,Washington,West,OFF-PA-10001593,Xerox 1947,Office Supplies,Paper,4,2,0.0778,51.43,f
2017-12-30,UnitedStates-West-Seattle-Washington,Seattle,Washington,West,OFF-PA-10004451,Xerox 222,Office Supplies,Paper,3,2,0.0333,90.00,f
2017-12-30,UnitedStates-West-Seattle-Washington,Seattle,Washington,West,OFF-PA-10004530,Personal Creations Ink Jet Cards and Labels,Office Supplies,Paper,10,2,0.0889,112.50,f
2017-12-30,UnitedStates-West-Seattle-Washington,Seattle,Washington,West,OFF-ST-10000060,Fellowes Bankers Box Staxonsteel Drawer File/Stacking System,Office Supplies,Storage,6,2,0.0556,108.00,f
2017-12-30,UnitedStates-West-Seattle-Washington,Seattle,Washington,West,OFF-ST-10000563,Fellowes Bankers Box Stor/Drawer Steel Plus,Office Supplies,Storage,2,2,0.0333,60.00,t
2017-12-30,UnitedStates-West-Seattle-Washington,Seattle,Washington,West,OFF-ST-10000991,Space Solutions HD Industrial Steel Shelving.,Office Supplies,Storage,4,2,0.0333,120.00,f
2017-12-30,UnitedStates-West-Seattle-Washington,Seattle,Washington,West,OFF-ST-10001097,Office Impressions Heavy Duty Welded Shelving & Multimedia Storage Drawers,Office Supplies,Storage,2,2,0.0667,30.00,t
2017-12-30,UnitedStates-West-Seattle-Washington,Seattle,Washington,West,OFF-ST-10001325,Sterilite Officeware Hinged File Box,Office Supplies,Storage,6,2,0.0333,180.00,f
2017-12-30,UnitedStates-West-Seattle-Washington,Seattle,Washington,West,OFF-ST-10002756,"Tennsco Stur-D-Stor Boltless Shelving, 5 Shelves, 24"" Deep, Sand",Office Supplies,Storage,1,2,0.0444,22.50,t
2017-12-30,UnitedStates-West-Seattle-Washington,Seattle,Washington,West,OFF-ST-10003123,Fellowes Bases and Tops For Staxonsteel/High-Stak Systems,Office Supplies,Storage,6,2,0.0111,540.00,f
2017-12-30,UnitedStates-West-Seattle-Washington,Seattle,Washington,West,OFF-ST-10003442,Eldon Portable Mobile Manager,Office Supplies,Storage,8,2,0.0667,120.00,f
2017-12-30,UnitedStates-West-Seattle-Washington,Seattle,Washington,West,OFF-SU-10000381,Acme Forged Steel Scissors with Black Enamel Handles,Office Supplies,Supplies,5,2,0.0333,150.00,f
2017-12-30,UnitedStates-West-Seattle-Washington,Seattle,Washington,West,TEC-AC-10001465,SanDisk Cruzer 64 GB USB Flash Drive,Technology,Accessories,3,2,0.0333,90.00,f
2017-12-30,UnitedStates-West-Seattle-Washington,Seattle,Washington,West,TEC-AC-10002345,HP Standard 104 key PS/2 Keyboard,Technology,Accessories,8,2,0.0333,240.00,f
2017-12-30,UnitedStates-West-Seattle-Washington,Seattle,Washington,West,TEC-AC-10003832,Logitech P710e Mobile Speakerphone,Technology,Accessories,6,2,0.0444,135.00,f
2017-12-30,UnitedStates-West-Seattle-Washington,Seattle,Washington,West,TEC-AC-10004510,Logitech Desktop MK120 Mouse and keyboard Combo,Technology,Accessories,5,2,0.0333,150.00,f
2017-12-30,UnitedStates-West-Seattle-Washington,Seattle,Washington,West,TEC-PH-10000148,Cyber Acoustics AC-202b Speech Recognition Stereo Headset,Technology,Phones,7,2,0.0333,210.00,f
2017-12-30,UnitedStates-West-Seattle-Washington,Seattle,Washington,West,TEC-PH-10003171,Plantronics Encore H101 Dual Earpieces Headset,Technology,Phones,8,2,0.0333,240.00,f
2017-12-30,UnitedStates-West-Seattle-Washington,Seattle,Washington,West,TEC-PH-10003800,i.Sound Portable Power - 8000 mAh,Technology,Phones,1,2,0.0222,45.00,t
2017-12-30,UnitedStates-West-Spokane-Washington,Spokane,Washington,West,FUR-TA-10004767,Safco Drafting Table,Furniture,Tables,7,2,0.0111,630.00,f
2017-12-30,UnitedStates-West-Springfield-Oregon,Springfield,Oregon,West,FUR-BO-10001972,O'Sullivan 4-Shelf Bookcase in Odessa Pine,Furniture,Bookcases,7,2,0.0667,105.00,f
2017-12-30,UnitedStates-West-Springfield-Oregon,Springfield,Oregon,West,FUR-CH-10000155,Global Comet Stacking Armless Chair,Furniture,Chairs,1,2,0.0222,45.00,t
2017-12-30,UnitedStates-West-Springfield-Oregon,Springfield,Oregon,West,OFF-AR-10003727,Berol Giant Pencil Sharpener,Office Supplies,Art,5,2,0.0778,64.29,f
2017-12-30,UnitedStates-West-Springfield-Oregon,Springfield,Oregon,West,OFF-BI-10003676,"GBC Standard Recycled Report Covers, Clear Plastic Sheets",Office Supplies,Binders,7,2,0.0778,90.00,f
2017-12-30,UnitedStates-West-Springfield-Oregon,Springfield,Oregon,West,OFF-PA-10003953,Xerox 218,Office Supplies,Paper,1,2,0.0111,90.00,t
2017-12-30,UnitedStates-West-Springfield-Oregon,Springfield,Oregon,West,OFF-SU-10004664,Acme Softgrip Scissors,Office Supplies,Supplies,5,2,0.0667,75.00,f
2017-12-30,UnitedStates-West-Springfield-Oregon,Springfield,Oregon,West,TEC-AC-10003116,Memorex Froggy Flash Drive 8 GB,Technology,Accessories,6,2,0.0222,270.00,f
2017-12-30,UnitedStates-West-Stockton-California,Stockton,California,West,FUR-FU-10003394,"Tenex ""The Solids"" Textured Chair Mats",Furniture,Furnishings,7,2,0.1000,70.00,f
2017-12-30,UnitedStates-West-Stockton-California,Stockton,California,West,OFF-PA-10002005,Xerox 225,Office Supplies,Paper,7,2,0.0222,315.00,f
2017-12-30,UnitedStates-West-Stockton-California,Stockton,California,West,TEC-PH-10003215,Jackery Bar Premium Fast-charging Portable Charger,Technology,Phones,1,2,0.0444,22.50,t
2017-12-30,UnitedStates-West-Sunnyvale-California,Sunnyvale,California,West,FUR-CH-10003061,"Global Leather Task Chair, Black",Furniture,Chairs,2,2,0.0333,60.00,t
2017-12-30,UnitedStates-West-Sunnyvale-California,Sunnyvale,California,West,OFF-AR-10001988,Bulldog Table or Wall-Mount Pencil Sharpener,Office Supplies,Art,9,2,0.0556,162.00,f
2017-12-30,UnitedStates-West-Sunnyvale-California,Sunnyvale,California,West,OFF-BI-10003196,Accohide Poly Flexible Ring Binders,Office Supplies,Binders,4,2,0.0222,180.00,f
2017-12-30,UnitedStates-West-Sunnyvale-California,Sunnyvale,California,West,OFF-LA-10003498,Avery 475,Office Supplies,Labels,1,2,0.0333,30.00,t
2017-12-30,UnitedStates-West-Sunnyvale-California,Sunnyvale,California,West,TEC-AC-10000057,Microsoft Natural Ergonomic Keyboard 4000,Technology,Accessories,3,2,0.0556,54.00,f
2017-12-30,UnitedStates-West-Sunnyvale-California,Sunnyvale,California,West,TEC-AC-10000358,Imation Secure Drive + Hardware Encrypted USB flash drive - 16 GB,Technology,Accessories,3,2,0.0556,54.00,f
2017-12-30,UnitedStates-West-Tempe-Arizona,Tempe,Arizona,West,TEC-AC-10004227,SanDisk Ultra 16 GB MicroSDHC Class 10 Memory Card,Technology,Accessories,7,2,0.0667,105.00,f
2017-12-30,UnitedStates-West-Thornton-Colorado,Thornton,Colorado,West,FUR-FU-10004053,DAX Two-Tone Silver Metal Document Frame,Furniture,Furnishings,2,2,0.0111,180.00,t
2017-12-30,UnitedStates-West-Thornton-Colorado,Thornton,Colorado,West,FUR-FU-10004270,"Eldon Image Series Desk Accessories, Burgundy",Furniture,Furnishings,6,2,0.0556,108.00,f
2017-12-30,UnitedStates-West-Thornton-Colorado,Thornton,Colorado,West,FUR-FU-10004351,Staple-based wall hangings,Furniture,Furnishings,3,2,0.0333,90.00,f
2017-12-30,UnitedStates-West-Thornton-Colorado,Thornton,Colorado,West,OFF-AR-10003856,Newell 344,Office Supplies,Art,6,2,0.0667,90.00,f
2017-12-30,UnitedStates-West-Thornton-Colorado,Thornton,Colorado,West,OFF-PA-10002246,"Wirebound Four 2-3/4 x 5 Forms per Page, 400 Sets per Book",Office Supplies,Paper,2,2,0.0222,90.00,t
2017-12-30,UnitedStates-West-Thornton-Colorado,Thornton,Colorado,West,OFF-SU-10004782,"Elite 5"" Scissors",Office Supplies,Supplies,6,2,0.0778,77.14,f
2017-12-30,UnitedStates-West-Thornton-Colorado,Thornton,Colorado,West,TEC-AC-10002006,Memorex Micro Travel Drive 16 GB,Technology,Accessories,13,2,0.1556,83.57,f
2017-12-30,UnitedStates-West-ThousandOaks-California,Thousand Oaks,California,West,FUR-FU-10000087,"Executive Impressions 14"" Two-Color Numerals Wall Clock",Furniture,Furnishings,1,2,0.0111,90.00,t
2017-12-30,UnitedStates-West-ThousandOaks-California,Thousand Oaks,California,West,OFF-LA-10003510,"Avery 4027 File Folder Labels for Dot Matrix Printers, 5000 Labels per Box, White",Office Supplies,Labels,4,2,0.0556,72.00,f
2017-12-30,UnitedStates-West-Tucson-Arizona,Tucson,Arizona,West,FUR-CH-10003312,Hon 2090 “Pillow Soft” Series Mid Back Swivel/Tilt Chairs,Furniture,Chairs,6,2,0.0444,135.00,f
2017-12-30,UnitedStates-West-Tucson-Arizona,Tucson,Arizona,West,OFF-BI-10001036,Cardinal EasyOpen D-Ring Binders,Office Supplies,Binders,6,2,0.1556,38.57,f
2017-12-30,UnitedStates-West-Tucson-Arizona,Tucson,Arizona,West,TEC-AC-10001314,Case Logic 2.4GHz Wireless Keyboard,Technology,Accessories,7,2,0.0667,105.00,f
2017-12-30,UnitedStates-West-Tucson-Arizona,Tucson,Arizona,West,TEC-MA-10003183,DYMO CardScan Personal V9 Business Card Scanner,Technology,Machines,4,2,0.0222,180.00,f
2017-12-30,UnitedStates-West-Tucson-Arizona,Tucson,Arizona,West,TEC-PH-10002563,Adtran 1202752G1,Technology,Phones,6,2,0.0222,270.00,f
2017-12-30,UnitedStates-West-Vancouver-Washington,Vancouver,Washington,West,FUR-FU-10002885,Magna Visual Magnetic Picture Hangers,Furniture,Furnishings,5,2,0.0222,225.00,f
2017-12-30,UnitedStates-West-Westminster-California,Westminster,California,West,TEC-PH-10000376,Square Credit Card Reader,Technology,Phones,1,2,0.0444,22.50,t
2017-12-30,UnitedStates-West-Whittier-California,Whittier,California,West,TEC-PH-10001918,Nortel Business Series Terminal T7208 Digital phone,Technology,Phones,8,2,0.0444,180.00,f
2017-12-30,UnitedStates-West-Woodland-California,Woodland,California,West,OFF-BI-10001787,Wilson Jones Four-Pocket Poly Binders,Office Supplies,Binders,4,2,0.0444,90.00,f
2017-12-30,UnitedStates-West-Woodland-California,Woodland,California,West,OFF-LA-10003714,Avery 510,Office Supplies,Labels,0,2,0.0111,0.00,t
2017-12-30,UnitedStates-West-Yuma-Arizona,Yuma,Arizona,West,TEC-MA-10001148,Swingline SM12-08 MicroCut Jam Free Shredder,Technology,Machines,3,2,0.0556,54.00,f
